fecha_venta,nombre_plato,categoria_plato,cantidad_vendida,tipo_venta,precio_unitario,dia_semana,tipo_dia
2024-04-02,Lengua en salsa,Sopas,1,mesa,60000,Martes,entre_semana
2024-04-02,Lengua en salsa,Sopas,1,domicilio,60000,Martes,entre_semana
2024-04-02,Sancocho de Gallina,Sopas,3,mesa,60000,Martes,entre_semana
2024-04-02,Sancocho de Gallina,Sopas,3,domicilio,60000,Martes,entre_semana
2024-04-02,Frijoles con Pezuña,Sopas,3,mesa,50000,Martes,entre_semana
2024-04-02,Frijoles con Pezuña,Sopas,2,domicilio,50000,Martes,entre_semana
2024-04-02,Pata,Sopas,1,mesa,27000,Martes,entre_semana
2024-04-02,Pata,Sopas,1,domicilio,27000,Martes,entre_semana
2024-04-02,Cola de Buey,Sopas,3,mesa,60000,Martes,entre_semana
2024-04-02,Cola de Buey,Sopas,3,domicilio,60000,Martes,entre_semana
2024-04-02,Cazuela de Mariscos,Sopas,1,mesa,53000,Martes,entre_semana
2024-04-02,Cazuela de Mariscos,Sopas,1,domicilio,53000,Martes,entre_semana
2024-04-02,Carne Asada (Chatas),Carnes,7,mesa,56000,Martes,entre_semana
2024-04-02,Carne Asada (Chatas),Carnes,8,domicilio,56000,Martes,entre_semana
2024-04-02,Carne Oreada,Carnes,3,mesa,56000,Martes,entre_semana
2024-04-02,Carne Oreada,Carnes,3,domicilio,56000,Martes,entre_semana
2024-04-02,Cabro con Pepitoria,Carnes,8,mesa,56000,Martes,entre_semana
2024-04-02,Cabro con Pepitoria,Carnes,9,domicilio,56000,Martes,entre_semana
2024-04-02,Costillas de Cerdo,Carnes,6,mesa,54000,Martes,entre_semana
2024-04-02,Costillas de Cerdo,Carnes,5,domicilio,54000,Martes,entre_semana
2024-04-02,Lomo de Cerdo,Carnes,4,mesa,54000,Martes,entre_semana
2024-04-02,Lomo de Cerdo,Carnes,4,domicilio,54000,Martes,entre_semana
2024-04-02,Sobrebarriga,Carnes,9,mesa,54000,Martes,entre_semana
2024-04-02,Sobrebarriga,Carnes,9,domicilio,54000,Martes,entre_semana
2024-04-02,Pechuga Asada,Carnes,2,mesa,52000,Martes,entre_semana
2024-04-02,Pechuga Asada,Carnes,4,domicilio,52000,Martes,entre_semana
2024-04-02,Mojarra 2en1,Pescados,3,mesa,50000,Martes,entre_semana
2024-04-02,Mojarra 2en1,Pescados,3,domicilio,50000,Martes,entre_semana
2024-04-02,Trucha 2en1,Pescados,1,mesa,50000,Martes,entre_semana
2024-04-02,Trucha 2en1,Pescados,1,domicilio,50000,Martes,entre_semana
2024-04-02,Tierra Aire Mar,Pescados,1,domicilio,90000,Martes,entre_semana
2024-04-02,Arroz con Pollo,Arroces,8,mesa,45000,Martes,entre_semana
2024-04-02,Arroz con Pollo,Arroces,10,domicilio,45000,Martes,entre_semana
2024-04-02,Almuerzo Ejecutivo,Corrientes,43,mesa,25000,Martes,entre_semana
2024-04-02,Almuerzo Ejecutivo,Corrientes,46,domicilio,25000,Martes,entre_semana
2024-04-03,Lengua en salsa,Sopas,1,mesa,60000,Miércoles,entre_semana
2024-04-03,Lengua en salsa,Sopas,1,domicilio,60000,Miércoles,entre_semana
2024-04-03,Sancocho de Gallina,Sopas,3,mesa,60000,Miércoles,entre_semana
2024-04-03,Sancocho de Gallina,Sopas,3,domicilio,60000,Miércoles,entre_semana
2024-04-03,Frijoles con Pezuña,Sopas,3,mesa,50000,Miércoles,entre_semana
2024-04-03,Frijoles con Pezuña,Sopas,2,domicilio,50000,Miércoles,entre_semana
2024-04-03,Pata,Sopas,1,mesa,27000,Miércoles,entre_semana
2024-04-03,Pata,Sopas,1,domicilio,27000,Miércoles,entre_semana
2024-04-03,Cola de Buey,Sopas,2,mesa,60000,Miércoles,entre_semana
2024-04-03,Cola de Buey,Sopas,4,domicilio,60000,Miércoles,entre_semana
2024-04-03,Cazuela de Mariscos,Sopas,1,mesa,53000,Miércoles,entre_semana
2024-04-03,Cazuela de Mariscos,Sopas,1,domicilio,53000,Miércoles,entre_semana
2024-04-03,Carne Asada (Chatas),Carnes,9,mesa,56000,Miércoles,entre_semana
2024-04-03,Carne Asada (Chatas),Carnes,9,domicilio,56000,Miércoles,entre_semana
2024-04-03,Carne Oreada,Carnes,3,mesa,56000,Miércoles,entre_semana
2024-04-03,Carne Oreada,Carnes,3,domicilio,56000,Miércoles,entre_semana
2024-04-03,Cabro con Pepitoria,Carnes,8,mesa,56000,Miércoles,entre_semana
2024-04-03,Cabro con Pepitoria,Carnes,11,domicilio,56000,Miércoles,entre_semana
2024-04-03,Costillas de Cerdo,Carnes,5,mesa,54000,Miércoles,entre_semana
2024-04-03,Costillas de Cerdo,Carnes,6,domicilio,54000,Miércoles,entre_semana
2024-04-03,Lomo de Cerdo,Carnes,3,mesa,54000,Miércoles,entre_semana
2024-04-03,Lomo de Cerdo,Carnes,4,domicilio,54000,Miércoles,entre_semana
2024-04-03,Sobrebarriga,Carnes,9,mesa,54000,Miércoles,entre_semana
2024-04-03,Sobrebarriga,Carnes,10,domicilio,54000,Miércoles,entre_semana
2024-04-03,Pechuga Asada,Carnes,2,mesa,52000,Miércoles,entre_semana
2024-04-03,Pechuga Asada,Carnes,4,domicilio,52000,Miércoles,entre_semana
2024-04-03,Mojarra 2en1,Pescados,4,mesa,50000,Miércoles,entre_semana
2024-04-03,Mojarra 2en1,Pescados,4,domicilio,50000,Miércoles,entre_semana
2024-04-03,Trucha 2en1,Pescados,1,mesa,50000,Miércoles,entre_semana
2024-04-03,Trucha 2en1,Pescados,1,domicilio,50000,Miércoles,entre_semana
2024-04-03,Tierra Aire Mar,Pescados,1,domicilio,90000,Miércoles,entre_semana
2024-04-03,Arroz con Pollo,Arroces,7,mesa,45000,Miércoles,entre_semana
2024-04-03,Arroz con Pollo,Arroces,7,domicilio,45000,Miércoles,entre_semana
2024-04-03,Almuerzo Ejecutivo,Corrientes,40,mesa,25000,Miércoles,entre_semana
2024-04-03,Almuerzo Ejecutivo,Corrientes,53,domicilio,25000,Miércoles,entre_semana
2024-04-04,Lengua en salsa,Sopas,1,mesa,60000,Jueves,entre_semana
2024-04-04,Lengua en salsa,Sopas,1,domicilio,60000,Jueves,entre_semana
2024-04-04,Sancocho de Gallina,Sopas,3,mesa,60000,Jueves,entre_semana
2024-04-04,Sancocho de Gallina,Sopas,3,domicilio,60000,Jueves,entre_semana
2024-04-04,Frijoles con Pezuña,Sopas,3,mesa,50000,Jueves,entre_semana
2024-04-04,Frijoles con Pezuña,Sopas,2,domicilio,50000,Jueves,entre_semana
2024-04-04,Pata,Sopas,1,mesa,27000,Jueves,entre_semana
2024-04-04,Pata,Sopas,1,domicilio,27000,Jueves,entre_semana
2024-04-04,Cola de Buey,Sopas,3,mesa,60000,Jueves,entre_semana
2024-04-04,Cola de Buey,Sopas,4,domicilio,60000,Jueves,entre_semana
2024-04-04,Cazuela de Mariscos,Sopas,1,mesa,53000,Jueves,entre_semana
2024-04-04,Cazuela de Mariscos,Sopas,1,domicilio,53000,Jueves,entre_semana
2024-04-04,Carne Asada (Chatas),Carnes,9,mesa,56000,Jueves,entre_semana
2024-04-04,Carne Asada (Chatas),Carnes,8,domicilio,56000,Jueves,entre_semana
2024-04-04,Carne Oreada,Carnes,4,mesa,56000,Jueves,entre_semana
2024-04-04,Carne Oreada,Carnes,3,domicilio,56000,Jueves,entre_semana
2024-04-04,Cabro con Pepitoria,Carnes,8,mesa,56000,Jueves,entre_semana
2024-04-04,Cabro con Pepitoria,Carnes,7,domicilio,56000,Jueves,entre_semana
2024-04-04,Costillas de Cerdo,Carnes,4,mesa,54000,Jueves,entre_semana
2024-04-04,Costillas de Cerdo,Carnes,6,domicilio,54000,Jueves,entre_semana
2024-04-04,Lomo de Cerdo,Carnes,4,mesa,54000,Jueves,entre_semana
2024-04-04,Lomo de Cerdo,Carnes,4,domicilio,54000,Jueves,entre_semana
2024-04-04,Sobrebarriga,Carnes,8,mesa,54000,Jueves,entre_semana
2024-04-04,Sobrebarriga,Carnes,10,domicilio,54000,Jueves,entre_semana
2024-04-04,Pechuga Asada,Carnes,2,mesa,52000,Jueves,entre_semana
2024-04-04,Pechuga Asada,Carnes,4,domicilio,52000,Jueves,entre_semana
2024-04-04,Mojarra 2en1,Pescados,5,mesa,50000,Jueves,entre_semana
2024-04-04,Mojarra 2en1,Pescados,5,domicilio,50000,Jueves,entre_semana
2024-04-04,Trucha 2en1,Pescados,1,mesa,50000,Jueves,entre_semana
2024-04-04,Trucha 2en1,Pescados,1,domicilio,50000,Jueves,entre_semana
2024-04-04,Tierra Aire Mar,Pescados,1,domicilio,90000,Jueves,entre_semana
2024-04-04,Arroz con Pollo,Arroces,7,mesa,45000,Jueves,entre_semana
2024-04-04,Arroz con Pollo,Arroces,8,domicilio,45000,Jueves,entre_semana
2024-04-04,Almuerzo Ejecutivo,Corrientes,38,mesa,25000,Jueves,entre_semana
2024-04-04,Almuerzo Ejecutivo,Corrientes,44,domicilio,25000,Jueves,entre_semana
2024-04-05,Lengua en salsa,Sopas,1,mesa,60000,Viernes,entre_semana
2024-04-05,Lengua en salsa,Sopas,1,domicilio,60000,Viernes,entre_semana
2024-04-05,Sancocho de Gallina,Sopas,3,mesa,60000,Viernes,entre_semana
2024-04-05,Sancocho de Gallina,Sopas,3,domicilio,60000,Viernes,entre_semana
2024-04-05,Frijoles con Pezuña,Sopas,3,mesa,50000,Viernes,entre_semana
2024-04-05,Frijoles con Pezuña,Sopas,2,domicilio,50000,Viernes,entre_semana
2024-04-05,Pata,Sopas,1,mesa,27000,Viernes,entre_semana
2024-04-05,Pata,Sopas,1,domicilio,27000,Viernes,entre_semana
2024-04-05,Cola de Buey,Sopas,3,mesa,60000,Viernes,entre_semana
2024-04-05,Cola de Buey,Sopas,4,domicilio,60000,Viernes,entre_semana
2024-04-05,Cazuela de Mariscos,Sopas,1,mesa,53000,Viernes,entre_semana
2024-04-05,Cazuela de Mariscos,Sopas,1,domicilio,53000,Viernes,entre_semana
2024-04-05,Carne Asada (Chatas),Carnes,10,mesa,56000,Viernes,entre_semana
2024-04-05,Carne Asada (Chatas),Carnes,9,domicilio,56000,Viernes,entre_semana
2024-04-05,Carne Oreada,Carnes,3,mesa,56000,Viernes,entre_semana
2024-04-05,Carne Oreada,Carnes,3,domicilio,56000,Viernes,entre_semana
2024-04-05,Cabro con Pepitoria,Carnes,7,mesa,56000,Viernes,entre_semana
2024-04-05,Cabro con Pepitoria,Carnes,8,domicilio,56000,Viernes,entre_semana
2024-04-05,Costillas de Cerdo,Carnes,4,mesa,54000,Viernes,entre_semana
2024-04-05,Costillas de Cerdo,Carnes,7,domicilio,54000,Viernes,entre_semana
2024-04-05,Lomo de Cerdo,Carnes,5,mesa,54000,Viernes,entre_semana
2024-04-05,Lomo de Cerdo,Carnes,5,domicilio,54000,Viernes,entre_semana
2024-04-05,Sobrebarriga,Carnes,9,mesa,54000,Viernes,entre_semana
2024-04-05,Sobrebarriga,Carnes,8,domicilio,54000,Viernes,entre_semana
2024-04-05,Pechuga Asada,Carnes,2,mesa,52000,Viernes,entre_semana
2024-04-05,Pechuga Asada,Carnes,5,domicilio,52000,Viernes,entre_semana
2024-04-05,Mojarra 2en1,Pescados,3,mesa,50000,Viernes,entre_semana
2024-04-05,Mojarra 2en1,Pescados,4,domicilio,50000,Viernes,entre_semana
2024-04-05,Trucha 2en1,Pescados,1,mesa,50000,Viernes,entre_semana
2024-04-05,Trucha 2en1,Pescados,1,domicilio,50000,Viernes,entre_semana
2024-04-05,Tierra Aire Mar,Pescados,1,domicilio,90000,Viernes,entre_semana
2024-04-05,Arroz con Pollo,Arroces,8,mesa,45000,Viernes,entre_semana
2024-04-05,Arroz con Pollo,Arroces,8,domicilio,45000,Viernes,entre_semana
2024-04-05,Almuerzo Ejecutivo,Corrientes,41,mesa,25000,Viernes,entre_semana
2024-04-05,Almuerzo Ejecutivo,Corrientes,52,domicilio,25000,Viernes,entre_semana
2024-04-06,Lengua en salsa,Sopas,2,mesa,60000,Sábado,sabado
2024-04-06,Lengua en salsa,Sopas,2,domicilio,60000,Sábado,sabado
2024-04-06,Mute,Sopas,18,mesa,30000,Sábado,sabado
2024-04-06,Mute,Sopas,15,domicilio,30000,Sábado,sabado
2024-04-06,Sancocho de Gallina,Sopas,11,mesa,60000,Sábado,sabado
2024-04-06,Sancocho de Gallina,Sopas,9,domicilio,60000,Sábado,sabado
2024-04-06,Frijoles con Pezuña,Sopas,5,mesa,50000,Sábado,sabado
2024-04-06,Frijoles con Pezuña,Sopas,4,domicilio,50000,Sábado,sabado
2024-04-06,Pata,Sopas,3,mesa,27000,Sábado,sabado
2024-04-06,Pata,Sopas,2,domicilio,27000,Sábado,sabado
2024-04-06,Cola de Buey,Sopas,4,mesa,60000,Sábado,sabado
2024-04-06,Cola de Buey,Sopas,7,domicilio,60000,Sábado,sabado
2024-04-06,Cazuela de Mariscos,Sopas,2,mesa,53000,Sábado,sabado
2024-04-06,Cazuela de Mariscos,Sopas,2,domicilio,53000,Sábado,sabado
2024-04-06,Carne Asada (Chatas),Carnes,12,mesa,56000,Sábado,sabado
2024-04-06,Carne Asada (Chatas),Carnes,12,domicilio,56000,Sábado,sabado
2024-04-06,Carne Oreada,Carnes,5,mesa,56000,Sábado,sabado
2024-04-06,Carne Oreada,Carnes,4,domicilio,56000,Sábado,sabado
2024-04-06,Cabro con Pepitoria,Carnes,12,mesa,56000,Sábado,sabado
2024-04-06,Cabro con Pepitoria,Carnes,16,domicilio,56000,Sábado,sabado
2024-04-06,Costillas de Cerdo,Carnes,9,mesa,54000,Sábado,sabado
2024-04-06,Costillas de Cerdo,Carnes,8,domicilio,54000,Sábado,sabado
2024-04-06,Lomo de Cerdo,Carnes,6,mesa,54000,Sábado,sabado
2024-04-06,Lomo de Cerdo,Carnes,6,domicilio,54000,Sábado,sabado
2024-04-06,Sobrebarriga,Carnes,13,mesa,54000,Sábado,sabado
2024-04-06,Sobrebarriga,Carnes,13,domicilio,54000,Sábado,sabado
2024-04-06,Pechuga Asada,Carnes,5,mesa,52000,Sábado,sabado
2024-04-06,Pechuga Asada,Carnes,6,domicilio,52000,Sábado,sabado
2024-04-06,Mojarra 2en1,Pescados,8,mesa,50000,Sábado,sabado
2024-04-06,Mojarra 2en1,Pescados,8,domicilio,50000,Sábado,sabado
2024-04-06,Trucha 2en1,Pescados,2,mesa,50000,Sábado,sabado
2024-04-06,Trucha 2en1,Pescados,2,domicilio,50000,Sábado,sabado
2024-04-06,Tierra Aire Mar,Pescados,1,mesa,90000,Sábado,sabado
2024-04-06,Tierra Aire Mar,Pescados,1,domicilio,90000,Sábado,sabado
2024-04-06,Arroz con Pollo,Arroces,13,mesa,45000,Sábado,sabado
2024-04-06,Arroz con Pollo,Arroces,12,domicilio,45000,Sábado,sabado
2024-04-06,Almuerzo Ejecutivo,Corrientes,43,domicilio,25000,Sábado,sabado
2024-04-07,Lengua en salsa,Sopas,5,mesa,60000,Domingo,domingo
2024-04-07,Lengua en salsa,Sopas,3,domicilio,60000,Domingo,domingo
2024-04-07,Mute,Sopas,38,mesa,30000,Domingo,domingo
2024-04-07,Mute,Sopas,28,domicilio,30000,Domingo,domingo
2024-04-07,Sancocho de Gallina,Sopas,29,mesa,60000,Domingo,domingo
2024-04-07,Sancocho de Gallina,Sopas,18,domicilio,60000,Domingo,domingo
2024-04-07,Pata,Sopas,5,mesa,27000,Domingo,domingo
2024-04-07,Pata,Sopas,4,domicilio,27000,Domingo,domingo
2024-04-07,Cola de Buey,Sopas,10,mesa,60000,Domingo,domingo
2024-04-07,Cola de Buey,Sopas,14,domicilio,60000,Domingo,domingo
2024-04-07,Cazuela de Mariscos,Sopas,4,mesa,53000,Domingo,domingo
2024-04-07,Cazuela de Mariscos,Sopas,4,domicilio,53000,Domingo,domingo
2024-04-07,Carne Asada (Chatas),Carnes,27,mesa,56000,Domingo,domingo
2024-04-07,Carne Asada (Chatas),Carnes,31,domicilio,56000,Domingo,domingo
2024-04-07,Carne Oreada,Carnes,11,mesa,56000,Domingo,domingo
2024-04-07,Carne Oreada,Carnes,7,domicilio,56000,Domingo,domingo
2024-04-07,Cabro con Pepitoria,Carnes,34,mesa,56000,Domingo,domingo
2024-04-07,Cabro con Pepitoria,Carnes,31,domicilio,56000,Domingo,domingo
2024-04-07,Costillas de Cerdo,Carnes,18,mesa,54000,Domingo,domingo
2024-04-07,Costillas de Cerdo,Carnes,23,domicilio,54000,Domingo,domingo
2024-04-07,Lomo de Cerdo,Carnes,15,mesa,54000,Domingo,domingo
2024-04-07,Lomo de Cerdo,Carnes,10,domicilio,54000,Domingo,domingo
2024-04-07,Sobrebarriga,Carnes,30,mesa,54000,Domingo,domingo
2024-04-07,Sobrebarriga,Carnes,27,domicilio,54000,Domingo,domingo
2024-04-07,Pechuga Asada,Carnes,8,mesa,52000,Domingo,domingo
2024-04-07,Pechuga Asada,Carnes,10,domicilio,52000,Domingo,domingo
2024-04-07,Mojarra 2en1,Pescados,14,mesa,50000,Domingo,domingo
2024-04-07,Mojarra 2en1,Pescados,18,domicilio,50000,Domingo,domingo
2024-04-07,Trucha 2en1,Pescados,4,mesa,50000,Domingo,domingo
2024-04-07,Trucha 2en1,Pescados,4,domicilio,50000,Domingo,domingo
2024-04-07,Tierra Aire Mar,Pescados,2,mesa,90000,Domingo,domingo
2024-04-07,Tierra Aire Mar,Pescados,2,domicilio,90000,Domingo,domingo
2024-04-07,Arroz con Pollo,Arroces,30,mesa,45000,Domingo,domingo
2024-04-07,Arroz con Pollo,Arroces,30,domicilio,45000,Domingo,domingo
2024-04-09,Lengua en salsa,Sopas,1,mesa,60000,Martes,entre_semana
2024-04-09,Lengua en salsa,Sopas,1,domicilio,60000,Martes,entre_semana
2024-04-09,Sancocho de Gallina,Sopas,3,mesa,60000,Martes,entre_semana
2024-04-09,Sancocho de Gallina,Sopas,3,domicilio,60000,Martes,entre_semana
2024-04-09,Frijoles con Pezuña,Sopas,4,mesa,50000,Martes,entre_semana
2024-04-09,Frijoles con Pezuña,Sopas,2,domicilio,50000,Martes,entre_semana
2024-04-09,Pata,Sopas,1,mesa,27000,Martes,entre_semana
2024-04-09,Pata,Sopas,1,domicilio,27000,Martes,entre_semana
2024-04-09,Cola de Buey,Sopas,2,mesa,60000,Martes,entre_semana
2024-04-09,Cola de Buey,Sopas,4,domicilio,60000,Martes,entre_semana
2024-04-09,Cazuela de Mariscos,Sopas,1,mesa,53000,Martes,entre_semana
2024-04-09,Cazuela de Mariscos,Sopas,1,domicilio,53000,Martes,entre_semana
2024-04-09,Carne Asada (Chatas),Carnes,8,mesa,56000,Martes,entre_semana
2024-04-09,Carne Asada (Chatas),Carnes,11,domicilio,56000,Martes,entre_semana
2024-04-09,Carne Oreada,Carnes,2,mesa,56000,Martes,entre_semana
2024-04-09,Carne Oreada,Carnes,3,domicilio,56000,Martes,entre_semana
2024-04-09,Cabro con Pepitoria,Carnes,9,mesa,56000,Martes,entre_semana
2024-04-09,Cabro con Pepitoria,Carnes,10,domicilio,56000,Martes,entre_semana
2024-04-09,Costillas de Cerdo,Carnes,4,mesa,54000,Martes,entre_semana
2024-04-09,Costillas de Cerdo,Carnes,5,domicilio,54000,Martes,entre_semana
2024-04-09,Lomo de Cerdo,Carnes,5,mesa,54000,Martes,entre_semana
2024-04-09,Lomo de Cerdo,Carnes,4,domicilio,54000,Martes,entre_semana
2024-04-09,Sobrebarriga,Carnes,10,mesa,54000,Martes,entre_semana
2024-04-09,Sobrebarriga,Carnes,10,domicilio,54000,Martes,entre_semana
2024-04-09,Pechuga Asada,Carnes,2,mesa,52000,Martes,entre_semana
2024-04-09,Pechuga Asada,Carnes,4,domicilio,52000,Martes,entre_semana
2024-04-09,Mojarra 2en1,Pescados,4,mesa,50000,Martes,entre_semana
2024-04-09,Mojarra 2en1,Pescados,5,domicilio,50000,Martes,entre_semana
2024-04-09,Trucha 2en1,Pescados,1,mesa,50000,Martes,entre_semana
2024-04-09,Trucha 2en1,Pescados,1,domicilio,50000,Martes,entre_semana
2024-04-09,Tierra Aire Mar,Pescados,1,domicilio,90000,Martes,entre_semana
2024-04-09,Arroz con Pollo,Arroces,9,mesa,45000,Martes,entre_semana
2024-04-09,Arroz con Pollo,Arroces,7,domicilio,45000,Martes,entre_semana
2024-04-09,Almuerzo Ejecutivo,Corrientes,42,mesa,25000,Martes,entre_semana
2024-04-09,Almuerzo Ejecutivo,Corrientes,50,domicilio,25000,Martes,entre_semana
2024-04-10,Lengua en salsa,Sopas,1,mesa,60000,Miércoles,entre_semana
2024-04-10,Lengua en salsa,Sopas,1,domicilio,60000,Miércoles,entre_semana
2024-04-10,Sancocho de Gallina,Sopas,4,mesa,60000,Miércoles,entre_semana
2024-04-10,Sancocho de Gallina,Sopas,4,domicilio,60000,Miércoles,entre_semana
2024-04-10,Frijoles con Pezuña,Sopas,2,mesa,50000,Miércoles,entre_semana
2024-04-10,Frijoles con Pezuña,Sopas,2,domicilio,50000,Miércoles,entre_semana
2024-04-10,Pata,Sopas,1,mesa,27000,Miércoles,entre_semana
2024-04-10,Pata,Sopas,1,domicilio,27000,Miércoles,entre_semana
2024-04-10,Cola de Buey,Sopas,3,mesa,60000,Miércoles,entre_semana
2024-04-10,Cola de Buey,Sopas,5,domicilio,60000,Miércoles,entre_semana
2024-04-10,Cazuela de Mariscos,Sopas,1,mesa,53000,Miércoles,entre_semana
2024-04-10,Cazuela de Mariscos,Sopas,1,domicilio,53000,Miércoles,entre_semana
2024-04-10,Carne Asada (Chatas),Carnes,10,mesa,56000,Miércoles,entre_semana
2024-04-10,Carne Asada (Chatas),Carnes,10,domicilio,56000,Miércoles,entre_semana
2024-04-10,Carne Oreada,Carnes,3,mesa,56000,Miércoles,entre_semana
2024-04-10,Carne Oreada,Carnes,4,domicilio,56000,Miércoles,entre_semana
2024-04-10,Cabro con Pepitoria,Carnes,10,mesa,56000,Miércoles,entre_semana
2024-04-10,Cabro con Pepitoria,Carnes,7,domicilio,56000,Miércoles,entre_semana
2024-04-10,Costillas de Cerdo,Carnes,6,mesa,54000,Miércoles,entre_semana
2024-04-10,Costillas de Cerdo,Carnes,6,domicilio,54000,Miércoles,entre_semana
2024-04-10,Lomo de Cerdo,Carnes,4,mesa,54000,Miércoles,entre_semana
2024-04-10,Lomo de Cerdo,Carnes,5,domicilio,54000,Miércoles,entre_semana
2024-04-10,Sobrebarriga,Carnes,9,mesa,54000,Miércoles,entre_semana
2024-04-10,Sobrebarriga,Carnes,8,domicilio,54000,Miércoles,entre_semana
2024-04-10,Pechuga Asada,Carnes,2,mesa,52000,Miércoles,entre_semana
2024-04-10,Pechuga Asada,Carnes,4,domicilio,52000,Miércoles,entre_semana
2024-04-10,Mojarra 2en1,Pescados,4,mesa,50000,Miércoles,entre_semana
2024-04-10,Mojarra 2en1,Pescados,4,domicilio,50000,Miércoles,entre_semana
2024-04-10,Trucha 2en1,Pescados,1,mesa,50000,Miércoles,entre_semana
2024-04-10,Trucha 2en1,Pescados,1,domicilio,50000,Miércoles,entre_semana
2024-04-10,Tierra Aire Mar,Pescados,1,domicilio,90000,Miércoles,entre_semana
2024-04-10,Arroz con Pollo,Arroces,8,mesa,45000,Miércoles,entre_semana
2024-04-10,Arroz con Pollo,Arroces,9,domicilio,45000,Miércoles,entre_semana
2024-04-10,Almuerzo Ejecutivo,Corrientes,51,mesa,25000,Miércoles,entre_semana
2024-04-10,Almuerzo Ejecutivo,Corrientes,38,domicilio,25000,Miércoles,entre_semana
2024-04-11,Lengua en salsa,Sopas,1,mesa,60000,Jueves,entre_semana
2024-04-11,Lengua en salsa,Sopas,1,domicilio,60000,Jueves,entre_semana
2024-04-11,Sancocho de Gallina,Sopas,2,mesa,60000,Jueves,entre_semana
2024-04-11,Sancocho de Gallina,Sopas,3,domicilio,60000,Jueves,entre_semana
2024-04-11,Frijoles con Pezuña,Sopas,3,mesa,50000,Jueves,entre_semana
2024-04-11,Frijoles con Pezuña,Sopas,2,domicilio,50000,Jueves,entre_semana
2024-04-11,Pata,Sopas,1,mesa,27000,Jueves,entre_semana
2024-04-11,Pata,Sopas,1,domicilio,27000,Jueves,entre_semana
2024-04-11,Cola de Buey,Sopas,3,mesa,60000,Jueves,entre_semana
2024-04-11,Cola de Buey,Sopas,3,domicilio,60000,Jueves,entre_semana
2024-04-11,Cazuela de Mariscos,Sopas,1,mesa,53000,Jueves,entre_semana
2024-04-11,Cazuela de Mariscos,Sopas,1,domicilio,53000,Jueves,entre_semana
2024-04-11,Carne Asada (Chatas),Carnes,10,mesa,56000,Jueves,entre_semana
2024-04-11,Carne Asada (Chatas),Carnes,9,domicilio,56000,Jueves,entre_semana
2024-04-11,Carne Oreada,Carnes,3,mesa,56000,Jueves,entre_semana
2024-04-11,Carne Oreada,Carnes,3,domicilio,56000,Jueves,entre_semana
2024-04-11,Cabro con Pepitoria,Carnes,8,mesa,56000,Jueves,entre_semana
2024-04-11,Cabro con Pepitoria,Carnes,8,domicilio,56000,Jueves,entre_semana
2024-04-11,Costillas de Cerdo,Carnes,5,mesa,54000,Jueves,entre_semana
2024-04-11,Costillas de Cerdo,Carnes,7,domicilio,54000,Jueves,entre_semana
2024-04-11,Lomo de Cerdo,Carnes,4,mesa,54000,Jueves,entre_semana
2024-04-11,Lomo de Cerdo,Carnes,5,domicilio,54000,Jueves,entre_semana
2024-04-11,Sobrebarriga,Carnes,12,mesa,54000,Jueves,entre_semana
2024-04-11,Sobrebarriga,Carnes,9,domicilio,54000,Jueves,entre_semana
2024-04-11,Pechuga Asada,Carnes,2,mesa,52000,Jueves,entre_semana
2024-04-11,Pechuga Asada,Carnes,3,domicilio,52000,Jueves,entre_semana
2024-04-11,Mojarra 2en1,Pescados,4,mesa,50000,Jueves,entre_semana
2024-04-11,Mojarra 2en1,Pescados,5,domicilio,50000,Jueves,entre_semana
2024-04-11,Trucha 2en1,Pescados,1,mesa,50000,Jueves,entre_semana
2024-04-11,Trucha 2en1,Pescados,1,domicilio,50000,Jueves,entre_semana
2024-04-11,Tierra Aire Mar,Pescados,1,domicilio,90000,Jueves,entre_semana
2024-04-11,Arroz con Pollo,Arroces,9,mesa,45000,Jueves,entre_semana
2024-04-11,Arroz con Pollo,Arroces,10,domicilio,45000,Jueves,entre_semana
2024-04-11,Almuerzo Ejecutivo,Corrientes,51,mesa,25000,Jueves,entre_semana
2024-04-11,Almuerzo Ejecutivo,Corrientes,52,domicilio,25000,Jueves,entre_semana
2024-04-12,Lengua en salsa,Sopas,1,mesa,60000,Viernes,entre_semana
2024-04-12,Lengua en salsa,Sopas,1,domicilio,60000,Viernes,entre_semana
2024-04-12,Sancocho de Gallina,Sopas,3,mesa,60000,Viernes,entre_semana
2024-04-12,Sancocho de Gallina,Sopas,4,domicilio,60000,Viernes,entre_semana
2024-04-12,Frijoles con Pezuña,Sopas,3,mesa,50000,Viernes,entre_semana
2024-04-12,Frijoles con Pezuña,Sopas,2,domicilio,50000,Viernes,entre_semana
2024-04-12,Pata,Sopas,1,mesa,27000,Viernes,entre_semana
2024-04-12,Pata,Sopas,1,domicilio,27000,Viernes,entre_semana
2024-04-12,Cola de Buey,Sopas,3,mesa,60000,Viernes,entre_semana
2024-04-12,Cola de Buey,Sopas,3,domicilio,60000,Viernes,entre_semana
2024-04-12,Cazuela de Mariscos,Sopas,1,mesa,53000,Viernes,entre_semana
2024-04-12,Cazuela de Mariscos,Sopas,1,domicilio,53000,Viernes,entre_semana
2024-04-12,Carne Asada (Chatas),Carnes,8,mesa,56000,Viernes,entre_semana
2024-04-12,Carne Asada (Chatas),Carnes,10,domicilio,56000,Viernes,entre_semana
2024-04-12,Carne Oreada,Carnes,3,mesa,56000,Viernes,entre_semana
2024-04-12,Carne Oreada,Carnes,3,domicilio,56000,Viernes,entre_semana
2024-04-12,Cabro con Pepitoria,Carnes,10,mesa,56000,Viernes,entre_semana
2024-04-12,Cabro con Pepitoria,Carnes,8,domicilio,56000,Viernes,entre_semana
2024-04-12,Costillas de Cerdo,Carnes,4,mesa,54000,Viernes,entre_semana
2024-04-12,Costillas de Cerdo,Carnes,5,domicilio,54000,Viernes,entre_semana
2024-04-12,Lomo de Cerdo,Carnes,4,mesa,54000,Viernes,entre_semana
2024-04-12,Lomo de Cerdo,Carnes,5,domicilio,54000,Viernes,entre_semana
2024-04-12,Sobrebarriga,Carnes,12,mesa,54000,Viernes,entre_semana
2024-04-12,Sobrebarriga,Carnes,9,domicilio,54000,Viernes,entre_semana
2024-04-12,Pechuga Asada,Carnes,2,mesa,52000,Viernes,entre_semana
2024-04-12,Pechuga Asada,Carnes,4,domicilio,52000,Viernes,entre_semana
2024-04-12,Mojarra 2en1,Pescados,5,mesa,50000,Viernes,entre_semana
2024-04-12,Mojarra 2en1,Pescados,4,domicilio,50000,Viernes,entre_semana
2024-04-12,Trucha 2en1,Pescados,1,mesa,50000,Viernes,entre_semana
2024-04-12,Trucha 2en1,Pescados,1,domicilio,50000,Viernes,entre_semana
2024-04-12,Tierra Aire Mar,Pescados,1,domicilio,90000,Viernes,entre_semana
2024-04-12,Arroz con Pollo,Arroces,9,mesa,45000,Viernes,entre_semana
2024-04-12,Arroz con Pollo,Arroces,7,domicilio,45000,Viernes,entre_semana
2024-04-12,Almuerzo Ejecutivo,Corrientes,38,mesa,25000,Viernes,entre_semana
2024-04-12,Almuerzo Ejecutivo,Corrientes,44,domicilio,25000,Viernes,entre_semana
2024-04-13,Lengua en salsa,Sopas,2,mesa,60000,Sábado,sabado
2024-04-13,Lengua en salsa,Sopas,2,domicilio,60000,Sábado,sabado
2024-04-13,Mute,Sopas,19,mesa,30000,Sábado,sabado
2024-04-13,Mute,Sopas,14,domicilio,30000,Sábado,sabado
2024-04-13,Sancocho de Gallina,Sopas,11,mesa,60000,Sábado,sabado
2024-04-13,Sancocho de Gallina,Sopas,10,domicilio,60000,Sábado,sabado
2024-04-13,Frijoles con Pezuña,Sopas,4,mesa,50000,Sábado,sabado
2024-04-13,Frijoles con Pezuña,Sopas,4,domicilio,50000,Sábado,sabado
2024-04-13,Pata,Sopas,2,mesa,27000,Sábado,sabado
2024-04-13,Pata,Sopas,2,domicilio,27000,Sábado,sabado
2024-04-13,Cola de Buey,Sopas,5,mesa,60000,Sábado,sabado
2024-04-13,Cola de Buey,Sopas,9,domicilio,60000,Sábado,sabado
2024-04-13,Cazuela de Mariscos,Sopas,2,mesa,53000,Sábado,sabado
2024-04-13,Cazuela de Mariscos,Sopas,2,domicilio,53000,Sábado,sabado
2024-04-13,Carne Asada (Chatas),Carnes,13,mesa,56000,Sábado,sabado
2024-04-13,Carne Asada (Chatas),Carnes,12,domicilio,56000,Sábado,sabado
2024-04-13,Carne Oreada,Carnes,6,mesa,56000,Sábado,sabado
2024-04-13,Carne Oreada,Carnes,4,domicilio,56000,Sábado,sabado
2024-04-13,Cabro con Pepitoria,Carnes,13,mesa,56000,Sábado,sabado
2024-04-13,Cabro con Pepitoria,Carnes,16,domicilio,56000,Sábado,sabado
2024-04-13,Costillas de Cerdo,Carnes,9,mesa,54000,Sábado,sabado
2024-04-13,Costillas de Cerdo,Carnes,9,domicilio,54000,Sábado,sabado
2024-04-13,Lomo de Cerdo,Carnes,6,mesa,54000,Sábado,sabado
2024-04-13,Lomo de Cerdo,Carnes,6,domicilio,54000,Sábado,sabado
2024-04-13,Sobrebarriga,Carnes,14,mesa,54000,Sábado,sabado
2024-04-13,Sobrebarriga,Carnes,14,domicilio,54000,Sábado,sabado
2024-04-13,Pechuga Asada,Carnes,3,mesa,52000,Sábado,sabado
2024-04-13,Pechuga Asada,Carnes,6,domicilio,52000,Sábado,sabado
2024-04-13,Mojarra 2en1,Pescados,9,mesa,50000,Sábado,sabado
2024-04-13,Mojarra 2en1,Pescados,7,domicilio,50000,Sábado,sabado
2024-04-13,Trucha 2en1,Pescados,2,mesa,50000,Sábado,sabado
2024-04-13,Trucha 2en1,Pescados,2,domicilio,50000,Sábado,sabado
2024-04-13,Tierra Aire Mar,Pescados,1,mesa,90000,Sábado,sabado
2024-04-13,Tierra Aire Mar,Pescados,1,domicilio,90000,Sábado,sabado
2024-04-13,Arroz con Pollo,Arroces,10,mesa,45000,Sábado,sabado
2024-04-13,Arroz con Pollo,Arroces,11,domicilio,45000,Sábado,sabado
2024-04-13,Almuerzo Ejecutivo,Corrientes,41,domicilio,25000,Sábado,sabado
2024-04-14,Lengua en salsa,Sopas,4,mesa,60000,Domingo,domingo
2024-04-14,Lengua en salsa,Sopas,3,domicilio,60000,Domingo,domingo
2024-04-14,Mute,Sopas,39,mesa,30000,Domingo,domingo
2024-04-14,Mute,Sopas,27,domicilio,30000,Domingo,domingo
2024-04-14,Sancocho de Gallina,Sopas,25,mesa,60000,Domingo,domingo
2024-04-14,Sancocho de Gallina,Sopas,23,domicilio,60000,Domingo,domingo
2024-04-14,Pata,Sopas,7,mesa,27000,Domingo,domingo
2024-04-14,Pata,Sopas,3,domicilio,27000,Domingo,domingo
2024-04-14,Cola de Buey,Sopas,8,mesa,60000,Domingo,domingo
2024-04-14,Cola de Buey,Sopas,15,domicilio,60000,Domingo,domingo
2024-04-14,Cazuela de Mariscos,Sopas,4,mesa,53000,Domingo,domingo
2024-04-14,Cazuela de Mariscos,Sopas,3,domicilio,53000,Domingo,domingo
2024-04-14,Carne Asada (Chatas),Carnes,32,mesa,56000,Domingo,domingo
2024-04-14,Carne Asada (Chatas),Carnes,30,domicilio,56000,Domingo,domingo
2024-04-14,Carne Oreada,Carnes,12,mesa,56000,Domingo,domingo
2024-04-14,Carne Oreada,Carnes,8,domicilio,56000,Domingo,domingo
2024-04-14,Cabro con Pepitoria,Carnes,25,mesa,56000,Domingo,domingo
2024-04-14,Cabro con Pepitoria,Carnes,22,domicilio,56000,Domingo,domingo
2024-04-14,Costillas de Cerdo,Carnes,13,mesa,54000,Domingo,domingo
2024-04-14,Costillas de Cerdo,Carnes,20,domicilio,54000,Domingo,domingo
2024-04-14,Lomo de Cerdo,Carnes,15,mesa,54000,Domingo,domingo
2024-04-14,Lomo de Cerdo,Carnes,10,domicilio,54000,Domingo,domingo
2024-04-14,Sobrebarriga,Carnes,29,mesa,54000,Domingo,domingo
2024-04-14,Sobrebarriga,Carnes,32,domicilio,54000,Domingo,domingo
2024-04-14,Pechuga Asada,Carnes,7,mesa,52000,Domingo,domingo
2024-04-14,Pechuga Asada,Carnes,13,domicilio,52000,Domingo,domingo
2024-04-14,Mojarra 2en1,Pescados,15,mesa,50000,Domingo,domingo
2024-04-14,Mojarra 2en1,Pescados,13,domicilio,50000,Domingo,domingo
2024-04-14,Trucha 2en1,Pescados,4,mesa,50000,Domingo,domingo
2024-04-14,Trucha 2en1,Pescados,3,domicilio,50000,Domingo,domingo
2024-04-14,Tierra Aire Mar,Pescados,2,mesa,90000,Domingo,domingo
2024-04-14,Tierra Aire Mar,Pescados,2,domicilio,90000,Domingo,domingo
2024-04-14,Arroz con Pollo,Arroces,21,mesa,45000,Domingo,domingo
2024-04-14,Arroz con Pollo,Arroces,24,domicilio,45000,Domingo,domingo
2024-04-16,Lengua en salsa,Sopas,1,mesa,60000,Martes,entre_semana
2024-04-16,Lengua en salsa,Sopas,1,domicilio,60000,Martes,entre_semana
2024-04-16,Sancocho de Gallina,Sopas,3,mesa,60000,Martes,entre_semana
2024-04-16,Sancocho de Gallina,Sopas,2,domicilio,60000,Martes,entre_semana
2024-04-16,Frijoles con Pezuña,Sopas,3,mesa,50000,Martes,entre_semana
2024-04-16,Frijoles con Pezuña,Sopas,2,domicilio,50000,Martes,entre_semana
2024-04-16,Pata,Sopas,1,mesa,27000,Martes,entre_semana
2024-04-16,Pata,Sopas,1,domicilio,27000,Martes,entre_semana
2024-04-16,Cola de Buey,Sopas,3,mesa,60000,Martes,entre_semana
2024-04-16,Cola de Buey,Sopas,5,domicilio,60000,Martes,entre_semana
2024-04-16,Cazuela de Mariscos,Sopas,1,mesa,53000,Martes,entre_semana
2024-04-16,Cazuela de Mariscos,Sopas,1,domicilio,53000,Martes,entre_semana
2024-04-16,Carne Asada (Chatas),Carnes,10,mesa,56000,Martes,entre_semana
2024-04-16,Carne Asada (Chatas),Carnes,9,domicilio,56000,Martes,entre_semana
2024-04-16,Carne Oreada,Carnes,3,mesa,56000,Martes,entre_semana
2024-04-16,Carne Oreada,Carnes,3,domicilio,56000,Martes,entre_semana
2024-04-16,Cabro con Pepitoria,Carnes,10,mesa,56000,Martes,entre_semana
2024-04-16,Cabro con Pepitoria,Carnes,9,domicilio,56000,Martes,entre_semana
2024-04-16,Costillas de Cerdo,Carnes,6,mesa,54000,Martes,entre_semana
2024-04-16,Costillas de Cerdo,Carnes,7,domicilio,54000,Martes,entre_semana
2024-04-16,Lomo de Cerdo,Carnes,4,mesa,54000,Martes,entre_semana
2024-04-16,Lomo de Cerdo,Carnes,4,domicilio,54000,Martes,entre_semana
2024-04-16,Sobrebarriga,Carnes,9,mesa,54000,Martes,entre_semana
2024-04-16,Sobrebarriga,Carnes,11,domicilio,54000,Martes,entre_semana
2024-04-16,Pechuga Asada,Carnes,2,mesa,52000,Martes,entre_semana
2024-04-16,Pechuga Asada,Carnes,4,domicilio,52000,Martes,entre_semana
2024-04-16,Mojarra 2en1,Pescados,4,mesa,50000,Martes,entre_semana
2024-04-16,Mojarra 2en1,Pescados,4,domicilio,50000,Martes,entre_semana
2024-04-16,Trucha 2en1,Pescados,1,mesa,50000,Martes,entre_semana
2024-04-16,Trucha 2en1,Pescados,1,domicilio,50000,Martes,entre_semana
2024-04-16,Tierra Aire Mar,Pescados,1,domicilio,90000,Martes,entre_semana
2024-04-16,Arroz con Pollo,Arroces,8,mesa,45000,Martes,entre_semana
2024-04-16,Arroz con Pollo,Arroces,7,domicilio,45000,Martes,entre_semana
2024-04-16,Almuerzo Ejecutivo,Corrientes,40,mesa,25000,Martes,entre_semana
2024-04-16,Almuerzo Ejecutivo,Corrientes,48,domicilio,25000,Martes,entre_semana
2024-04-17,Lengua en salsa,Sopas,1,mesa,60000,Miércoles,entre_semana
2024-04-17,Lengua en salsa,Sopas,1,domicilio,60000,Miércoles,entre_semana
2024-04-17,Sancocho de Gallina,Sopas,3,mesa,60000,Miércoles,entre_semana
2024-04-17,Sancocho de Gallina,Sopas,3,domicilio,60000,Miércoles,entre_semana
2024-04-17,Frijoles con Pezuña,Sopas,3,mesa,50000,Miércoles,entre_semana
2024-04-17,Frijoles con Pezuña,Sopas,2,domicilio,50000,Miércoles,entre_semana
2024-04-17,Pata,Sopas,1,mesa,27000,Miércoles,entre_semana
2024-04-17,Pata,Sopas,1,domicilio,27000,Miércoles,entre_semana
2024-04-17,Cola de Buey,Sopas,3,mesa,60000,Miércoles,entre_semana
2024-04-17,Cola de Buey,Sopas,4,domicilio,60000,Miércoles,entre_semana
2024-04-17,Cazuela de Mariscos,Sopas,1,mesa,53000,Miércoles,entre_semana
2024-04-17,Cazuela de Mariscos,Sopas,1,domicilio,53000,Miércoles,entre_semana
2024-04-17,Carne Asada (Chatas),Carnes,9,mesa,56000,Miércoles,entre_semana
2024-04-17,Carne Asada (Chatas),Carnes,7,domicilio,56000,Miércoles,entre_semana
2024-04-17,Carne Oreada,Carnes,3,mesa,56000,Miércoles,entre_semana
2024-04-17,Carne Oreada,Carnes,3,domicilio,56000,Miércoles,entre_semana
2024-04-17,Cabro con Pepitoria,Carnes,10,mesa,56000,Miércoles,entre_semana
2024-04-17,Cabro con Pepitoria,Carnes,11,domicilio,56000,Miércoles,entre_semana
2024-04-17,Costillas de Cerdo,Carnes,5,mesa,54000,Miércoles,entre_semana
2024-04-17,Costillas de Cerdo,Carnes,7,domicilio,54000,Miércoles,entre_semana
2024-04-17,Lomo de Cerdo,Carnes,4,mesa,54000,Miércoles,entre_semana
2024-04-17,Lomo de Cerdo,Carnes,4,domicilio,54000,Miércoles,entre_semana
2024-04-17,Sobrebarriga,Carnes,9,mesa,54000,Miércoles,entre_semana
2024-04-17,Sobrebarriga,Carnes,9,domicilio,54000,Miércoles,entre_semana
2024-04-17,Pechuga Asada,Carnes,2,mesa,52000,Miércoles,entre_semana
2024-04-17,Pechuga Asada,Carnes,3,domicilio,52000,Miércoles,entre_semana
2024-04-17,Mojarra 2en1,Pescados,4,mesa,50000,Miércoles,entre_semana
2024-04-17,Mojarra 2en1,Pescados,4,domicilio,50000,Miércoles,entre_semana
2024-04-17,Trucha 2en1,Pescados,1,mesa,50000,Miércoles,entre_semana
2024-04-17,Trucha 2en1,Pescados,1,domicilio,50000,Miércoles,entre_semana
2024-04-17,Tierra Aire Mar,Pescados,1,domicilio,90000,Miércoles,entre_semana
2024-04-17,Arroz con Pollo,Arroces,8,mesa,45000,Miércoles,entre_semana
2024-04-17,Arroz con Pollo,Arroces,6,domicilio,45000,Miércoles,entre_semana
2024-04-17,Almuerzo Ejecutivo,Corrientes,43,mesa,25000,Miércoles,entre_semana
2024-04-17,Almuerzo Ejecutivo,Corrientes,46,domicilio,25000,Miércoles,entre_semana
2024-04-18,Lengua en salsa,Sopas,1,mesa,60000,Jueves,entre_semana
2024-04-18,Lengua en salsa,Sopas,1,domicilio,60000,Jueves,entre_semana
2024-04-18,Sancocho de Gallina,Sopas,3,mesa,60000,Jueves,entre_semana
2024-04-18,Sancocho de Gallina,Sopas,3,domicilio,60000,Jueves,entre_semana
2024-04-18,Frijoles con Pezuña,Sopas,2,mesa,50000,Jueves,entre_semana
2024-04-18,Frijoles con Pezuña,Sopas,2,domicilio,50000,Jueves,entre_semana
2024-04-18,Pata,Sopas,1,mesa,27000,Jueves,entre_semana
2024-04-18,Pata,Sopas,1,domicilio,27000,Jueves,entre_semana
2024-04-18,Cola de Buey,Sopas,3,mesa,60000,Jueves,entre_semana
2024-04-18,Cola de Buey,Sopas,4,domicilio,60000,Jueves,entre_semana
2024-04-18,Cazuela de Mariscos,Sopas,1,mesa,53000,Jueves,entre_semana
2024-04-18,Cazuela de Mariscos,Sopas,1,domicilio,53000,Jueves,entre_semana
2024-04-18,Carne Asada (Chatas),Carnes,8,mesa,56000,Jueves,entre_semana
2024-04-18,Carne Asada (Chatas),Carnes,7,domicilio,56000,Jueves,entre_semana
2024-04-18,Carne Oreada,Carnes,2,mesa,56000,Jueves,entre_semana
2024-04-18,Carne Oreada,Carnes,3,domicilio,56000,Jueves,entre_semana
2024-04-18,Cabro con Pepitoria,Carnes,11,mesa,56000,Jueves,entre_semana
2024-04-18,Cabro con Pepitoria,Carnes,8,domicilio,56000,Jueves,entre_semana
2024-04-18,Costillas de Cerdo,Carnes,5,mesa,54000,Jueves,entre_semana
2024-04-18,Costillas de Cerdo,Carnes,7,domicilio,54000,Jueves,entre_semana
2024-04-18,Lomo de Cerdo,Carnes,4,mesa,54000,Jueves,entre_semana
2024-04-18,Lomo de Cerdo,Carnes,4,domicilio,54000,Jueves,entre_semana
2024-04-18,Sobrebarriga,Carnes,12,mesa,54000,Jueves,entre_semana
2024-04-18,Sobrebarriga,Carnes,9,domicilio,54000,Jueves,entre_semana
2024-04-18,Pechuga Asada,Carnes,2,mesa,52000,Jueves,entre_semana
2024-04-18,Pechuga Asada,Carnes,3,domicilio,52000,Jueves,entre_semana
2024-04-18,Mojarra 2en1,Pescados,3,mesa,50000,Jueves,entre_semana
2024-04-18,Mojarra 2en1,Pescados,4,domicilio,50000,Jueves,entre_semana
2024-04-18,Trucha 2en1,Pescados,1,mesa,50000,Jueves,entre_semana
2024-04-18,Trucha 2en1,Pescados,1,domicilio,50000,Jueves,entre_semana
2024-04-18,Tierra Aire Mar,Pescados,1,domicilio,90000,Jueves,entre_semana
2024-04-18,Arroz con Pollo,Arroces,7,mesa,45000,Jueves,entre_semana
2024-04-18,Arroz con Pollo,Arroces,8,domicilio,45000,Jueves,entre_semana
2024-04-18,Almuerzo Ejecutivo,Corrientes,49,mesa,25000,Jueves,entre_semana
2024-04-18,Almuerzo Ejecutivo,Corrientes,38,domicilio,25000,Jueves,entre_semana
2024-04-19,Lengua en salsa,Sopas,1,mesa,60000,Viernes,entre_semana
2024-04-19,Lengua en salsa,Sopas,1,domicilio,60000,Viernes,entre_semana
2024-04-19,Sancocho de Gallina,Sopas,3,mesa,60000,Viernes,entre_semana
2024-04-19,Sancocho de Gallina,Sopas,2,domicilio,60000,Viernes,entre_semana
2024-04-19,Frijoles con Pezuña,Sopas,3,mesa,50000,Viernes,entre_semana
2024-04-19,Frijoles con Pezuña,Sopas,2,domicilio,50000,Viernes,entre_semana
2024-04-19,Pata,Sopas,1,mesa,27000,Viernes,entre_semana
2024-04-19,Pata,Sopas,1,domicilio,27000,Viernes,entre_semana
2024-04-19,Cola de Buey,Sopas,3,mesa,60000,Viernes,entre_semana
2024-04-19,Cola de Buey,Sopas,3,domicilio,60000,Viernes,entre_semana
2024-04-19,Cazuela de Mariscos,Sopas,1,mesa,53000,Viernes,entre_semana
2024-04-19,Cazuela de Mariscos,Sopas,1,domicilio,53000,Viernes,entre_semana
2024-04-19,Carne Asada (Chatas),Carnes,8,mesa,56000,Viernes,entre_semana
2024-04-19,Carne Asada (Chatas),Carnes,10,domicilio,56000,Viernes,entre_semana
2024-04-19,Carne Oreada,Carnes,3,mesa,56000,Viernes,entre_semana
2024-04-19,Carne Oreada,Carnes,3,domicilio,56000,Viernes,entre_semana
2024-04-19,Cabro con Pepitoria,Carnes,8,mesa,56000,Viernes,entre_semana
2024-04-19,Cabro con Pepitoria,Carnes,11,domicilio,56000,Viernes,entre_semana
2024-04-19,Costillas de Cerdo,Carnes,6,mesa,54000,Viernes,entre_semana
2024-04-19,Costillas de Cerdo,Carnes,6,domicilio,54000,Viernes,entre_semana
2024-04-19,Lomo de Cerdo,Carnes,4,mesa,54000,Viernes,entre_semana
2024-04-19,Lomo de Cerdo,Carnes,4,domicilio,54000,Viernes,entre_semana
2024-04-19,Sobrebarriga,Carnes,10,mesa,54000,Viernes,entre_semana
2024-04-19,Sobrebarriga,Carnes,9,domicilio,54000,Viernes,entre_semana
2024-04-19,Pechuga Asada,Carnes,2,mesa,52000,Viernes,entre_semana
2024-04-19,Pechuga Asada,Carnes,5,domicilio,52000,Viernes,entre_semana
2024-04-19,Mojarra 2en1,Pescados,3,mesa,50000,Viernes,entre_semana
2024-04-19,Mojarra 2en1,Pescados,5,domicilio,50000,Viernes,entre_semana
2024-04-19,Trucha 2en1,Pescados,1,mesa,50000,Viernes,entre_semana
2024-04-19,Trucha 2en1,Pescados,1,domicilio,50000,Viernes,entre_semana
2024-04-19,Tierra Aire Mar,Pescados,1,domicilio,90000,Viernes,entre_semana
2024-04-19,Arroz con Pollo,Arroces,9,mesa,45000,Viernes,entre_semana
2024-04-19,Arroz con Pollo,Arroces,9,domicilio,45000,Viernes,entre_semana
2024-04-19,Almuerzo Ejecutivo,Corrientes,41,mesa,25000,Viernes,entre_semana
2024-04-19,Almuerzo Ejecutivo,Corrientes,51,domicilio,25000,Viernes,entre_semana
2024-04-20,Lengua en salsa,Sopas,2,mesa,60000,Sábado,sabado
2024-04-20,Lengua en salsa,Sopas,2,domicilio,60000,Sábado,sabado
2024-04-20,Mute,Sopas,18,mesa,30000,Sábado,sabado
2024-04-20,Mute,Sopas,15,domicilio,30000,Sábado,sabado
2024-04-20,Sancocho de Gallina,Sopas,11,mesa,60000,Sábado,sabado
2024-04-20,Sancocho de Gallina,Sopas,11,domicilio,60000,Sábado,sabado
2024-04-20,Frijoles con Pezuña,Sopas,5,mesa,50000,Sábado,sabado
2024-04-20,Frijoles con Pezuña,Sopas,3,domicilio,50000,Sábado,sabado
2024-04-20,Pata,Sopas,3,mesa,27000,Sábado,sabado
2024-04-20,Pata,Sopas,2,domicilio,27000,Sábado,sabado
2024-04-20,Cola de Buey,Sopas,5,mesa,60000,Sábado,sabado
2024-04-20,Cola de Buey,Sopas,8,domicilio,60000,Sábado,sabado
2024-04-20,Cazuela de Mariscos,Sopas,2,mesa,53000,Sábado,sabado
2024-04-20,Cazuela de Mariscos,Sopas,2,domicilio,53000,Sábado,sabado
2024-04-20,Carne Asada (Chatas),Carnes,16,mesa,56000,Sábado,sabado
2024-04-20,Carne Asada (Chatas),Carnes,12,domicilio,56000,Sábado,sabado
2024-04-20,Carne Oreada,Carnes,5,mesa,56000,Sábado,sabado
2024-04-20,Carne Oreada,Carnes,4,domicilio,56000,Sábado,sabado
2024-04-20,Cabro con Pepitoria,Carnes,13,mesa,56000,Sábado,sabado
2024-04-20,Cabro con Pepitoria,Carnes,16,domicilio,56000,Sábado,sabado
2024-04-20,Costillas de Cerdo,Carnes,9,mesa,54000,Sábado,sabado
2024-04-20,Costillas de Cerdo,Carnes,9,domicilio,54000,Sábado,sabado
2024-04-20,Lomo de Cerdo,Carnes,6,mesa,54000,Sábado,sabado
2024-04-20,Lomo de Cerdo,Carnes,7,domicilio,54000,Sábado,sabado
2024-04-20,Sobrebarriga,Carnes,13,mesa,54000,Sábado,sabado
2024-04-20,Sobrebarriga,Carnes,16,domicilio,54000,Sábado,sabado
2024-04-20,Pechuga Asada,Carnes,4,mesa,52000,Sábado,sabado
2024-04-20,Pechuga Asada,Carnes,7,domicilio,52000,Sábado,sabado
2024-04-20,Mojarra 2en1,Pescados,9,mesa,50000,Sábado,sabado
2024-04-20,Mojarra 2en1,Pescados,7,domicilio,50000,Sábado,sabado
2024-04-20,Trucha 2en1,Pescados,2,mesa,50000,Sábado,sabado
2024-04-20,Trucha 2en1,Pescados,2,domicilio,50000,Sábado,sabado
2024-04-20,Tierra Aire Mar,Pescados,1,mesa,90000,Sábado,sabado
2024-04-20,Tierra Aire Mar,Pescados,1,domicilio,90000,Sábado,sabado
2024-04-20,Arroz con Pollo,Arroces,14,mesa,45000,Sábado,sabado
2024-04-20,Arroz con Pollo,Arroces,11,domicilio,45000,Sábado,sabado
2024-04-20,Almuerzo Ejecutivo,Corrientes,40,domicilio,25000,Sábado,sabado
2024-04-21,Lengua en salsa,Sopas,4,mesa,60000,Domingo,domingo
2024-04-21,Lengua en salsa,Sopas,3,domicilio,60000,Domingo,domingo
2024-04-21,Mute,Sopas,44,mesa,30000,Domingo,domingo
2024-04-21,Mute,Sopas,28,domicilio,30000,Domingo,domingo
2024-04-21,Sancocho de Gallina,Sopas,27,mesa,60000,Domingo,domingo
2024-04-21,Sancocho de Gallina,Sopas,18,domicilio,60000,Domingo,domingo
2024-04-21,Pata,Sopas,5,mesa,27000,Domingo,domingo
2024-04-21,Pata,Sopas,3,domicilio,27000,Domingo,domingo
2024-04-21,Cola de Buey,Sopas,9,mesa,60000,Domingo,domingo
2024-04-21,Cola de Buey,Sopas,13,domicilio,60000,Domingo,domingo
2024-04-21,Cazuela de Mariscos,Sopas,4,mesa,53000,Domingo,domingo
2024-04-21,Cazuela de Mariscos,Sopas,3,domicilio,53000,Domingo,domingo
2024-04-21,Carne Asada (Chatas),Carnes,24,mesa,56000,Domingo,domingo
2024-04-21,Carne Asada (Chatas),Carnes,24,domicilio,56000,Domingo,domingo
2024-04-21,Carne Oreada,Carnes,11,mesa,56000,Domingo,domingo
2024-04-21,Carne Oreada,Carnes,10,domicilio,56000,Domingo,domingo
2024-04-21,Cabro con Pepitoria,Carnes,33,mesa,56000,Domingo,domingo
2024-04-21,Cabro con Pepitoria,Carnes,27,domicilio,56000,Domingo,domingo
2024-04-21,Costillas de Cerdo,Carnes,14,mesa,54000,Domingo,domingo
2024-04-21,Costillas de Cerdo,Carnes,17,domicilio,54000,Domingo,domingo
2024-04-21,Lomo de Cerdo,Carnes,11,mesa,54000,Domingo,domingo
2024-04-21,Lomo de Cerdo,Carnes,11,domicilio,54000,Domingo,domingo
2024-04-21,Sobrebarriga,Carnes,26,mesa,54000,Domingo,domingo
2024-04-21,Sobrebarriga,Carnes,24,domicilio,54000,Domingo,domingo
2024-04-21,Pechuga Asada,Carnes,8,mesa,52000,Domingo,domingo
2024-04-21,Pechuga Asada,Carnes,11,domicilio,52000,Domingo,domingo
2024-04-21,Mojarra 2en1,Pescados,18,mesa,50000,Domingo,domingo
2024-04-21,Mojarra 2en1,Pescados,15,domicilio,50000,Domingo,domingo
2024-04-21,Trucha 2en1,Pescados,4,mesa,50000,Domingo,domingo
2024-04-21,Trucha 2en1,Pescados,3,domicilio,50000,Domingo,domingo
2024-04-21,Tierra Aire Mar,Pescados,2,mesa,90000,Domingo,domingo
2024-04-21,Tierra Aire Mar,Pescados,2,domicilio,90000,Domingo,domingo
2024-04-21,Arroz con Pollo,Arroces,29,mesa,45000,Domingo,domingo
2024-04-21,Arroz con Pollo,Arroces,26,domicilio,45000,Domingo,domingo
2024-04-23,Lengua en salsa,Sopas,1,mesa,60000,Martes,entre_semana
2024-04-23,Lengua en salsa,Sopas,1,domicilio,60000,Martes,entre_semana
2024-04-23,Sancocho de Gallina,Sopas,3,mesa,60000,Martes,entre_semana
2024-04-23,Sancocho de Gallina,Sopas,2,domicilio,60000,Martes,entre_semana
2024-04-23,Frijoles con Pezuña,Sopas,4,mesa,50000,Martes,entre_semana
2024-04-23,Frijoles con Pezuña,Sopas,2,domicilio,50000,Martes,entre_semana
2024-04-23,Pata,Sopas,1,mesa,27000,Martes,entre_semana
2024-04-23,Pata,Sopas,1,domicilio,27000,Martes,entre_semana
2024-04-23,Cola de Buey,Sopas,2,mesa,60000,Martes,entre_semana
2024-04-23,Cola de Buey,Sopas,4,domicilio,60000,Martes,entre_semana
2024-04-23,Cazuela de Mariscos,Sopas,1,mesa,53000,Martes,entre_semana
2024-04-23,Cazuela de Mariscos,Sopas,1,domicilio,53000,Martes,entre_semana
2024-04-23,Carne Asada (Chatas),Carnes,9,mesa,56000,Martes,entre_semana
2024-04-23,Carne Asada (Chatas),Carnes,8,domicilio,56000,Martes,entre_semana
2024-04-23,Carne Oreada,Carnes,4,mesa,56000,Martes,entre_semana
2024-04-23,Carne Oreada,Carnes,3,domicilio,56000,Martes,entre_semana
2024-04-23,Cabro con Pepitoria,Carnes,10,mesa,56000,Martes,entre_semana
2024-04-23,Cabro con Pepitoria,Carnes,9,domicilio,56000,Martes,entre_semana
2024-04-23,Costillas de Cerdo,Carnes,6,mesa,54000,Martes,entre_semana
2024-04-23,Costillas de Cerdo,Carnes,5,domicilio,54000,Martes,entre_semana
2024-04-23,Lomo de Cerdo,Carnes,4,mesa,54000,Martes,entre_semana
2024-04-23,Lomo de Cerdo,Carnes,4,domicilio,54000,Martes,entre_semana
2024-04-23,Sobrebarriga,Carnes,10,mesa,54000,Martes,entre_semana
2024-04-23,Sobrebarriga,Carnes,11,domicilio,54000,Martes,entre_semana
2024-04-23,Pechuga Asada,Carnes,2,mesa,52000,Martes,entre_semana
2024-04-23,Pechuga Asada,Carnes,4,domicilio,52000,Martes,entre_semana
2024-04-23,Mojarra 2en1,Pescados,4,mesa,50000,Martes,entre_semana
2024-04-23,Mojarra 2en1,Pescados,4,domicilio,50000,Martes,entre_semana
2024-04-23,Trucha 2en1,Pescados,1,mesa,50000,Martes,entre_semana
2024-04-23,Trucha 2en1,Pescados,1,domicilio,50000,Martes,entre_semana
2024-04-23,Tierra Aire Mar,Pescados,1,domicilio,90000,Martes,entre_semana
2024-04-23,Arroz con Pollo,Arroces,9,mesa,45000,Martes,entre_semana
2024-04-23,Arroz con Pollo,Arroces,7,domicilio,45000,Martes,entre_semana
2024-04-23,Almuerzo Ejecutivo,Corrientes,39,mesa,25000,Martes,entre_semana
2024-04-23,Almuerzo Ejecutivo,Corrientes,37,domicilio,25000,Martes,entre_semana
2024-04-24,Lengua en salsa,Sopas,1,mesa,60000,Miércoles,entre_semana
2024-04-24,Lengua en salsa,Sopas,1,domicilio,60000,Miércoles,entre_semana
2024-04-24,Sancocho de Gallina,Sopas,3,mesa,60000,Miércoles,entre_semana
2024-04-24,Sancocho de Gallina,Sopas,3,domicilio,60000,Miércoles,entre_semana
2024-04-24,Frijoles con Pezuña,Sopas,3,mesa,50000,Miércoles,entre_semana
2024-04-24,Frijoles con Pezuña,Sopas,2,domicilio,50000,Miércoles,entre_semana
2024-04-24,Pata,Sopas,1,mesa,27000,Miércoles,entre_semana
2024-04-24,Pata,Sopas,1,domicilio,27000,Miércoles,entre_semana
2024-04-24,Cola de Buey,Sopas,3,mesa,60000,Miércoles,entre_semana
2024-04-24,Cola de Buey,Sopas,5,domicilio,60000,Miércoles,entre_semana
2024-04-24,Cazuela de Mariscos,Sopas,1,mesa,53000,Miércoles,entre_semana
2024-04-24,Cazuela de Mariscos,Sopas,1,domicilio,53000,Miércoles,entre_semana
2024-04-24,Carne Asada (Chatas),Carnes,10,mesa,56000,Miércoles,entre_semana
2024-04-24,Carne Asada (Chatas),Carnes,11,domicilio,56000,Miércoles,entre_semana
2024-04-24,Carne Oreada,Carnes,3,mesa,56000,Miércoles,entre_semana
2024-04-24,Carne Oreada,Carnes,3,domicilio,56000,Miércoles,entre_semana
2024-04-24,Cabro con Pepitoria,Carnes,10,mesa,56000,Miércoles,entre_semana
2024-04-24,Cabro con Pepitoria,Carnes,10,domicilio,56000,Miércoles,entre_semana
2024-04-24,Costillas de Cerdo,Carnes,6,mesa,54000,Miércoles,entre_semana
2024-04-24,Costillas de Cerdo,Carnes,5,domicilio,54000,Miércoles,entre_semana
2024-04-24,Lomo de Cerdo,Carnes,3,mesa,54000,Miércoles,entre_semana
2024-04-24,Lomo de Cerdo,Carnes,4,domicilio,54000,Miércoles,entre_semana
2024-04-24,Sobrebarriga,Carnes,11,mesa,54000,Miércoles,entre_semana
2024-04-24,Sobrebarriga,Carnes,10,domicilio,54000,Miércoles,entre_semana
2024-04-24,Pechuga Asada,Carnes,2,mesa,52000,Miércoles,entre_semana
2024-04-24,Pechuga Asada,Carnes,3,domicilio,52000,Miércoles,entre_semana
2024-04-24,Mojarra 2en1,Pescados,4,mesa,50000,Miércoles,entre_semana
2024-04-24,Mojarra 2en1,Pescados,4,domicilio,50000,Miércoles,entre_semana
2024-04-24,Trucha 2en1,Pescados,1,mesa,50000,Miércoles,entre_semana
2024-04-24,Trucha 2en1,Pescados,1,domicilio,50000,Miércoles,entre_semana
2024-04-24,Tierra Aire Mar,Pescados,1,domicilio,90000,Miércoles,entre_semana
2024-04-24,Arroz con Pollo,Arroces,7,mesa,45000,Miércoles,entre_semana
2024-04-24,Arroz con Pollo,Arroces,8,domicilio,45000,Miércoles,entre_semana
2024-04-24,Almuerzo Ejecutivo,Corrientes,42,mesa,25000,Miércoles,entre_semana
2024-04-24,Almuerzo Ejecutivo,Corrientes,41,domicilio,25000,Miércoles,entre_semana
2024-04-25,Lengua en salsa,Sopas,1,mesa,60000,Jueves,entre_semana
2024-04-25,Lengua en salsa,Sopas,1,domicilio,60000,Jueves,entre_semana
2024-04-25,Sancocho de Gallina,Sopas,3,mesa,60000,Jueves,entre_semana
2024-04-25,Sancocho de Gallina,Sopas,3,domicilio,60000,Jueves,entre_semana
2024-04-25,Frijoles con Pezuña,Sopas,4,mesa,50000,Jueves,entre_semana
2024-04-25,Frijoles con Pezuña,Sopas,2,domicilio,50000,Jueves,entre_semana
2024-04-25,Pata,Sopas,1,mesa,27000,Jueves,entre_semana
2024-04-25,Pata,Sopas,1,domicilio,27000,Jueves,entre_semana
2024-04-25,Cola de Buey,Sopas,2,mesa,60000,Jueves,entre_semana
2024-04-25,Cola de Buey,Sopas,4,domicilio,60000,Jueves,entre_semana
2024-04-25,Cazuela de Mariscos,Sopas,1,mesa,53000,Jueves,entre_semana
2024-04-25,Cazuela de Mariscos,Sopas,1,domicilio,53000,Jueves,entre_semana
2024-04-25,Carne Asada (Chatas),Carnes,10,mesa,56000,Jueves,entre_semana
2024-04-25,Carne Asada (Chatas),Carnes,8,domicilio,56000,Jueves,entre_semana
2024-04-25,Carne Oreada,Carnes,3,mesa,56000,Jueves,entre_semana
2024-04-25,Carne Oreada,Carnes,3,domicilio,56000,Jueves,entre_semana
2024-04-25,Cabro con Pepitoria,Carnes,9,mesa,56000,Jueves,entre_semana
2024-04-25,Cabro con Pepitoria,Carnes,8,domicilio,56000,Jueves,entre_semana
2024-04-25,Costillas de Cerdo,Carnes,5,mesa,54000,Jueves,entre_semana
2024-04-25,Costillas de Cerdo,Carnes,6,domicilio,54000,Jueves,entre_semana
2024-04-25,Lomo de Cerdo,Carnes,4,mesa,54000,Jueves,entre_semana
2024-04-25,Lomo de Cerdo,Carnes,5,domicilio,54000,Jueves,entre_semana
2024-04-25,Sobrebarriga,Carnes,9,mesa,54000,Jueves,entre_semana
2024-04-25,Sobrebarriga,Carnes,11,domicilio,54000,Jueves,entre_semana
2024-04-25,Pechuga Asada,Carnes,2,mesa,52000,Jueves,entre_semana
2024-04-25,Pechuga Asada,Carnes,5,domicilio,52000,Jueves,entre_semana
2024-04-25,Mojarra 2en1,Pescados,5,mesa,50000,Jueves,entre_semana
2024-04-25,Mojarra 2en1,Pescados,4,domicilio,50000,Jueves,entre_semana
2024-04-25,Trucha 2en1,Pescados,1,mesa,50000,Jueves,entre_semana
2024-04-25,Trucha 2en1,Pescados,1,domicilio,50000,Jueves,entre_semana
2024-04-25,Tierra Aire Mar,Pescados,1,domicilio,90000,Jueves,entre_semana
2024-04-25,Arroz con Pollo,Arroces,8,mesa,45000,Jueves,entre_semana
2024-04-25,Arroz con Pollo,Arroces,8,domicilio,45000,Jueves,entre_semana
2024-04-25,Almuerzo Ejecutivo,Corrientes,54,mesa,25000,Jueves,entre_semana
2024-04-25,Almuerzo Ejecutivo,Corrientes,48,domicilio,25000,Jueves,entre_semana
2024-04-26,Lengua en salsa,Sopas,1,mesa,60000,Viernes,entre_semana
2024-04-26,Lengua en salsa,Sopas,1,domicilio,60000,Viernes,entre_semana
2024-04-26,Sancocho de Gallina,Sopas,3,mesa,60000,Viernes,entre_semana
2024-04-26,Sancocho de Gallina,Sopas,3,domicilio,60000,Viernes,entre_semana
2024-04-26,Frijoles con Pezuña,Sopas,3,mesa,50000,Viernes,entre_semana
2024-04-26,Frijoles con Pezuña,Sopas,2,domicilio,50000,Viernes,entre_semana
2024-04-26,Pata,Sopas,1,mesa,27000,Viernes,entre_semana
2024-04-26,Pata,Sopas,1,domicilio,27000,Viernes,entre_semana
2024-04-26,Cola de Buey,Sopas,3,mesa,60000,Viernes,entre_semana
2024-04-26,Cola de Buey,Sopas,5,domicilio,60000,Viernes,entre_semana
2024-04-26,Cazuela de Mariscos,Sopas,1,mesa,53000,Viernes,entre_semana
2024-04-26,Cazuela de Mariscos,Sopas,1,domicilio,53000,Viernes,entre_semana
2024-04-26,Carne Asada (Chatas),Carnes,8,mesa,56000,Viernes,entre_semana
2024-04-26,Carne Asada (Chatas),Carnes,11,domicilio,56000,Viernes,entre_semana
2024-04-26,Carne Oreada,Carnes,3,mesa,56000,Viernes,entre_semana
2024-04-26,Carne Oreada,Carnes,3,domicilio,56000,Viernes,entre_semana
2024-04-26,Cabro con Pepitoria,Carnes,8,mesa,56000,Viernes,entre_semana
2024-04-26,Cabro con Pepitoria,Carnes,9,domicilio,56000,Viernes,entre_semana
2024-04-26,Costillas de Cerdo,Carnes,5,mesa,54000,Viernes,entre_semana
2024-04-26,Costillas de Cerdo,Carnes,5,domicilio,54000,Viernes,entre_semana
2024-04-26,Lomo de Cerdo,Carnes,5,mesa,54000,Viernes,entre_semana
2024-04-26,Lomo de Cerdo,Carnes,5,domicilio,54000,Viernes,entre_semana
2024-04-26,Sobrebarriga,Carnes,10,mesa,54000,Viernes,entre_semana
2024-04-26,Sobrebarriga,Carnes,8,domicilio,54000,Viernes,entre_semana
2024-04-26,Pechuga Asada,Carnes,2,mesa,52000,Viernes,entre_semana
2024-04-26,Pechuga Asada,Carnes,4,domicilio,52000,Viernes,entre_semana
2024-04-26,Mojarra 2en1,Pescados,4,mesa,50000,Viernes,entre_semana
2024-04-26,Mojarra 2en1,Pescados,4,domicilio,50000,Viernes,entre_semana
2024-04-26,Trucha 2en1,Pescados,1,mesa,50000,Viernes,entre_semana
2024-04-26,Trucha 2en1,Pescados,1,domicilio,50000,Viernes,entre_semana
2024-04-26,Tierra Aire Mar,Pescados,1,domicilio,90000,Viernes,entre_semana
2024-04-26,Arroz con Pollo,Arroces,8,mesa,45000,Viernes,entre_semana
2024-04-26,Arroz con Pollo,Arroces,8,domicilio,45000,Viernes,entre_semana
2024-04-26,Almuerzo Ejecutivo,Corrientes,53,mesa,25000,Viernes,entre_semana
2024-04-26,Almuerzo Ejecutivo,Corrientes,45,domicilio,25000,Viernes,entre_semana
2024-04-27,Lengua en salsa,Sopas,2,mesa,60000,Sábado,sabado
2024-04-27,Lengua en salsa,Sopas,2,domicilio,60000,Sábado,sabado
2024-04-27,Mute,Sopas,16,mesa,30000,Sábado,sabado
2024-04-27,Mute,Sopas,16,domicilio,30000,Sábado,sabado
2024-04-27,Sancocho de Gallina,Sopas,12,mesa,60000,Sábado,sabado
2024-04-27,Sancocho de Gallina,Sopas,12,domicilio,60000,Sábado,sabado
2024-04-27,Frijoles con Pezuña,Sopas,4,mesa,50000,Sábado,sabado
2024-04-27,Frijoles con Pezuña,Sopas,5,domicilio,50000,Sábado,sabado
2024-04-27,Pata,Sopas,3,mesa,27000,Sábado,sabado
2024-04-27,Pata,Sopas,2,domicilio,27000,Sábado,sabado
2024-04-27,Cola de Buey,Sopas,5,mesa,60000,Sábado,sabado
2024-04-27,Cola de Buey,Sopas,10,domicilio,60000,Sábado,sabado
2024-04-27,Cazuela de Mariscos,Sopas,2,mesa,53000,Sábado,sabado
2024-04-27,Cazuela de Mariscos,Sopas,2,domicilio,53000,Sábado,sabado
2024-04-27,Carne Asada (Chatas),Carnes,14,mesa,56000,Sábado,sabado
2024-04-27,Carne Asada (Chatas),Carnes,13,domicilio,56000,Sábado,sabado
2024-04-27,Carne Oreada,Carnes,6,mesa,56000,Sábado,sabado
2024-04-27,Carne Oreada,Carnes,4,domicilio,56000,Sábado,sabado
2024-04-27,Cabro con Pepitoria,Carnes,14,mesa,56000,Sábado,sabado
2024-04-27,Cabro con Pepitoria,Carnes,13,domicilio,56000,Sábado,sabado
2024-04-27,Costillas de Cerdo,Carnes,7,mesa,54000,Sábado,sabado
2024-04-27,Costillas de Cerdo,Carnes,11,domicilio,54000,Sábado,sabado
2024-04-27,Lomo de Cerdo,Carnes,7,mesa,54000,Sábado,sabado
2024-04-27,Lomo de Cerdo,Carnes,5,domicilio,54000,Sábado,sabado
2024-04-27,Sobrebarriga,Carnes,17,mesa,54000,Sábado,sabado
2024-04-27,Sobrebarriga,Carnes,12,domicilio,54000,Sábado,sabado
2024-04-27,Pechuga Asada,Carnes,4,mesa,52000,Sábado,sabado
2024-04-27,Pechuga Asada,Carnes,6,domicilio,52000,Sábado,sabado
2024-04-27,Mojarra 2en1,Pescados,9,mesa,50000,Sábado,sabado
2024-04-27,Mojarra 2en1,Pescados,7,domicilio,50000,Sábado,sabado
2024-04-27,Trucha 2en1,Pescados,2,mesa,50000,Sábado,sabado
2024-04-27,Trucha 2en1,Pescados,2,domicilio,50000,Sábado,sabado
2024-04-27,Tierra Aire Mar,Pescados,1,mesa,90000,Sábado,sabado
2024-04-27,Tierra Aire Mar,Pescados,1,domicilio,90000,Sábado,sabado
2024-04-27,Arroz con Pollo,Arroces,11,mesa,45000,Sábado,sabado
2024-04-27,Arroz con Pollo,Arroces,12,domicilio,45000,Sábado,sabado
2024-04-27,Almuerzo Ejecutivo,Corrientes,46,domicilio,25000,Sábado,sabado
2024-04-28,Lengua en salsa,Sopas,5,mesa,60000,Domingo,domingo
2024-04-28,Lengua en salsa,Sopas,3,domicilio,60000,Domingo,domingo
2024-04-28,Mute,Sopas,40,mesa,30000,Domingo,domingo
2024-04-28,Mute,Sopas,29,domicilio,30000,Domingo,domingo
2024-04-28,Sancocho de Gallina,Sopas,27,mesa,60000,Domingo,domingo
2024-04-28,Sancocho de Gallina,Sopas,19,domicilio,60000,Domingo,domingo
2024-04-28,Pata,Sopas,6,mesa,27000,Domingo,domingo
2024-04-28,Pata,Sopas,3,domicilio,27000,Domingo,domingo
2024-04-28,Cola de Buey,Sopas,10,mesa,60000,Domingo,domingo
2024-04-28,Cola de Buey,Sopas,18,domicilio,60000,Domingo,domingo
2024-04-28,Cazuela de Mariscos,Sopas,4,mesa,53000,Domingo,domingo
2024-04-28,Cazuela de Mariscos,Sopas,3,domicilio,53000,Domingo,domingo
2024-04-28,Carne Asada (Chatas),Carnes,30,mesa,56000,Domingo,domingo
2024-04-28,Carne Asada (Chatas),Carnes,31,domicilio,56000,Domingo,domingo
2024-04-28,Carne Oreada,Carnes,13,mesa,56000,Domingo,domingo
2024-04-28,Carne Oreada,Carnes,10,domicilio,56000,Domingo,domingo
2024-04-28,Cabro con Pepitoria,Carnes,27,mesa,56000,Domingo,domingo
2024-04-28,Cabro con Pepitoria,Carnes,25,domicilio,56000,Domingo,domingo
2024-04-28,Costillas de Cerdo,Carnes,16,mesa,54000,Domingo,domingo
2024-04-28,Costillas de Cerdo,Carnes,22,domicilio,54000,Domingo,domingo
2024-04-28,Lomo de Cerdo,Carnes,15,mesa,54000,Domingo,domingo
2024-04-28,Lomo de Cerdo,Carnes,10,domicilio,54000,Domingo,domingo
2024-04-28,Sobrebarriga,Carnes,25,mesa,54000,Domingo,domingo
2024-04-28,Sobrebarriga,Carnes,32,domicilio,54000,Domingo,domingo
2024-04-28,Pechuga Asada,Carnes,9,mesa,52000,Domingo,domingo
2024-04-28,Pechuga Asada,Carnes,14,domicilio,52000,Domingo,domingo
2024-04-28,Mojarra 2en1,Pescados,16,mesa,50000,Domingo,domingo
2024-04-28,Mojarra 2en1,Pescados,15,domicilio,50000,Domingo,domingo
2024-04-28,Trucha 2en1,Pescados,3,mesa,50000,Domingo,domingo
2024-04-28,Trucha 2en1,Pescados,4,domicilio,50000,Domingo,domingo
2024-04-28,Tierra Aire Mar,Pescados,2,mesa,90000,Domingo,domingo
2024-04-28,Tierra Aire Mar,Pescados,2,domicilio,90000,Domingo,domingo
2024-04-28,Arroz con Pollo,Arroces,27,mesa,45000,Domingo,domingo
2024-04-28,Arroz con Pollo,Arroces,29,domicilio,45000,Domingo,domingo
2024-04-30,Lengua en salsa,Sopas,1,mesa,60000,Martes,entre_semana
2024-04-30,Lengua en salsa,Sopas,1,domicilio,60000,Martes,entre_semana
2024-04-30,Sancocho de Gallina,Sopas,3,mesa,60000,Martes,entre_semana
2024-04-30,Sancocho de Gallina,Sopas,3,domicilio,60000,Martes,entre_semana
2024-04-30,Frijoles con Pezuña,Sopas,3,mesa,50000,Martes,entre_semana
2024-04-30,Frijoles con Pezuña,Sopas,2,domicilio,50000,Martes,entre_semana
2024-04-30,Pata,Sopas,1,mesa,27000,Martes,entre_semana
2024-04-30,Pata,Sopas,1,domicilio,27000,Martes,entre_semana
2024-04-30,Cola de Buey,Sopas,3,mesa,60000,Martes,entre_semana
2024-04-30,Cola de Buey,Sopas,3,domicilio,60000,Martes,entre_semana
2024-04-30,Cazuela de Mariscos,Sopas,1,mesa,53000,Martes,entre_semana
2024-04-30,Cazuela de Mariscos,Sopas,1,domicilio,53000,Martes,entre_semana
2024-04-30,Carne Asada (Chatas),Carnes,8,mesa,56000,Martes,entre_semana
2024-04-30,Carne Asada (Chatas),Carnes,10,domicilio,56000,Martes,entre_semana
2024-04-30,Carne Oreada,Carnes,3,mesa,56000,Martes,entre_semana
2024-04-30,Carne Oreada,Carnes,3,domicilio,56000,Martes,entre_semana
2024-04-30,Cabro con Pepitoria,Carnes,8,mesa,56000,Martes,entre_semana
2024-04-30,Cabro con Pepitoria,Carnes,8,domicilio,56000,Martes,entre_semana
2024-04-30,Costillas de Cerdo,Carnes,4,mesa,54000,Martes,entre_semana
2024-04-30,Costillas de Cerdo,Carnes,7,domicilio,54000,Martes,entre_semana
2024-04-30,Lomo de Cerdo,Carnes,5,mesa,54000,Martes,entre_semana
2024-04-30,Lomo de Cerdo,Carnes,4,domicilio,54000,Martes,entre_semana
2024-04-30,Sobrebarriga,Carnes,9,mesa,54000,Martes,entre_semana
2024-04-30,Sobrebarriga,Carnes,10,domicilio,54000,Martes,entre_semana
2024-04-30,Pechuga Asada,Carnes,2,mesa,52000,Martes,entre_semana
2024-04-30,Pechuga Asada,Carnes,4,domicilio,52000,Martes,entre_semana
2024-04-30,Mojarra 2en1,Pescados,4,mesa,50000,Martes,entre_semana
2024-04-30,Mojarra 2en1,Pescados,4,domicilio,50000,Martes,entre_semana
2024-04-30,Trucha 2en1,Pescados,1,mesa,50000,Martes,entre_semana
2024-04-30,Trucha 2en1,Pescados,1,domicilio,50000,Martes,entre_semana
2024-04-30,Tierra Aire Mar,Pescados,1,domicilio,90000,Martes,entre_semana
2024-04-30,Arroz con Pollo,Arroces,8,mesa,45000,Martes,entre_semana
2024-04-30,Arroz con Pollo,Arroces,7,domicilio,45000,Martes,entre_semana
2024-04-30,Almuerzo Ejecutivo,Corrientes,46,mesa,25000,Martes,entre_semana
2024-04-30,Almuerzo Ejecutivo,Corrientes,46,domicilio,25000,Martes,entre_semana
2024-05-01,Lengua en salsa,Sopas,3,mesa,60000,Miércoles,festivo
2024-05-01,Lengua en salsa,Sopas,2,domicilio,60000,Miércoles,festivo
2024-05-01,Mute,Sopas,26,mesa,30000,Miércoles,festivo
2024-05-01,Mute,Sopas,22,domicilio,30000,Miércoles,festivo
2024-05-01,Sancocho de Gallina,Sopas,20,mesa,60000,Miércoles,festivo
2024-05-01,Sancocho de Gallina,Sopas,11,domicilio,60000,Miércoles,festivo
2024-05-01,Pata,Sopas,4,mesa,27000,Miércoles,festivo
2024-05-01,Pata,Sopas,2,domicilio,27000,Miércoles,festivo
2024-05-01,Cola de Buey,Sopas,6,mesa,60000,Miércoles,festivo
2024-05-01,Cola de Buey,Sopas,10,domicilio,60000,Miércoles,festivo
2024-05-01,Cazuela de Mariscos,Sopas,3,mesa,53000,Miércoles,festivo
2024-05-01,Cazuela de Mariscos,Sopas,2,domicilio,53000,Miércoles,festivo
2024-05-01,Carne Asada (Chatas),Carnes,22,mesa,56000,Miércoles,festivo
2024-05-01,Carne Asada (Chatas),Carnes,24,domicilio,56000,Miércoles,festivo
2024-05-01,Carne Oreada,Carnes,7,mesa,56000,Miércoles,festivo
2024-05-01,Carne Oreada,Carnes,6,domicilio,56000,Miércoles,festivo
2024-05-01,Cabro con Pepitoria,Carnes,21,mesa,56000,Miércoles,festivo
2024-05-01,Cabro con Pepitoria,Carnes,16,domicilio,56000,Miércoles,festivo
2024-05-01,Costillas de Cerdo,Carnes,10,mesa,54000,Miércoles,festivo
2024-05-01,Costillas de Cerdo,Carnes,10,domicilio,54000,Miércoles,festivo
2024-05-01,Lomo de Cerdo,Carnes,8,mesa,54000,Miércoles,festivo
2024-05-01,Lomo de Cerdo,Carnes,8,domicilio,54000,Miércoles,festivo
2024-05-01,Sobrebarriga,Carnes,23,mesa,54000,Miércoles,festivo
2024-05-01,Sobrebarriga,Carnes,23,domicilio,54000,Miércoles,festivo
2024-05-01,Pechuga Asada,Carnes,6,mesa,52000,Miércoles,festivo
2024-05-01,Pechuga Asada,Carnes,7,domicilio,52000,Miércoles,festivo
2024-05-01,Mojarra 2en1,Pescados,12,mesa,50000,Miércoles,festivo
2024-05-01,Mojarra 2en1,Pescados,10,domicilio,50000,Miércoles,festivo
2024-05-01,Trucha 2en1,Pescados,2,mesa,50000,Miércoles,festivo
2024-05-01,Trucha 2en1,Pescados,2,domicilio,50000,Miércoles,festivo
2024-05-01,Tierra Aire Mar,Pescados,2,mesa,90000,Miércoles,festivo
2024-05-01,Tierra Aire Mar,Pescados,2,domicilio,90000,Miércoles,festivo
2024-05-01,Arroz con Pollo,Arroces,24,mesa,45000,Miércoles,festivo
2024-05-01,Arroz con Pollo,Arroces,22,domicilio,45000,Miércoles,festivo
2024-05-02,Lengua en salsa,Sopas,1,mesa,60000,Jueves,entre_semana
2024-05-02,Lengua en salsa,Sopas,1,domicilio,60000,Jueves,entre_semana
2024-05-02,Sancocho de Gallina,Sopas,3,mesa,60000,Jueves,entre_semana
2024-05-02,Sancocho de Gallina,Sopas,3,domicilio,60000,Jueves,entre_semana
2024-05-02,Frijoles con Pezuña,Sopas,3,mesa,50000,Jueves,entre_semana
2024-05-02,Frijoles con Pezuña,Sopas,2,domicilio,50000,Jueves,entre_semana
2024-05-02,Pata,Sopas,1,mesa,27000,Jueves,entre_semana
2024-05-02,Pata,Sopas,1,domicilio,27000,Jueves,entre_semana
2024-05-02,Cola de Buey,Sopas,3,mesa,60000,Jueves,entre_semana
2024-05-02,Cola de Buey,Sopas,3,domicilio,60000,Jueves,entre_semana
2024-05-02,Cazuela de Mariscos,Sopas,1,mesa,53000,Jueves,entre_semana
2024-05-02,Cazuela de Mariscos,Sopas,1,domicilio,53000,Jueves,entre_semana
2024-05-02,Carne Asada (Chatas),Carnes,10,mesa,56000,Jueves,entre_semana
2024-05-02,Carne Asada (Chatas),Carnes,8,domicilio,56000,Jueves,entre_semana
2024-05-02,Carne Oreada,Carnes,2,mesa,56000,Jueves,entre_semana
2024-05-02,Carne Oreada,Carnes,3,domicilio,56000,Jueves,entre_semana
2024-05-02,Cabro con Pepitoria,Carnes,10,mesa,56000,Jueves,entre_semana
2024-05-02,Cabro con Pepitoria,Carnes,8,domicilio,56000,Jueves,entre_semana
2024-05-02,Costillas de Cerdo,Carnes,5,mesa,54000,Jueves,entre_semana
2024-05-02,Costillas de Cerdo,Carnes,5,domicilio,54000,Jueves,entre_semana
2024-05-02,Lomo de Cerdo,Carnes,5,mesa,54000,Jueves,entre_semana
2024-05-02,Lomo de Cerdo,Carnes,4,domicilio,54000,Jueves,entre_semana
2024-05-02,Sobrebarriga,Carnes,10,mesa,54000,Jueves,entre_semana
2024-05-02,Sobrebarriga,Carnes,8,domicilio,54000,Jueves,entre_semana
2024-05-02,Pechuga Asada,Carnes,2,mesa,52000,Jueves,entre_semana
2024-05-02,Pechuga Asada,Carnes,3,domicilio,52000,Jueves,entre_semana
2024-05-02,Mojarra 2en1,Pescados,4,mesa,50000,Jueves,entre_semana
2024-05-02,Mojarra 2en1,Pescados,4,domicilio,50000,Jueves,entre_semana
2024-05-02,Trucha 2en1,Pescados,1,mesa,50000,Jueves,entre_semana
2024-05-02,Trucha 2en1,Pescados,1,domicilio,50000,Jueves,entre_semana
2024-05-02,Tierra Aire Mar,Pescados,1,domicilio,90000,Jueves,entre_semana
2024-05-02,Arroz con Pollo,Arroces,7,mesa,45000,Jueves,entre_semana
2024-05-02,Arroz con Pollo,Arroces,8,domicilio,45000,Jueves,entre_semana
2024-05-02,Almuerzo Ejecutivo,Corrientes,38,mesa,25000,Jueves,entre_semana
2024-05-02,Almuerzo Ejecutivo,Corrientes,45,domicilio,25000,Jueves,entre_semana
2024-05-03,Lengua en salsa,Sopas,1,mesa,60000,Viernes,entre_semana
2024-05-03,Lengua en salsa,Sopas,1,domicilio,60000,Viernes,entre_semana
2024-05-03,Sancocho de Gallina,Sopas,2,mesa,60000,Viernes,entre_semana
2024-05-03,Sancocho de Gallina,Sopas,3,domicilio,60000,Viernes,entre_semana
2024-05-03,Frijoles con Pezuña,Sopas,3,mesa,50000,Viernes,entre_semana
2024-05-03,Frijoles con Pezuña,Sopas,2,domicilio,50000,Viernes,entre_semana
2024-05-03,Pata,Sopas,1,mesa,27000,Viernes,entre_semana
2024-05-03,Pata,Sopas,1,domicilio,27000,Viernes,entre_semana
2024-05-03,Cola de Buey,Sopas,3,mesa,60000,Viernes,entre_semana
2024-05-03,Cola de Buey,Sopas,4,domicilio,60000,Viernes,entre_semana
2024-05-03,Cazuela de Mariscos,Sopas,1,mesa,53000,Viernes,entre_semana
2024-05-03,Cazuela de Mariscos,Sopas,1,domicilio,53000,Viernes,entre_semana
2024-05-03,Carne Asada (Chatas),Carnes,9,mesa,56000,Viernes,entre_semana
2024-05-03,Carne Asada (Chatas),Carnes,8,domicilio,56000,Viernes,entre_semana
2024-05-03,Carne Oreada,Carnes,3,mesa,56000,Viernes,entre_semana
2024-05-03,Carne Oreada,Carnes,3,domicilio,56000,Viernes,entre_semana
2024-05-03,Cabro con Pepitoria,Carnes,9,mesa,56000,Viernes,entre_semana
2024-05-03,Cabro con Pepitoria,Carnes,10,domicilio,56000,Viernes,entre_semana
2024-05-03,Costillas de Cerdo,Carnes,5,mesa,54000,Viernes,entre_semana
2024-05-03,Costillas de Cerdo,Carnes,6,domicilio,54000,Viernes,entre_semana
2024-05-03,Lomo de Cerdo,Carnes,3,mesa,54000,Viernes,entre_semana
2024-05-03,Lomo de Cerdo,Carnes,4,domicilio,54000,Viernes,entre_semana
2024-05-03,Sobrebarriga,Carnes,9,mesa,54000,Viernes,entre_semana
2024-05-03,Sobrebarriga,Carnes,9,domicilio,54000,Viernes,entre_semana
2024-05-03,Pechuga Asada,Carnes,2,mesa,52000,Viernes,entre_semana
2024-05-03,Pechuga Asada,Carnes,3,domicilio,52000,Viernes,entre_semana
2024-05-03,Mojarra 2en1,Pescados,4,mesa,50000,Viernes,entre_semana
2024-05-03,Mojarra 2en1,Pescados,4,domicilio,50000,Viernes,entre_semana
2024-05-03,Trucha 2en1,Pescados,1,mesa,50000,Viernes,entre_semana
2024-05-03,Trucha 2en1,Pescados,1,domicilio,50000,Viernes,entre_semana
2024-05-03,Tierra Aire Mar,Pescados,1,domicilio,90000,Viernes,entre_semana
2024-05-03,Arroz con Pollo,Arroces,9,mesa,45000,Viernes,entre_semana
2024-05-03,Arroz con Pollo,Arroces,6,domicilio,45000,Viernes,entre_semana
2024-05-03,Almuerzo Ejecutivo,Corrientes,51,mesa,25000,Viernes,entre_semana
2024-05-03,Almuerzo Ejecutivo,Corrientes,39,domicilio,25000,Viernes,entre_semana
2024-05-04,Lengua en salsa,Sopas,2,mesa,60000,Sábado,sabado
2024-05-04,Lengua en salsa,Sopas,2,domicilio,60000,Sábado,sabado
2024-05-04,Mute,Sopas,16,mesa,30000,Sábado,sabado
2024-05-04,Mute,Sopas,15,domicilio,30000,Sábado,sabado
2024-05-04,Sancocho de Gallina,Sopas,10,mesa,60000,Sábado,sabado
2024-05-04,Sancocho de Gallina,Sopas,8,domicilio,60000,Sábado,sabado
2024-05-04,Frijoles con Pezuña,Sopas,4,mesa,50000,Sábado,sabado
2024-05-04,Frijoles con Pezuña,Sopas,4,domicilio,50000,Sábado,sabado
2024-05-04,Pata,Sopas,3,mesa,27000,Sábado,sabado
2024-05-04,Pata,Sopas,2,domicilio,27000,Sábado,sabado
2024-05-04,Cola de Buey,Sopas,4,mesa,60000,Sábado,sabado
2024-05-04,Cola de Buey,Sopas,9,domicilio,60000,Sábado,sabado
2024-05-04,Cazuela de Mariscos,Sopas,2,mesa,53000,Sábado,sabado
2024-05-04,Cazuela de Mariscos,Sopas,2,domicilio,53000,Sábado,sabado
2024-05-04,Carne Asada (Chatas),Carnes,14,mesa,56000,Sábado,sabado
2024-05-04,Carne Asada (Chatas),Carnes,16,domicilio,56000,Sábado,sabado
2024-05-04,Carne Oreada,Carnes,6,mesa,56000,Sábado,sabado
2024-05-04,Carne Oreada,Carnes,3,domicilio,56000,Sábado,sabado
2024-05-04,Cabro con Pepitoria,Carnes,14,mesa,56000,Sábado,sabado
2024-05-04,Cabro con Pepitoria,Carnes,16,domicilio,56000,Sábado,sabado
2024-05-04,Costillas de Cerdo,Carnes,7,mesa,54000,Sábado,sabado
2024-05-04,Costillas de Cerdo,Carnes,11,domicilio,54000,Sábado,sabado
2024-05-04,Lomo de Cerdo,Carnes,8,mesa,54000,Sábado,sabado
2024-05-04,Lomo de Cerdo,Carnes,6,domicilio,54000,Sábado,sabado
2024-05-04,Sobrebarriga,Carnes,15,mesa,54000,Sábado,sabado
2024-05-04,Sobrebarriga,Carnes,18,domicilio,54000,Sábado,sabado
2024-05-04,Pechuga Asada,Carnes,3,mesa,52000,Sábado,sabado
2024-05-04,Pechuga Asada,Carnes,6,domicilio,52000,Sábado,sabado
2024-05-04,Mojarra 2en1,Pescados,8,mesa,50000,Sábado,sabado
2024-05-04,Mojarra 2en1,Pescados,8,domicilio,50000,Sábado,sabado
2024-05-04,Trucha 2en1,Pescados,2,mesa,50000,Sábado,sabado
2024-05-04,Trucha 2en1,Pescados,2,domicilio,50000,Sábado,sabado
2024-05-04,Tierra Aire Mar,Pescados,1,mesa,90000,Sábado,sabado
2024-05-04,Tierra Aire Mar,Pescados,1,domicilio,90000,Sábado,sabado
2024-05-04,Arroz con Pollo,Arroces,14,mesa,45000,Sábado,sabado
2024-05-04,Arroz con Pollo,Arroces,10,domicilio,45000,Sábado,sabado
2024-05-04,Almuerzo Ejecutivo,Corrientes,42,domicilio,25000,Sábado,sabado
2024-05-05,Lengua en salsa,Sopas,4,mesa,60000,Domingo,domingo
2024-05-05,Lengua en salsa,Sopas,3,domicilio,60000,Domingo,domingo
2024-05-05,Mute,Sopas,48,mesa,30000,Domingo,domingo
2024-05-05,Mute,Sopas,30,domicilio,30000,Domingo,domingo
2024-05-05,Sancocho de Gallina,Sopas,25,mesa,60000,Domingo,domingo
2024-05-05,Sancocho de Gallina,Sopas,21,domicilio,60000,Domingo,domingo
2024-05-05,Pata,Sopas,5,mesa,27000,Domingo,domingo
2024-05-05,Pata,Sopas,4,domicilio,27000,Domingo,domingo
2024-05-05,Cola de Buey,Sopas,11,mesa,60000,Domingo,domingo
2024-05-05,Cola de Buey,Sopas,16,domicilio,60000,Domingo,domingo
2024-05-05,Cazuela de Mariscos,Sopas,4,mesa,53000,Domingo,domingo
2024-05-05,Cazuela de Mariscos,Sopas,3,domicilio,53000,Domingo,domingo
2024-05-05,Carne Asada (Chatas),Carnes,25,mesa,56000,Domingo,domingo
2024-05-05,Carne Asada (Chatas),Carnes,26,domicilio,56000,Domingo,domingo
2024-05-05,Carne Oreada,Carnes,10,mesa,56000,Domingo,domingo
2024-05-05,Carne Oreada,Carnes,8,domicilio,56000,Domingo,domingo
2024-05-05,Cabro con Pepitoria,Carnes,27,mesa,56000,Domingo,domingo
2024-05-05,Cabro con Pepitoria,Carnes,26,domicilio,56000,Domingo,domingo
2024-05-05,Costillas de Cerdo,Carnes,13,mesa,54000,Domingo,domingo
2024-05-05,Costillas de Cerdo,Carnes,19,domicilio,54000,Domingo,domingo
2024-05-05,Lomo de Cerdo,Carnes,14,mesa,54000,Domingo,domingo
2024-05-05,Lomo de Cerdo,Carnes,11,domicilio,54000,Domingo,domingo
2024-05-05,Sobrebarriga,Carnes,26,mesa,54000,Domingo,domingo
2024-05-05,Sobrebarriga,Carnes,35,domicilio,54000,Domingo,domingo
2024-05-05,Pechuga Asada,Carnes,7,mesa,52000,Domingo,domingo
2024-05-05,Pechuga Asada,Carnes,14,domicilio,52000,Domingo,domingo
2024-05-05,Mojarra 2en1,Pescados,13,mesa,50000,Domingo,domingo
2024-05-05,Mojarra 2en1,Pescados,13,domicilio,50000,Domingo,domingo
2024-05-05,Trucha 2en1,Pescados,4,mesa,50000,Domingo,domingo
2024-05-05,Trucha 2en1,Pescados,4,domicilio,50000,Domingo,domingo
2024-05-05,Tierra Aire Mar,Pescados,2,mesa,90000,Domingo,domingo
2024-05-05,Tierra Aire Mar,Pescados,2,domicilio,90000,Domingo,domingo
2024-05-05,Arroz con Pollo,Arroces,26,mesa,45000,Domingo,domingo
2024-05-05,Arroz con Pollo,Arroces,23,domicilio,45000,Domingo,domingo
2024-05-07,Lengua en salsa,Sopas,1,mesa,60000,Martes,entre_semana
2024-05-07,Lengua en salsa,Sopas,1,domicilio,60000,Martes,entre_semana
2024-05-07,Sancocho de Gallina,Sopas,3,mesa,60000,Martes,entre_semana
2024-05-07,Sancocho de Gallina,Sopas,3,domicilio,60000,Martes,entre_semana
2024-05-07,Frijoles con Pezuña,Sopas,3,mesa,50000,Martes,entre_semana
2024-05-07,Frijoles con Pezuña,Sopas,2,domicilio,50000,Martes,entre_semana
2024-05-07,Pata,Sopas,1,mesa,27000,Martes,entre_semana
2024-05-07,Pata,Sopas,1,domicilio,27000,Martes,entre_semana
2024-05-07,Cola de Buey,Sopas,3,mesa,60000,Martes,entre_semana
2024-05-07,Cola de Buey,Sopas,4,domicilio,60000,Martes,entre_semana
2024-05-07,Cazuela de Mariscos,Sopas,1,mesa,53000,Martes,entre_semana
2024-05-07,Cazuela de Mariscos,Sopas,1,domicilio,53000,Martes,entre_semana
2024-05-07,Carne Asada (Chatas),Carnes,8,mesa,56000,Martes,entre_semana
2024-05-07,Carne Asada (Chatas),Carnes,8,domicilio,56000,Martes,entre_semana
2024-05-07,Carne Oreada,Carnes,3,mesa,56000,Martes,entre_semana
2024-05-07,Carne Oreada,Carnes,3,domicilio,56000,Martes,entre_semana
2024-05-07,Cabro con Pepitoria,Carnes,10,mesa,56000,Martes,entre_semana
2024-05-07,Cabro con Pepitoria,Carnes,9,domicilio,56000,Martes,entre_semana
2024-05-07,Costillas de Cerdo,Carnes,6,mesa,54000,Martes,entre_semana
2024-05-07,Costillas de Cerdo,Carnes,7,domicilio,54000,Martes,entre_semana
2024-05-07,Lomo de Cerdo,Carnes,5,mesa,54000,Martes,entre_semana
2024-05-07,Lomo de Cerdo,Carnes,5,domicilio,54000,Martes,entre_semana
2024-05-07,Sobrebarriga,Carnes,10,mesa,54000,Martes,entre_semana
2024-05-07,Sobrebarriga,Carnes,11,domicilio,54000,Martes,entre_semana
2024-05-07,Pechuga Asada,Carnes,2,mesa,52000,Martes,entre_semana
2024-05-07,Pechuga Asada,Carnes,5,domicilio,52000,Martes,entre_semana
2024-05-07,Mojarra 2en1,Pescados,5,mesa,50000,Martes,entre_semana
2024-05-07,Mojarra 2en1,Pescados,4,domicilio,50000,Martes,entre_semana
2024-05-07,Trucha 2en1,Pescados,1,mesa,50000,Martes,entre_semana
2024-05-07,Trucha 2en1,Pescados,1,domicilio,50000,Martes,entre_semana
2024-05-07,Tierra Aire Mar,Pescados,1,domicilio,90000,Martes,entre_semana
2024-05-07,Arroz con Pollo,Arroces,6,mesa,45000,Martes,entre_semana
2024-05-07,Arroz con Pollo,Arroces,9,domicilio,45000,Martes,entre_semana
2024-05-07,Almuerzo Ejecutivo,Corrientes,46,mesa,25000,Martes,entre_semana
2024-05-07,Almuerzo Ejecutivo,Corrientes,43,domicilio,25000,Martes,entre_semana
2024-05-08,Lengua en salsa,Sopas,1,mesa,60000,Miércoles,entre_semana
2024-05-08,Lengua en salsa,Sopas,1,domicilio,60000,Miércoles,entre_semana
2024-05-08,Sancocho de Gallina,Sopas,2,mesa,60000,Miércoles,entre_semana
2024-05-08,Sancocho de Gallina,Sopas,3,domicilio,60000,Miércoles,entre_semana
2024-05-08,Frijoles con Pezuña,Sopas,3,mesa,50000,Miércoles,entre_semana
2024-05-08,Frijoles con Pezuña,Sopas,2,domicilio,50000,Miércoles,entre_semana
2024-05-08,Pata,Sopas,1,mesa,27000,Miércoles,entre_semana
2024-05-08,Pata,Sopas,1,domicilio,27000,Miércoles,entre_semana
2024-05-08,Cola de Buey,Sopas,3,mesa,60000,Miércoles,entre_semana
2024-05-08,Cola de Buey,Sopas,4,domicilio,60000,Miércoles,entre_semana
2024-05-08,Cazuela de Mariscos,Sopas,1,mesa,53000,Miércoles,entre_semana
2024-05-08,Cazuela de Mariscos,Sopas,1,domicilio,53000,Miércoles,entre_semana
2024-05-08,Carne Asada (Chatas),Carnes,7,mesa,56000,Miércoles,entre_semana
2024-05-08,Carne Asada (Chatas),Carnes,8,domicilio,56000,Miércoles,entre_semana
2024-05-08,Carne Oreada,Carnes,3,mesa,56000,Miércoles,entre_semana
2024-05-08,Carne Oreada,Carnes,3,domicilio,56000,Miércoles,entre_semana
2024-05-08,Cabro con Pepitoria,Carnes,8,mesa,56000,Miércoles,entre_semana
2024-05-08,Cabro con Pepitoria,Carnes,10,domicilio,56000,Miércoles,entre_semana
2024-05-08,Costillas de Cerdo,Carnes,5,mesa,54000,Miércoles,entre_semana
2024-05-08,Costillas de Cerdo,Carnes,6,domicilio,54000,Miércoles,entre_semana
2024-05-08,Lomo de Cerdo,Carnes,4,mesa,54000,Miércoles,entre_semana
2024-05-08,Lomo de Cerdo,Carnes,4,domicilio,54000,Miércoles,entre_semana
2024-05-08,Sobrebarriga,Carnes,8,mesa,54000,Miércoles,entre_semana
2024-05-08,Sobrebarriga,Carnes,10,domicilio,54000,Miércoles,entre_semana
2024-05-08,Pechuga Asada,Carnes,2,mesa,52000,Miércoles,entre_semana
2024-05-08,Pechuga Asada,Carnes,4,domicilio,52000,Miércoles,entre_semana
2024-05-08,Mojarra 2en1,Pescados,4,mesa,50000,Miércoles,entre_semana
2024-05-08,Mojarra 2en1,Pescados,4,domicilio,50000,Miércoles,entre_semana
2024-05-08,Trucha 2en1,Pescados,1,mesa,50000,Miércoles,entre_semana
2024-05-08,Trucha 2en1,Pescados,1,domicilio,50000,Miércoles,entre_semana
2024-05-08,Tierra Aire Mar,Pescados,1,domicilio,90000,Miércoles,entre_semana
2024-05-08,Arroz con Pollo,Arroces,7,mesa,45000,Miércoles,entre_semana
2024-05-08,Arroz con Pollo,Arroces,7,domicilio,45000,Miércoles,entre_semana
2024-05-08,Almuerzo Ejecutivo,Corrientes,38,mesa,25000,Miércoles,entre_semana
2024-05-08,Almuerzo Ejecutivo,Corrientes,41,domicilio,25000,Miércoles,entre_semana
2024-05-09,Lengua en salsa,Sopas,1,mesa,60000,Jueves,entre_semana
2024-05-09,Lengua en salsa,Sopas,1,domicilio,60000,Jueves,entre_semana
2024-05-09,Sancocho de Gallina,Sopas,3,mesa,60000,Jueves,entre_semana
2024-05-09,Sancocho de Gallina,Sopas,3,domicilio,60000,Jueves,entre_semana
2024-05-09,Frijoles con Pezuña,Sopas,3,mesa,50000,Jueves,entre_semana
2024-05-09,Frijoles con Pezuña,Sopas,2,domicilio,50000,Jueves,entre_semana
2024-05-09,Pata,Sopas,1,mesa,27000,Jueves,entre_semana
2024-05-09,Pata,Sopas,1,domicilio,27000,Jueves,entre_semana
2024-05-09,Cola de Buey,Sopas,3,mesa,60000,Jueves,entre_semana
2024-05-09,Cola de Buey,Sopas,3,domicilio,60000,Jueves,entre_semana
2024-05-09,Cazuela de Mariscos,Sopas,1,mesa,53000,Jueves,entre_semana
2024-05-09,Cazuela de Mariscos,Sopas,1,domicilio,53000,Jueves,entre_semana
2024-05-09,Carne Asada (Chatas),Carnes,7,mesa,56000,Jueves,entre_semana
2024-05-09,Carne Asada (Chatas),Carnes,11,domicilio,56000,Jueves,entre_semana
2024-05-09,Carne Oreada,Carnes,3,mesa,56000,Jueves,entre_semana
2024-05-09,Carne Oreada,Carnes,3,domicilio,56000,Jueves,entre_semana
2024-05-09,Cabro con Pepitoria,Carnes,9,mesa,56000,Jueves,entre_semana
2024-05-09,Cabro con Pepitoria,Carnes,10,domicilio,56000,Jueves,entre_semana
2024-05-09,Costillas de Cerdo,Carnes,5,mesa,54000,Jueves,entre_semana
2024-05-09,Costillas de Cerdo,Carnes,5,domicilio,54000,Jueves,entre_semana
2024-05-09,Lomo de Cerdo,Carnes,3,mesa,54000,Jueves,entre_semana
2024-05-09,Lomo de Cerdo,Carnes,4,domicilio,54000,Jueves,entre_semana
2024-05-09,Sobrebarriga,Carnes,11,mesa,54000,Jueves,entre_semana
2024-05-09,Sobrebarriga,Carnes,10,domicilio,54000,Jueves,entre_semana
2024-05-09,Pechuga Asada,Carnes,2,mesa,52000,Jueves,entre_semana
2024-05-09,Pechuga Asada,Carnes,5,domicilio,52000,Jueves,entre_semana
2024-05-09,Mojarra 2en1,Pescados,3,mesa,50000,Jueves,entre_semana
2024-05-09,Mojarra 2en1,Pescados,5,domicilio,50000,Jueves,entre_semana
2024-05-09,Trucha 2en1,Pescados,1,mesa,50000,Jueves,entre_semana
2024-05-09,Trucha 2en1,Pescados,1,domicilio,50000,Jueves,entre_semana
2024-05-09,Tierra Aire Mar,Pescados,1,domicilio,90000,Jueves,entre_semana
2024-05-09,Arroz con Pollo,Arroces,7,mesa,45000,Jueves,entre_semana
2024-05-09,Arroz con Pollo,Arroces,7,domicilio,45000,Jueves,entre_semana
2024-05-09,Almuerzo Ejecutivo,Corrientes,42,mesa,25000,Jueves,entre_semana
2024-05-09,Almuerzo Ejecutivo,Corrientes,39,domicilio,25000,Jueves,entre_semana
2024-05-10,Lengua en salsa,Sopas,1,mesa,60000,Viernes,entre_semana
2024-05-10,Lengua en salsa,Sopas,1,domicilio,60000,Viernes,entre_semana
2024-05-10,Sancocho de Gallina,Sopas,3,mesa,60000,Viernes,entre_semana
2024-05-10,Sancocho de Gallina,Sopas,3,domicilio,60000,Viernes,entre_semana
2024-05-10,Frijoles con Pezuña,Sopas,3,mesa,50000,Viernes,entre_semana
2024-05-10,Frijoles con Pezuña,Sopas,2,domicilio,50000,Viernes,entre_semana
2024-05-10,Pata,Sopas,1,mesa,27000,Viernes,entre_semana
2024-05-10,Pata,Sopas,1,domicilio,27000,Viernes,entre_semana
2024-05-10,Cola de Buey,Sopas,3,mesa,60000,Viernes,entre_semana
2024-05-10,Cola de Buey,Sopas,3,domicilio,60000,Viernes,entre_semana
2024-05-10,Cazuela de Mariscos,Sopas,1,mesa,53000,Viernes,entre_semana
2024-05-10,Cazuela de Mariscos,Sopas,1,domicilio,53000,Viernes,entre_semana
2024-05-10,Carne Asada (Chatas),Carnes,10,mesa,56000,Viernes,entre_semana
2024-05-10,Carne Asada (Chatas),Carnes,10,domicilio,56000,Viernes,entre_semana
2024-05-10,Carne Oreada,Carnes,3,mesa,56000,Viernes,entre_semana
2024-05-10,Carne Oreada,Carnes,3,domicilio,56000,Viernes,entre_semana
2024-05-10,Cabro con Pepitoria,Carnes,9,mesa,56000,Viernes,entre_semana
2024-05-10,Cabro con Pepitoria,Carnes,10,domicilio,56000,Viernes,entre_semana
2024-05-10,Costillas de Cerdo,Carnes,6,mesa,54000,Viernes,entre_semana
2024-05-10,Costillas de Cerdo,Carnes,6,domicilio,54000,Viernes,entre_semana
2024-05-10,Lomo de Cerdo,Carnes,5,mesa,54000,Viernes,entre_semana
2024-05-10,Lomo de Cerdo,Carnes,4,domicilio,54000,Viernes,entre_semana
2024-05-10,Sobrebarriga,Carnes,11,mesa,54000,Viernes,entre_semana
2024-05-10,Sobrebarriga,Carnes,10,domicilio,54000,Viernes,entre_semana
2024-05-10,Pechuga Asada,Carnes,2,mesa,52000,Viernes,entre_semana
2024-05-10,Pechuga Asada,Carnes,4,domicilio,52000,Viernes,entre_semana
2024-05-10,Mojarra 2en1,Pescados,3,mesa,50000,Viernes,entre_semana
2024-05-10,Mojarra 2en1,Pescados,3,domicilio,50000,Viernes,entre_semana
2024-05-10,Trucha 2en1,Pescados,1,mesa,50000,Viernes,entre_semana
2024-05-10,Trucha 2en1,Pescados,1,domicilio,50000,Viernes,entre_semana
2024-05-10,Tierra Aire Mar,Pescados,1,domicilio,90000,Viernes,entre_semana
2024-05-10,Arroz con Pollo,Arroces,8,mesa,45000,Viernes,entre_semana
2024-05-10,Arroz con Pollo,Arroces,7,domicilio,45000,Viernes,entre_semana
2024-05-10,Almuerzo Ejecutivo,Corrientes,44,mesa,25000,Viernes,entre_semana
2024-05-10,Almuerzo Ejecutivo,Corrientes,37,domicilio,25000,Viernes,entre_semana
2024-05-11,Lengua en salsa,Sopas,2,mesa,60000,Sábado,sabado
2024-05-11,Lengua en salsa,Sopas,2,domicilio,60000,Sábado,sabado
2024-05-11,Mute,Sopas,21,mesa,30000,Sábado,sabado
2024-05-11,Mute,Sopas,16,domicilio,30000,Sábado,sabado
2024-05-11,Sancocho de Gallina,Sopas,13,mesa,60000,Sábado,sabado
2024-05-11,Sancocho de Gallina,Sopas,10,domicilio,60000,Sábado,sabado
2024-05-11,Frijoles con Pezuña,Sopas,4,mesa,50000,Sábado,sabado
2024-05-11,Frijoles con Pezuña,Sopas,4,domicilio,50000,Sábado,sabado
2024-05-11,Pata,Sopas,3,mesa,27000,Sábado,sabado
2024-05-11,Pata,Sopas,2,domicilio,27000,Sábado,sabado
2024-05-11,Cola de Buey,Sopas,5,mesa,60000,Sábado,sabado
2024-05-11,Cola de Buey,Sopas,9,domicilio,60000,Sábado,sabado
2024-05-11,Cazuela de Mariscos,Sopas,2,mesa,53000,Sábado,sabado
2024-05-11,Cazuela de Mariscos,Sopas,2,domicilio,53000,Sábado,sabado
2024-05-11,Carne Asada (Chatas),Carnes,14,mesa,56000,Sábado,sabado
2024-05-11,Carne Asada (Chatas),Carnes,12,domicilio,56000,Sábado,sabado
2024-05-11,Carne Oreada,Carnes,5,mesa,56000,Sábado,sabado
2024-05-11,Carne Oreada,Carnes,3,domicilio,56000,Sábado,sabado
2024-05-11,Cabro con Pepitoria,Carnes,16,mesa,56000,Sábado,sabado
2024-05-11,Cabro con Pepitoria,Carnes,13,domicilio,56000,Sábado,sabado
2024-05-11,Costillas de Cerdo,Carnes,9,mesa,54000,Sábado,sabado
2024-05-11,Costillas de Cerdo,Carnes,10,domicilio,54000,Sábado,sabado
2024-05-11,Lomo de Cerdo,Carnes,6,mesa,54000,Sábado,sabado
2024-05-11,Lomo de Cerdo,Carnes,5,domicilio,54000,Sábado,sabado
2024-05-11,Sobrebarriga,Carnes,15,mesa,54000,Sábado,sabado
2024-05-11,Sobrebarriga,Carnes,15,domicilio,54000,Sábado,sabado
2024-05-11,Pechuga Asada,Carnes,4,mesa,52000,Sábado,sabado
2024-05-11,Pechuga Asada,Carnes,5,domicilio,52000,Sábado,sabado
2024-05-11,Mojarra 2en1,Pescados,8,mesa,50000,Sábado,sabado
2024-05-11,Mojarra 2en1,Pescados,6,domicilio,50000,Sábado,sabado
2024-05-11,Trucha 2en1,Pescados,2,mesa,50000,Sábado,sabado
2024-05-11,Trucha 2en1,Pescados,2,domicilio,50000,Sábado,sabado
2024-05-11,Tierra Aire Mar,Pescados,1,mesa,90000,Sábado,sabado
2024-05-11,Tierra Aire Mar,Pescados,1,domicilio,90000,Sábado,sabado
2024-05-11,Arroz con Pollo,Arroces,14,mesa,45000,Sábado,sabado
2024-05-11,Arroz con Pollo,Arroces,10,domicilio,45000,Sábado,sabado
2024-05-11,Almuerzo Ejecutivo,Corrientes,43,domicilio,25000,Sábado,sabado
2024-05-12,Lengua en salsa,Sopas,4,mesa,60000,Domingo,domingo
2024-05-12,Lengua en salsa,Sopas,3,domicilio,60000,Domingo,domingo
2024-05-12,Mute,Sopas,43,mesa,30000,Domingo,domingo
2024-05-12,Mute,Sopas,35,domicilio,30000,Domingo,domingo
2024-05-12,Sancocho de Gallina,Sopas,29,mesa,60000,Domingo,domingo
2024-05-12,Sancocho de Gallina,Sopas,19,domicilio,60000,Domingo,domingo
2024-05-12,Pata,Sopas,6,mesa,27000,Domingo,domingo
2024-05-12,Pata,Sopas,3,domicilio,27000,Domingo,domingo
2024-05-12,Cola de Buey,Sopas,9,mesa,60000,Domingo,domingo
2024-05-12,Cola de Buey,Sopas,18,domicilio,60000,Domingo,domingo
2024-05-12,Cazuela de Mariscos,Sopas,4,mesa,53000,Domingo,domingo
2024-05-12,Cazuela de Mariscos,Sopas,3,domicilio,53000,Domingo,domingo
2024-05-12,Carne Asada (Chatas),Carnes,29,mesa,56000,Domingo,domingo
2024-05-12,Carne Asada (Chatas),Carnes,32,domicilio,56000,Domingo,domingo
2024-05-12,Carne Oreada,Carnes,10,mesa,56000,Domingo,domingo
2024-05-12,Carne Oreada,Carnes,9,domicilio,56000,Domingo,domingo
2024-05-12,Cabro con Pepitoria,Carnes,31,mesa,56000,Domingo,domingo
2024-05-12,Cabro con Pepitoria,Carnes,30,domicilio,56000,Domingo,domingo
2024-05-12,Costillas de Cerdo,Carnes,16,mesa,54000,Domingo,domingo
2024-05-12,Costillas de Cerdo,Carnes,23,domicilio,54000,Domingo,domingo
2024-05-12,Lomo de Cerdo,Carnes,14,mesa,54000,Domingo,domingo
2024-05-12,Lomo de Cerdo,Carnes,13,domicilio,54000,Domingo,domingo
2024-05-12,Sobrebarriga,Carnes,30,mesa,54000,Domingo,domingo
2024-05-12,Sobrebarriga,Carnes,32,domicilio,54000,Domingo,domingo
2024-05-12,Pechuga Asada,Carnes,8,mesa,52000,Domingo,domingo
2024-05-12,Pechuga Asada,Carnes,11,domicilio,52000,Domingo,domingo
2024-05-12,Mojarra 2en1,Pescados,14,mesa,50000,Domingo,domingo
2024-05-12,Mojarra 2en1,Pescados,13,domicilio,50000,Domingo,domingo
2024-05-12,Trucha 2en1,Pescados,4,mesa,50000,Domingo,domingo
2024-05-12,Trucha 2en1,Pescados,5,domicilio,50000,Domingo,domingo
2024-05-12,Tierra Aire Mar,Pescados,2,mesa,90000,Domingo,domingo
2024-05-12,Tierra Aire Mar,Pescados,2,domicilio,90000,Domingo,domingo
2024-05-12,Arroz con Pollo,Arroces,21,mesa,45000,Domingo,domingo
2024-05-12,Arroz con Pollo,Arroces,21,domicilio,45000,Domingo,domingo
2024-05-14,Lengua en salsa,Sopas,1,mesa,60000,Martes,entre_semana
2024-05-14,Lengua en salsa,Sopas,1,domicilio,60000,Martes,entre_semana
2024-05-14,Sancocho de Gallina,Sopas,3,mesa,60000,Martes,entre_semana
2024-05-14,Sancocho de Gallina,Sopas,3,domicilio,60000,Martes,entre_semana
2024-05-14,Frijoles con Pezuña,Sopas,3,mesa,50000,Martes,entre_semana
2024-05-14,Frijoles con Pezuña,Sopas,2,domicilio,50000,Martes,entre_semana
2024-05-14,Pata,Sopas,1,mesa,27000,Martes,entre_semana
2024-05-14,Pata,Sopas,1,domicilio,27000,Martes,entre_semana
2024-05-14,Cola de Buey,Sopas,3,mesa,60000,Martes,entre_semana
2024-05-14,Cola de Buey,Sopas,4,domicilio,60000,Martes,entre_semana
2024-05-14,Cazuela de Mariscos,Sopas,1,mesa,53000,Martes,entre_semana
2024-05-14,Cazuela de Mariscos,Sopas,1,domicilio,53000,Martes,entre_semana
2024-05-14,Carne Asada (Chatas),Carnes,10,mesa,56000,Martes,entre_semana
2024-05-14,Carne Asada (Chatas),Carnes,10,domicilio,56000,Martes,entre_semana
2024-05-14,Carne Oreada,Carnes,3,mesa,56000,Martes,entre_semana
2024-05-14,Carne Oreada,Carnes,3,domicilio,56000,Martes,entre_semana
2024-05-14,Cabro con Pepitoria,Carnes,9,mesa,56000,Martes,entre_semana
2024-05-14,Cabro con Pepitoria,Carnes,10,domicilio,56000,Martes,entre_semana
2024-05-14,Costillas de Cerdo,Carnes,4,mesa,54000,Martes,entre_semana
2024-05-14,Costillas de Cerdo,Carnes,6,domicilio,54000,Martes,entre_semana
2024-05-14,Lomo de Cerdo,Carnes,4,mesa,54000,Martes,entre_semana
2024-05-14,Lomo de Cerdo,Carnes,4,domicilio,54000,Martes,entre_semana
2024-05-14,Sobrebarriga,Carnes,10,mesa,54000,Martes,entre_semana
2024-05-14,Sobrebarriga,Carnes,10,domicilio,54000,Martes,entre_semana
2024-05-14,Pechuga Asada,Carnes,2,mesa,52000,Martes,entre_semana
2024-05-14,Pechuga Asada,Carnes,4,domicilio,52000,Martes,entre_semana
2024-05-14,Mojarra 2en1,Pescados,4,mesa,50000,Martes,entre_semana
2024-05-14,Mojarra 2en1,Pescados,5,domicilio,50000,Martes,entre_semana
2024-05-14,Trucha 2en1,Pescados,1,mesa,50000,Martes,entre_semana
2024-05-14,Trucha 2en1,Pescados,1,domicilio,50000,Martes,entre_semana
2024-05-14,Tierra Aire Mar,Pescados,1,domicilio,90000,Martes,entre_semana
2024-05-14,Arroz con Pollo,Arroces,7,mesa,45000,Martes,entre_semana
2024-05-14,Arroz con Pollo,Arroces,8,domicilio,45000,Martes,entre_semana
2024-05-14,Almuerzo Ejecutivo,Corrientes,45,mesa,25000,Martes,entre_semana
2024-05-14,Almuerzo Ejecutivo,Corrientes,53,domicilio,25000,Martes,entre_semana
2024-05-15,Lengua en salsa,Sopas,1,mesa,60000,Miércoles,entre_semana
2024-05-15,Lengua en salsa,Sopas,1,domicilio,60000,Miércoles,entre_semana
2024-05-15,Sancocho de Gallina,Sopas,3,mesa,60000,Miércoles,entre_semana
2024-05-15,Sancocho de Gallina,Sopas,3,domicilio,60000,Miércoles,entre_semana
2024-05-15,Frijoles con Pezuña,Sopas,3,mesa,50000,Miércoles,entre_semana
2024-05-15,Frijoles con Pezuña,Sopas,2,domicilio,50000,Miércoles,entre_semana
2024-05-15,Pata,Sopas,1,mesa,27000,Miércoles,entre_semana
2024-05-15,Pata,Sopas,1,domicilio,27000,Miércoles,entre_semana
2024-05-15,Cola de Buey,Sopas,3,mesa,60000,Miércoles,entre_semana
2024-05-15,Cola de Buey,Sopas,5,domicilio,60000,Miércoles,entre_semana
2024-05-15,Cazuela de Mariscos,Sopas,1,mesa,53000,Miércoles,entre_semana
2024-05-15,Cazuela de Mariscos,Sopas,1,domicilio,53000,Miércoles,entre_semana
2024-05-15,Carne Asada (Chatas),Carnes,8,mesa,56000,Miércoles,entre_semana
2024-05-15,Carne Asada (Chatas),Carnes,10,domicilio,56000,Miércoles,entre_semana
2024-05-15,Carne Oreada,Carnes,3,mesa,56000,Miércoles,entre_semana
2024-05-15,Carne Oreada,Carnes,3,domicilio,56000,Miércoles,entre_semana
2024-05-15,Cabro con Pepitoria,Carnes,11,mesa,56000,Miércoles,entre_semana
2024-05-15,Cabro con Pepitoria,Carnes,8,domicilio,56000,Miércoles,entre_semana
2024-05-15,Costillas de Cerdo,Carnes,5,mesa,54000,Miércoles,entre_semana
2024-05-15,Costillas de Cerdo,Carnes,6,domicilio,54000,Miércoles,entre_semana
2024-05-15,Lomo de Cerdo,Carnes,3,mesa,54000,Miércoles,entre_semana
2024-05-15,Lomo de Cerdo,Carnes,3,domicilio,54000,Miércoles,entre_semana
2024-05-15,Sobrebarriga,Carnes,10,mesa,54000,Miércoles,entre_semana
2024-05-15,Sobrebarriga,Carnes,9,domicilio,54000,Miércoles,entre_semana
2024-05-15,Pechuga Asada,Carnes,2,mesa,52000,Miércoles,entre_semana
2024-05-15,Pechuga Asada,Carnes,4,domicilio,52000,Miércoles,entre_semana
2024-05-15,Mojarra 2en1,Pescados,3,mesa,50000,Miércoles,entre_semana
2024-05-15,Mojarra 2en1,Pescados,5,domicilio,50000,Miércoles,entre_semana
2024-05-15,Trucha 2en1,Pescados,1,mesa,50000,Miércoles,entre_semana
2024-05-15,Trucha 2en1,Pescados,1,domicilio,50000,Miércoles,entre_semana
2024-05-15,Tierra Aire Mar,Pescados,1,domicilio,90000,Miércoles,entre_semana
2024-05-15,Arroz con Pollo,Arroces,7,mesa,45000,Miércoles,entre_semana
2024-05-15,Arroz con Pollo,Arroces,9,domicilio,45000,Miércoles,entre_semana
2024-05-15,Almuerzo Ejecutivo,Corrientes,49,mesa,25000,Miércoles,entre_semana
2024-05-15,Almuerzo Ejecutivo,Corrientes,38,domicilio,25000,Miércoles,entre_semana
2024-05-16,Lengua en salsa,Sopas,1,mesa,60000,Jueves,entre_semana
2024-05-16,Lengua en salsa,Sopas,1,domicilio,60000,Jueves,entre_semana
2024-05-16,Sancocho de Gallina,Sopas,2,mesa,60000,Jueves,entre_semana
2024-05-16,Sancocho de Gallina,Sopas,2,domicilio,60000,Jueves,entre_semana
2024-05-16,Frijoles con Pezuña,Sopas,3,mesa,50000,Jueves,entre_semana
2024-05-16,Frijoles con Pezuña,Sopas,2,domicilio,50000,Jueves,entre_semana
2024-05-16,Pata,Sopas,1,mesa,27000,Jueves,entre_semana
2024-05-16,Pata,Sopas,1,domicilio,27000,Jueves,entre_semana
2024-05-16,Cola de Buey,Sopas,3,mesa,60000,Jueves,entre_semana
2024-05-16,Cola de Buey,Sopas,3,domicilio,60000,Jueves,entre_semana
2024-05-16,Cazuela de Mariscos,Sopas,1,mesa,53000,Jueves,entre_semana
2024-05-16,Cazuela de Mariscos,Sopas,1,domicilio,53000,Jueves,entre_semana
2024-05-16,Carne Asada (Chatas),Carnes,7,mesa,56000,Jueves,entre_semana
2024-05-16,Carne Asada (Chatas),Carnes,9,domicilio,56000,Jueves,entre_semana
2024-05-16,Carne Oreada,Carnes,3,mesa,56000,Jueves,entre_semana
2024-05-16,Carne Oreada,Carnes,3,domicilio,56000,Jueves,entre_semana
2024-05-16,Cabro con Pepitoria,Carnes,8,mesa,56000,Jueves,entre_semana
2024-05-16,Cabro con Pepitoria,Carnes,10,domicilio,56000,Jueves,entre_semana
2024-05-16,Costillas de Cerdo,Carnes,5,mesa,54000,Jueves,entre_semana
2024-05-16,Costillas de Cerdo,Carnes,5,domicilio,54000,Jueves,entre_semana
2024-05-16,Lomo de Cerdo,Carnes,4,mesa,54000,Jueves,entre_semana
2024-05-16,Lomo de Cerdo,Carnes,4,domicilio,54000,Jueves,entre_semana
2024-05-16,Sobrebarriga,Carnes,9,mesa,54000,Jueves,entre_semana
2024-05-16,Sobrebarriga,Carnes,10,domicilio,54000,Jueves,entre_semana
2024-05-16,Pechuga Asada,Carnes,2,mesa,52000,Jueves,entre_semana
2024-05-16,Pechuga Asada,Carnes,4,domicilio,52000,Jueves,entre_semana
2024-05-16,Mojarra 2en1,Pescados,4,mesa,50000,Jueves,entre_semana
2024-05-16,Mojarra 2en1,Pescados,4,domicilio,50000,Jueves,entre_semana
2024-05-16,Trucha 2en1,Pescados,1,mesa,50000,Jueves,entre_semana
2024-05-16,Trucha 2en1,Pescados,1,domicilio,50000,Jueves,entre_semana
2024-05-16,Tierra Aire Mar,Pescados,1,domicilio,90000,Jueves,entre_semana
2024-05-16,Arroz con Pollo,Arroces,8,mesa,45000,Jueves,entre_semana
2024-05-16,Arroz con Pollo,Arroces,10,domicilio,45000,Jueves,entre_semana
2024-05-16,Almuerzo Ejecutivo,Corrientes,46,mesa,25000,Jueves,entre_semana
2024-05-16,Almuerzo Ejecutivo,Corrientes,43,domicilio,25000,Jueves,entre_semana
2024-05-17,Lengua en salsa,Sopas,1,mesa,60000,Viernes,entre_semana
2024-05-17,Lengua en salsa,Sopas,1,domicilio,60000,Viernes,entre_semana
2024-05-17,Sancocho de Gallina,Sopas,4,mesa,60000,Viernes,entre_semana
2024-05-17,Sancocho de Gallina,Sopas,3,domicilio,60000,Viernes,entre_semana
2024-05-17,Frijoles con Pezuña,Sopas,2,mesa,50000,Viernes,entre_semana
2024-05-17,Frijoles con Pezuña,Sopas,2,domicilio,50000,Viernes,entre_semana
2024-05-17,Pata,Sopas,1,mesa,27000,Viernes,entre_semana
2024-05-17,Pata,Sopas,1,domicilio,27000,Viernes,entre_semana
2024-05-17,Cola de Buey,Sopas,3,mesa,60000,Viernes,entre_semana
2024-05-17,Cola de Buey,Sopas,4,domicilio,60000,Viernes,entre_semana
2024-05-17,Cazuela de Mariscos,Sopas,1,mesa,53000,Viernes,entre_semana
2024-05-17,Cazuela de Mariscos,Sopas,1,domicilio,53000,Viernes,entre_semana
2024-05-17,Carne Asada (Chatas),Carnes,7,mesa,56000,Viernes,entre_semana
2024-05-17,Carne Asada (Chatas),Carnes,9,domicilio,56000,Viernes,entre_semana
2024-05-17,Carne Oreada,Carnes,3,mesa,56000,Viernes,entre_semana
2024-05-17,Carne Oreada,Carnes,3,domicilio,56000,Viernes,entre_semana
2024-05-17,Cabro con Pepitoria,Carnes,10,mesa,56000,Viernes,entre_semana
2024-05-17,Cabro con Pepitoria,Carnes,9,domicilio,56000,Viernes,entre_semana
2024-05-17,Costillas de Cerdo,Carnes,5,mesa,54000,Viernes,entre_semana
2024-05-17,Costillas de Cerdo,Carnes,6,domicilio,54000,Viernes,entre_semana
2024-05-17,Lomo de Cerdo,Carnes,4,mesa,54000,Viernes,entre_semana
2024-05-17,Lomo de Cerdo,Carnes,3,domicilio,54000,Viernes,entre_semana
2024-05-17,Sobrebarriga,Carnes,11,mesa,54000,Viernes,entre_semana
2024-05-17,Sobrebarriga,Carnes,10,domicilio,54000,Viernes,entre_semana
2024-05-17,Pechuga Asada,Carnes,2,mesa,52000,Viernes,entre_semana
2024-05-17,Pechuga Asada,Carnes,3,domicilio,52000,Viernes,entre_semana
2024-05-17,Mojarra 2en1,Pescados,4,mesa,50000,Viernes,entre_semana
2024-05-17,Mojarra 2en1,Pescados,3,domicilio,50000,Viernes,entre_semana
2024-05-17,Trucha 2en1,Pescados,1,mesa,50000,Viernes,entre_semana
2024-05-17,Trucha 2en1,Pescados,1,domicilio,50000,Viernes,entre_semana
2024-05-17,Tierra Aire Mar,Pescados,1,domicilio,90000,Viernes,entre_semana
2024-05-17,Arroz con Pollo,Arroces,7,mesa,45000,Viernes,entre_semana
2024-05-17,Arroz con Pollo,Arroces,9,domicilio,45000,Viernes,entre_semana
2024-05-17,Almuerzo Ejecutivo,Corrientes,39,mesa,25000,Viernes,entre_semana
2024-05-17,Almuerzo Ejecutivo,Corrientes,42,domicilio,25000,Viernes,entre_semana
2024-05-18,Lengua en salsa,Sopas,2,mesa,60000,Sábado,sabado
2024-05-18,Lengua en salsa,Sopas,2,domicilio,60000,Sábado,sabado
2024-05-18,Mute,Sopas,17,mesa,30000,Sábado,sabado
2024-05-18,Mute,Sopas,12,domicilio,30000,Sábado,sabado
2024-05-18,Sancocho de Gallina,Sopas,11,mesa,60000,Sábado,sabado
2024-05-18,Sancocho de Gallina,Sopas,12,domicilio,60000,Sábado,sabado
2024-05-18,Frijoles con Pezuña,Sopas,4,mesa,50000,Sábado,sabado
2024-05-18,Frijoles con Pezuña,Sopas,5,domicilio,50000,Sábado,sabado
2024-05-18,Pata,Sopas,3,mesa,27000,Sábado,sabado
2024-05-18,Pata,Sopas,2,domicilio,27000,Sábado,sabado
2024-05-18,Cola de Buey,Sopas,5,mesa,60000,Sábado,sabado
2024-05-18,Cola de Buey,Sopas,8,domicilio,60000,Sábado,sabado
2024-05-18,Cazuela de Mariscos,Sopas,2,mesa,53000,Sábado,sabado
2024-05-18,Cazuela de Mariscos,Sopas,2,domicilio,53000,Sábado,sabado
2024-05-18,Carne Asada (Chatas),Carnes,16,mesa,56000,Sábado,sabado
2024-05-18,Carne Asada (Chatas),Carnes,15,domicilio,56000,Sábado,sabado
2024-05-18,Carne Oreada,Carnes,5,mesa,56000,Sábado,sabado
2024-05-18,Carne Oreada,Carnes,4,domicilio,56000,Sábado,sabado
2024-05-18,Cabro con Pepitoria,Carnes,16,mesa,56000,Sábado,sabado
2024-05-18,Cabro con Pepitoria,Carnes,14,domicilio,56000,Sábado,sabado
2024-05-18,Costillas de Cerdo,Carnes,7,mesa,54000,Sábado,sabado
2024-05-18,Costillas de Cerdo,Carnes,8,domicilio,54000,Sábado,sabado
2024-05-18,Lomo de Cerdo,Carnes,7,mesa,54000,Sábado,sabado
2024-05-18,Lomo de Cerdo,Carnes,6,domicilio,54000,Sábado,sabado
2024-05-18,Sobrebarriga,Carnes,16,mesa,54000,Sábado,sabado
2024-05-18,Sobrebarriga,Carnes,15,domicilio,54000,Sábado,sabado
2024-05-18,Pechuga Asada,Carnes,4,mesa,52000,Sábado,sabado
2024-05-18,Pechuga Asada,Carnes,6,domicilio,52000,Sábado,sabado
2024-05-18,Mojarra 2en1,Pescados,7,mesa,50000,Sábado,sabado
2024-05-18,Mojarra 2en1,Pescados,8,domicilio,50000,Sábado,sabado
2024-05-18,Trucha 2en1,Pescados,2,mesa,50000,Sábado,sabado
2024-05-18,Trucha 2en1,Pescados,2,domicilio,50000,Sábado,sabado
2024-05-18,Tierra Aire Mar,Pescados,1,mesa,90000,Sábado,sabado
2024-05-18,Tierra Aire Mar,Pescados,1,domicilio,90000,Sábado,sabado
2024-05-18,Arroz con Pollo,Arroces,15,mesa,45000,Sábado,sabado
2024-05-18,Arroz con Pollo,Arroces,10,domicilio,45000,Sábado,sabado
2024-05-18,Almuerzo Ejecutivo,Corrientes,38,domicilio,25000,Sábado,sabado
2024-05-19,Lengua en salsa,Sopas,4,mesa,60000,Domingo,domingo
2024-05-19,Lengua en salsa,Sopas,3,domicilio,60000,Domingo,domingo
2024-05-19,Mute,Sopas,47,mesa,30000,Domingo,domingo
2024-05-19,Mute,Sopas,26,domicilio,30000,Domingo,domingo
2024-05-19,Sancocho de Gallina,Sopas,26,mesa,60000,Domingo,domingo
2024-05-19,Sancocho de Gallina,Sopas,22,domicilio,60000,Domingo,domingo
2024-05-19,Pata,Sopas,5,mesa,27000,Domingo,domingo
2024-05-19,Pata,Sopas,3,domicilio,27000,Domingo,domingo
2024-05-19,Cola de Buey,Sopas,11,mesa,60000,Domingo,domingo
2024-05-19,Cola de Buey,Sopas,14,domicilio,60000,Domingo,domingo
2024-05-19,Cazuela de Mariscos,Sopas,4,mesa,53000,Domingo,domingo
2024-05-19,Cazuela de Mariscos,Sopas,3,domicilio,53000,Domingo,domingo
2024-05-19,Carne Asada (Chatas),Carnes,29,mesa,56000,Domingo,domingo
2024-05-19,Carne Asada (Chatas),Carnes,29,domicilio,56000,Domingo,domingo
2024-05-19,Carne Oreada,Carnes,13,mesa,56000,Domingo,domingo
2024-05-19,Carne Oreada,Carnes,9,domicilio,56000,Domingo,domingo
2024-05-19,Cabro con Pepitoria,Carnes,31,mesa,56000,Domingo,domingo
2024-05-19,Cabro con Pepitoria,Carnes,28,domicilio,56000,Domingo,domingo
2024-05-19,Costillas de Cerdo,Carnes,15,mesa,54000,Domingo,domingo
2024-05-19,Costillas de Cerdo,Carnes,19,domicilio,54000,Domingo,domingo
2024-05-19,Lomo de Cerdo,Carnes,14,mesa,54000,Domingo,domingo
2024-05-19,Lomo de Cerdo,Carnes,11,domicilio,54000,Domingo,domingo
2024-05-19,Sobrebarriga,Carnes,25,mesa,54000,Domingo,domingo
2024-05-19,Sobrebarriga,Carnes,33,domicilio,54000,Domingo,domingo
2024-05-19,Pechuga Asada,Carnes,8,mesa,52000,Domingo,domingo
2024-05-19,Pechuga Asada,Carnes,11,domicilio,52000,Domingo,domingo
2024-05-19,Mojarra 2en1,Pescados,15,mesa,50000,Domingo,domingo
2024-05-19,Mojarra 2en1,Pescados,14,domicilio,50000,Domingo,domingo
2024-05-19,Trucha 2en1,Pescados,4,mesa,50000,Domingo,domingo
2024-05-19,Trucha 2en1,Pescados,4,domicilio,50000,Domingo,domingo
2024-05-19,Tierra Aire Mar,Pescados,2,mesa,90000,Domingo,domingo
2024-05-19,Tierra Aire Mar,Pescados,2,domicilio,90000,Domingo,domingo
2024-05-19,Arroz con Pollo,Arroces,29,mesa,45000,Domingo,domingo
2024-05-19,Arroz con Pollo,Arroces,25,domicilio,45000,Domingo,domingo
2024-05-21,Lengua en salsa,Sopas,1,mesa,60000,Martes,entre_semana
2024-05-21,Lengua en salsa,Sopas,1,domicilio,60000,Martes,entre_semana
2024-05-21,Sancocho de Gallina,Sopas,3,mesa,60000,Martes,entre_semana
2024-05-21,Sancocho de Gallina,Sopas,3,domicilio,60000,Martes,entre_semana
2024-05-21,Frijoles con Pezuña,Sopas,3,mesa,50000,Martes,entre_semana
2024-05-21,Frijoles con Pezuña,Sopas,2,domicilio,50000,Martes,entre_semana
2024-05-21,Pata,Sopas,1,mesa,27000,Martes,entre_semana
2024-05-21,Pata,Sopas,1,domicilio,27000,Martes,entre_semana
2024-05-21,Cola de Buey,Sopas,3,mesa,60000,Martes,entre_semana
2024-05-21,Cola de Buey,Sopas,4,domicilio,60000,Martes,entre_semana
2024-05-21,Cazuela de Mariscos,Sopas,1,mesa,53000,Martes,entre_semana
2024-05-21,Cazuela de Mariscos,Sopas,1,domicilio,53000,Martes,entre_semana
2024-05-21,Carne Asada (Chatas),Carnes,10,mesa,56000,Martes,entre_semana
2024-05-21,Carne Asada (Chatas),Carnes,10,domicilio,56000,Martes,entre_semana
2024-05-21,Carne Oreada,Carnes,3,mesa,56000,Martes,entre_semana
2024-05-21,Carne Oreada,Carnes,4,domicilio,56000,Martes,entre_semana
2024-05-21,Cabro con Pepitoria,Carnes,9,mesa,56000,Martes,entre_semana
2024-05-21,Cabro con Pepitoria,Carnes,10,domicilio,56000,Martes,entre_semana
2024-05-21,Costillas de Cerdo,Carnes,5,mesa,54000,Martes,entre_semana
2024-05-21,Costillas de Cerdo,Carnes,5,domicilio,54000,Martes,entre_semana
2024-05-21,Lomo de Cerdo,Carnes,4,mesa,54000,Martes,entre_semana
2024-05-21,Lomo de Cerdo,Carnes,3,domicilio,54000,Martes,entre_semana
2024-05-21,Sobrebarriga,Carnes,11,mesa,54000,Martes,entre_semana
2024-05-21,Sobrebarriga,Carnes,8,domicilio,54000,Martes,entre_semana
2024-05-21,Pechuga Asada,Carnes,2,mesa,52000,Martes,entre_semana
2024-05-21,Pechuga Asada,Carnes,4,domicilio,52000,Martes,entre_semana
2024-05-21,Mojarra 2en1,Pescados,4,mesa,50000,Martes,entre_semana
2024-05-21,Mojarra 2en1,Pescados,4,domicilio,50000,Martes,entre_semana
2024-05-21,Trucha 2en1,Pescados,1,mesa,50000,Martes,entre_semana
2024-05-21,Trucha 2en1,Pescados,1,domicilio,50000,Martes,entre_semana
2024-05-21,Tierra Aire Mar,Pescados,1,domicilio,90000,Martes,entre_semana
2024-05-21,Arroz con Pollo,Arroces,9,mesa,45000,Martes,entre_semana
2024-05-21,Arroz con Pollo,Arroces,8,domicilio,45000,Martes,entre_semana
2024-05-21,Almuerzo Ejecutivo,Corrientes,50,mesa,25000,Martes,entre_semana
2024-05-21,Almuerzo Ejecutivo,Corrientes,51,domicilio,25000,Martes,entre_semana
2024-05-22,Lengua en salsa,Sopas,1,mesa,60000,Miércoles,entre_semana
2024-05-22,Lengua en salsa,Sopas,1,domicilio,60000,Miércoles,entre_semana
2024-05-22,Sancocho de Gallina,Sopas,3,mesa,60000,Miércoles,entre_semana
2024-05-22,Sancocho de Gallina,Sopas,3,domicilio,60000,Miércoles,entre_semana
2024-05-22,Frijoles con Pezuña,Sopas,3,mesa,50000,Miércoles,entre_semana
2024-05-22,Frijoles con Pezuña,Sopas,2,domicilio,50000,Miércoles,entre_semana
2024-05-22,Pata,Sopas,1,mesa,27000,Miércoles,entre_semana
2024-05-22,Pata,Sopas,1,domicilio,27000,Miércoles,entre_semana
2024-05-22,Cola de Buey,Sopas,3,mesa,60000,Miércoles,entre_semana
2024-05-22,Cola de Buey,Sopas,3,domicilio,60000,Miércoles,entre_semana
2024-05-22,Cazuela de Mariscos,Sopas,1,mesa,53000,Miércoles,entre_semana
2024-05-22,Cazuela de Mariscos,Sopas,1,domicilio,53000,Miércoles,entre_semana
2024-05-22,Carne Asada (Chatas),Carnes,10,mesa,56000,Miércoles,entre_semana
2024-05-22,Carne Asada (Chatas),Carnes,7,domicilio,56000,Miércoles,entre_semana
2024-05-22,Carne Oreada,Carnes,3,mesa,56000,Miércoles,entre_semana
2024-05-22,Carne Oreada,Carnes,3,domicilio,56000,Miércoles,entre_semana
2024-05-22,Cabro con Pepitoria,Carnes,8,mesa,56000,Miércoles,entre_semana
2024-05-22,Cabro con Pepitoria,Carnes,8,domicilio,56000,Miércoles,entre_semana
2024-05-22,Costillas de Cerdo,Carnes,5,mesa,54000,Miércoles,entre_semana
2024-05-22,Costillas de Cerdo,Carnes,6,domicilio,54000,Miércoles,entre_semana
2024-05-22,Lomo de Cerdo,Carnes,5,mesa,54000,Miércoles,entre_semana
2024-05-22,Lomo de Cerdo,Carnes,5,domicilio,54000,Miércoles,entre_semana
2024-05-22,Sobrebarriga,Carnes,11,mesa,54000,Miércoles,entre_semana
2024-05-22,Sobrebarriga,Carnes,9,domicilio,54000,Miércoles,entre_semana
2024-05-22,Pechuga Asada,Carnes,2,mesa,52000,Miércoles,entre_semana
2024-05-22,Pechuga Asada,Carnes,4,domicilio,52000,Miércoles,entre_semana
2024-05-22,Mojarra 2en1,Pescados,3,mesa,50000,Miércoles,entre_semana
2024-05-22,Mojarra 2en1,Pescados,4,domicilio,50000,Miércoles,entre_semana
2024-05-22,Trucha 2en1,Pescados,1,mesa,50000,Miércoles,entre_semana
2024-05-22,Trucha 2en1,Pescados,1,domicilio,50000,Miércoles,entre_semana
2024-05-22,Tierra Aire Mar,Pescados,1,domicilio,90000,Miércoles,entre_semana
2024-05-22,Arroz con Pollo,Arroces,7,mesa,45000,Miércoles,entre_semana
2024-05-22,Arroz con Pollo,Arroces,9,domicilio,45000,Miércoles,entre_semana
2024-05-22,Almuerzo Ejecutivo,Corrientes,49,mesa,25000,Miércoles,entre_semana
2024-05-22,Almuerzo Ejecutivo,Corrientes,47,domicilio,25000,Miércoles,entre_semana
2024-05-23,Lengua en salsa,Sopas,1,mesa,60000,Jueves,entre_semana
2024-05-23,Lengua en salsa,Sopas,1,domicilio,60000,Jueves,entre_semana
2024-05-23,Sancocho de Gallina,Sopas,3,mesa,60000,Jueves,entre_semana
2024-05-23,Sancocho de Gallina,Sopas,2,domicilio,60000,Jueves,entre_semana
2024-05-23,Frijoles con Pezuña,Sopas,2,mesa,50000,Jueves,entre_semana
2024-05-23,Frijoles con Pezuña,Sopas,2,domicilio,50000,Jueves,entre_semana
2024-05-23,Pata,Sopas,1,mesa,27000,Jueves,entre_semana
2024-05-23,Pata,Sopas,1,domicilio,27000,Jueves,entre_semana
2024-05-23,Cola de Buey,Sopas,3,mesa,60000,Jueves,entre_semana
2024-05-23,Cola de Buey,Sopas,4,domicilio,60000,Jueves,entre_semana
2024-05-23,Cazuela de Mariscos,Sopas,1,mesa,53000,Jueves,entre_semana
2024-05-23,Cazuela de Mariscos,Sopas,1,domicilio,53000,Jueves,entre_semana
2024-05-23,Carne Asada (Chatas),Carnes,9,mesa,56000,Jueves,entre_semana
2024-05-23,Carne Asada (Chatas),Carnes,8,domicilio,56000,Jueves,entre_semana
2024-05-23,Carne Oreada,Carnes,4,mesa,56000,Jueves,entre_semana
2024-05-23,Carne Oreada,Carnes,3,domicilio,56000,Jueves,entre_semana
2024-05-23,Cabro con Pepitoria,Carnes,10,mesa,56000,Jueves,entre_semana
2024-05-23,Cabro con Pepitoria,Carnes,10,domicilio,56000,Jueves,entre_semana
2024-05-23,Costillas de Cerdo,Carnes,5,mesa,54000,Jueves,entre_semana
2024-05-23,Costillas de Cerdo,Carnes,5,domicilio,54000,Jueves,entre_semana
2024-05-23,Lomo de Cerdo,Carnes,3,mesa,54000,Jueves,entre_semana
2024-05-23,Lomo de Cerdo,Carnes,4,domicilio,54000,Jueves,entre_semana
2024-05-23,Sobrebarriga,Carnes,10,mesa,54000,Jueves,entre_semana
2024-05-23,Sobrebarriga,Carnes,9,domicilio,54000,Jueves,entre_semana
2024-05-23,Pechuga Asada,Carnes,2,mesa,52000,Jueves,entre_semana
2024-05-23,Pechuga Asada,Carnes,4,domicilio,52000,Jueves,entre_semana
2024-05-23,Mojarra 2en1,Pescados,4,mesa,50000,Jueves,entre_semana
2024-05-23,Mojarra 2en1,Pescados,4,domicilio,50000,Jueves,entre_semana
2024-05-23,Trucha 2en1,Pescados,1,mesa,50000,Jueves,entre_semana
2024-05-23,Trucha 2en1,Pescados,1,domicilio,50000,Jueves,entre_semana
2024-05-23,Tierra Aire Mar,Pescados,1,domicilio,90000,Jueves,entre_semana
2024-05-23,Arroz con Pollo,Arroces,8,mesa,45000,Jueves,entre_semana
2024-05-23,Arroz con Pollo,Arroces,7,domicilio,45000,Jueves,entre_semana
2024-05-23,Almuerzo Ejecutivo,Corrientes,44,mesa,25000,Jueves,entre_semana
2024-05-23,Almuerzo Ejecutivo,Corrientes,41,domicilio,25000,Jueves,entre_semana
2024-05-24,Lengua en salsa,Sopas,1,mesa,60000,Viernes,entre_semana
2024-05-24,Lengua en salsa,Sopas,1,domicilio,60000,Viernes,entre_semana
2024-05-24,Sancocho de Gallina,Sopas,3,mesa,60000,Viernes,entre_semana
2024-05-24,Sancocho de Gallina,Sopas,3,domicilio,60000,Viernes,entre_semana
2024-05-24,Frijoles con Pezuña,Sopas,3,mesa,50000,Viernes,entre_semana
2024-05-24,Frijoles con Pezuña,Sopas,2,domicilio,50000,Viernes,entre_semana
2024-05-24,Pata,Sopas,1,mesa,27000,Viernes,entre_semana
2024-05-24,Pata,Sopas,1,domicilio,27000,Viernes,entre_semana
2024-05-24,Cola de Buey,Sopas,3,mesa,60000,Viernes,entre_semana
2024-05-24,Cola de Buey,Sopas,4,domicilio,60000,Viernes,entre_semana
2024-05-24,Cazuela de Mariscos,Sopas,1,mesa,53000,Viernes,entre_semana
2024-05-24,Cazuela de Mariscos,Sopas,1,domicilio,53000,Viernes,entre_semana
2024-05-24,Carne Asada (Chatas),Carnes,9,mesa,56000,Viernes,entre_semana
2024-05-24,Carne Asada (Chatas),Carnes,9,domicilio,56000,Viernes,entre_semana
2024-05-24,Carne Oreada,Carnes,3,mesa,56000,Viernes,entre_semana
2024-05-24,Carne Oreada,Carnes,3,domicilio,56000,Viernes,entre_semana
2024-05-24,Cabro con Pepitoria,Carnes,7,mesa,56000,Viernes,entre_semana
2024-05-24,Cabro con Pepitoria,Carnes,11,domicilio,56000,Viernes,entre_semana
2024-05-24,Costillas de Cerdo,Carnes,5,mesa,54000,Viernes,entre_semana
2024-05-24,Costillas de Cerdo,Carnes,7,domicilio,54000,Viernes,entre_semana
2024-05-24,Lomo de Cerdo,Carnes,4,mesa,54000,Viernes,entre_semana
2024-05-24,Lomo de Cerdo,Carnes,4,domicilio,54000,Viernes,entre_semana
2024-05-24,Sobrebarriga,Carnes,8,mesa,54000,Viernes,entre_semana
2024-05-24,Sobrebarriga,Carnes,10,domicilio,54000,Viernes,entre_semana
2024-05-24,Pechuga Asada,Carnes,2,mesa,52000,Viernes,entre_semana
2024-05-24,Pechuga Asada,Carnes,4,domicilio,52000,Viernes,entre_semana
2024-05-24,Mojarra 2en1,Pescados,4,mesa,50000,Viernes,entre_semana
2024-05-24,Mojarra 2en1,Pescados,4,domicilio,50000,Viernes,entre_semana
2024-05-24,Trucha 2en1,Pescados,1,mesa,50000,Viernes,entre_semana
2024-05-24,Trucha 2en1,Pescados,1,domicilio,50000,Viernes,entre_semana
2024-05-24,Tierra Aire Mar,Pescados,1,domicilio,90000,Viernes,entre_semana
2024-05-24,Arroz con Pollo,Arroces,9,mesa,45000,Viernes,entre_semana
2024-05-24,Arroz con Pollo,Arroces,8,domicilio,45000,Viernes,entre_semana
2024-05-24,Almuerzo Ejecutivo,Corrientes,43,mesa,25000,Viernes,entre_semana
2024-05-24,Almuerzo Ejecutivo,Corrientes,46,domicilio,25000,Viernes,entre_semana
2024-05-25,Lengua en salsa,Sopas,2,mesa,60000,Sábado,sabado
2024-05-25,Lengua en salsa,Sopas,2,domicilio,60000,Sábado,sabado
2024-05-25,Mute,Sopas,15,mesa,30000,Sábado,sabado
2024-05-25,Mute,Sopas,14,domicilio,30000,Sábado,sabado
2024-05-25,Sancocho de Gallina,Sopas,13,mesa,60000,Sábado,sabado
2024-05-25,Sancocho de Gallina,Sopas,9,domicilio,60000,Sábado,sabado
2024-05-25,Frijoles con Pezuña,Sopas,5,mesa,50000,Sábado,sabado
2024-05-25,Frijoles con Pezuña,Sopas,4,domicilio,50000,Sábado,sabado
2024-05-25,Pata,Sopas,3,mesa,27000,Sábado,sabado
2024-05-25,Pata,Sopas,2,domicilio,27000,Sábado,sabado
2024-05-25,Cola de Buey,Sopas,5,mesa,60000,Sábado,sabado
2024-05-25,Cola de Buey,Sopas,9,domicilio,60000,Sábado,sabado
2024-05-25,Cazuela de Mariscos,Sopas,2,mesa,53000,Sábado,sabado
2024-05-25,Cazuela de Mariscos,Sopas,2,domicilio,53000,Sábado,sabado
2024-05-25,Carne Asada (Chatas),Carnes,15,mesa,56000,Sábado,sabado
2024-05-25,Carne Asada (Chatas),Carnes,12,domicilio,56000,Sábado,sabado
2024-05-25,Carne Oreada,Carnes,6,mesa,56000,Sábado,sabado
2024-05-25,Carne Oreada,Carnes,4,domicilio,56000,Sábado,sabado
2024-05-25,Cabro con Pepitoria,Carnes,11,mesa,56000,Sábado,sabado
2024-05-25,Cabro con Pepitoria,Carnes,12,domicilio,56000,Sábado,sabado
2024-05-25,Costillas de Cerdo,Carnes,7,mesa,54000,Sábado,sabado
2024-05-25,Costillas de Cerdo,Carnes,10,domicilio,54000,Sábado,sabado
2024-05-25,Lomo de Cerdo,Carnes,7,mesa,54000,Sábado,sabado
2024-05-25,Lomo de Cerdo,Carnes,6,domicilio,54000,Sábado,sabado
2024-05-25,Sobrebarriga,Carnes,15,mesa,54000,Sábado,sabado
2024-05-25,Sobrebarriga,Carnes,14,domicilio,54000,Sábado,sabado
2024-05-25,Pechuga Asada,Carnes,4,mesa,52000,Sábado,sabado
2024-05-25,Pechuga Asada,Carnes,5,domicilio,52000,Sábado,sabado
2024-05-25,Mojarra 2en1,Pescados,10,mesa,50000,Sábado,sabado
2024-05-25,Mojarra 2en1,Pescados,8,domicilio,50000,Sábado,sabado
2024-05-25,Trucha 2en1,Pescados,2,mesa,50000,Sábado,sabado
2024-05-25,Trucha 2en1,Pescados,2,domicilio,50000,Sábado,sabado
2024-05-25,Tierra Aire Mar,Pescados,1,mesa,90000,Sábado,sabado
2024-05-25,Tierra Aire Mar,Pescados,1,domicilio,90000,Sábado,sabado
2024-05-25,Arroz con Pollo,Arroces,14,mesa,45000,Sábado,sabado
2024-05-25,Arroz con Pollo,Arroces,11,domicilio,45000,Sábado,sabado
2024-05-25,Almuerzo Ejecutivo,Corrientes,38,domicilio,25000,Sábado,sabado
2024-05-26,Lengua en salsa,Sopas,4,mesa,60000,Domingo,domingo
2024-05-26,Lengua en salsa,Sopas,4,domicilio,60000,Domingo,domingo
2024-05-26,Mute,Sopas,41,mesa,30000,Domingo,domingo
2024-05-26,Mute,Sopas,34,domicilio,30000,Domingo,domingo
2024-05-26,Sancocho de Gallina,Sopas,27,mesa,60000,Domingo,domingo
2024-05-26,Sancocho de Gallina,Sopas,22,domicilio,60000,Domingo,domingo
2024-05-26,Pata,Sopas,5,mesa,27000,Domingo,domingo
2024-05-26,Pata,Sopas,4,domicilio,27000,Domingo,domingo
2024-05-26,Cola de Buey,Sopas,12,mesa,60000,Domingo,domingo
2024-05-26,Cola de Buey,Sopas,17,domicilio,60000,Domingo,domingo
2024-05-26,Cazuela de Mariscos,Sopas,4,mesa,53000,Domingo,domingo
2024-05-26,Cazuela de Mariscos,Sopas,3,domicilio,53000,Domingo,domingo
2024-05-26,Carne Asada (Chatas),Carnes,30,mesa,56000,Domingo,domingo
2024-05-26,Carne Asada (Chatas),Carnes,28,domicilio,56000,Domingo,domingo
2024-05-26,Carne Oreada,Carnes,10,mesa,56000,Domingo,domingo
2024-05-26,Carne Oreada,Carnes,9,domicilio,56000,Domingo,domingo
2024-05-26,Cabro con Pepitoria,Carnes,29,mesa,56000,Domingo,domingo
2024-05-26,Cabro con Pepitoria,Carnes,31,domicilio,56000,Domingo,domingo
2024-05-26,Costillas de Cerdo,Carnes,13,mesa,54000,Domingo,domingo
2024-05-26,Costillas de Cerdo,Carnes,21,domicilio,54000,Domingo,domingo
2024-05-26,Lomo de Cerdo,Carnes,11,mesa,54000,Domingo,domingo
2024-05-26,Lomo de Cerdo,Carnes,14,domicilio,54000,Domingo,domingo
2024-05-26,Sobrebarriga,Carnes,25,mesa,54000,Domingo,domingo
2024-05-26,Sobrebarriga,Carnes,24,domicilio,54000,Domingo,domingo
2024-05-26,Pechuga Asada,Carnes,7,mesa,52000,Domingo,domingo
2024-05-26,Pechuga Asada,Carnes,10,domicilio,52000,Domingo,domingo
2024-05-26,Mojarra 2en1,Pescados,16,mesa,50000,Domingo,domingo
2024-05-26,Mojarra 2en1,Pescados,14,domicilio,50000,Domingo,domingo
2024-05-26,Trucha 2en1,Pescados,4,mesa,50000,Domingo,domingo
2024-05-26,Trucha 2en1,Pescados,5,domicilio,50000,Domingo,domingo
2024-05-26,Tierra Aire Mar,Pescados,2,mesa,90000,Domingo,domingo
2024-05-26,Tierra Aire Mar,Pescados,2,domicilio,90000,Domingo,domingo
2024-05-26,Arroz con Pollo,Arroces,21,mesa,45000,Domingo,domingo
2024-05-26,Arroz con Pollo,Arroces,21,domicilio,45000,Domingo,domingo
2024-05-28,Lengua en salsa,Sopas,1,mesa,60000,Martes,entre_semana
2024-05-28,Lengua en salsa,Sopas,1,domicilio,60000,Martes,entre_semana
2024-05-28,Sancocho de Gallina,Sopas,3,mesa,60000,Martes,entre_semana
2024-05-28,Sancocho de Gallina,Sopas,3,domicilio,60000,Martes,entre_semana
2024-05-28,Frijoles con Pezuña,Sopas,3,mesa,50000,Martes,entre_semana
2024-05-28,Frijoles con Pezuña,Sopas,2,domicilio,50000,Martes,entre_semana
2024-05-28,Pata,Sopas,1,mesa,27000,Martes,entre_semana
2024-05-28,Pata,Sopas,1,domicilio,27000,Martes,entre_semana
2024-05-28,Cola de Buey,Sopas,3,mesa,60000,Martes,entre_semana
2024-05-28,Cola de Buey,Sopas,4,domicilio,60000,Martes,entre_semana
2024-05-28,Cazuela de Mariscos,Sopas,1,mesa,53000,Martes,entre_semana
2024-05-28,Cazuela de Mariscos,Sopas,1,domicilio,53000,Martes,entre_semana
2024-05-28,Carne Asada (Chatas),Carnes,10,mesa,56000,Martes,entre_semana
2024-05-28,Carne Asada (Chatas),Carnes,9,domicilio,56000,Martes,entre_semana
2024-05-28,Carne Oreada,Carnes,3,mesa,56000,Martes,entre_semana
2024-05-28,Carne Oreada,Carnes,3,domicilio,56000,Martes,entre_semana
2024-05-28,Cabro con Pepitoria,Carnes,9,mesa,56000,Martes,entre_semana
2024-05-28,Cabro con Pepitoria,Carnes,8,domicilio,56000,Martes,entre_semana
2024-05-28,Costillas de Cerdo,Carnes,6,mesa,54000,Martes,entre_semana
2024-05-28,Costillas de Cerdo,Carnes,6,domicilio,54000,Martes,entre_semana
2024-05-28,Lomo de Cerdo,Carnes,4,mesa,54000,Martes,entre_semana
2024-05-28,Lomo de Cerdo,Carnes,4,domicilio,54000,Martes,entre_semana
2024-05-28,Sobrebarriga,Carnes,11,mesa,54000,Martes,entre_semana
2024-05-28,Sobrebarriga,Carnes,9,domicilio,54000,Martes,entre_semana
2024-05-28,Pechuga Asada,Carnes,2,mesa,52000,Martes,entre_semana
2024-05-28,Pechuga Asada,Carnes,5,domicilio,52000,Martes,entre_semana
2024-05-28,Mojarra 2en1,Pescados,4,mesa,50000,Martes,entre_semana
2024-05-28,Mojarra 2en1,Pescados,4,domicilio,50000,Martes,entre_semana
2024-05-28,Trucha 2en1,Pescados,1,mesa,50000,Martes,entre_semana
2024-05-28,Trucha 2en1,Pescados,1,domicilio,50000,Martes,entre_semana
2024-05-28,Tierra Aire Mar,Pescados,1,domicilio,90000,Martes,entre_semana
2024-05-28,Arroz con Pollo,Arroces,9,mesa,45000,Martes,entre_semana
2024-05-28,Arroz con Pollo,Arroces,9,domicilio,45000,Martes,entre_semana
2024-05-28,Almuerzo Ejecutivo,Corrientes,50,mesa,25000,Martes,entre_semana
2024-05-28,Almuerzo Ejecutivo,Corrientes,41,domicilio,25000,Martes,entre_semana
2024-05-29,Lengua en salsa,Sopas,1,mesa,60000,Miércoles,entre_semana
2024-05-29,Lengua en salsa,Sopas,1,domicilio,60000,Miércoles,entre_semana
2024-05-29,Sancocho de Gallina,Sopas,3,mesa,60000,Miércoles,entre_semana
2024-05-29,Sancocho de Gallina,Sopas,3,domicilio,60000,Miércoles,entre_semana
2024-05-29,Frijoles con Pezuña,Sopas,3,mesa,50000,Miércoles,entre_semana
2024-05-29,Frijoles con Pezuña,Sopas,2,domicilio,50000,Miércoles,entre_semana
2024-05-29,Pata,Sopas,1,mesa,27000,Miércoles,entre_semana
2024-05-29,Pata,Sopas,1,domicilio,27000,Miércoles,entre_semana
2024-05-29,Cola de Buey,Sopas,4,mesa,60000,Miércoles,entre_semana
2024-05-29,Cola de Buey,Sopas,4,domicilio,60000,Miércoles,entre_semana
2024-05-29,Cazuela de Mariscos,Sopas,1,mesa,53000,Miércoles,entre_semana
2024-05-29,Cazuela de Mariscos,Sopas,1,domicilio,53000,Miércoles,entre_semana
2024-05-29,Carne Asada (Chatas),Carnes,9,mesa,56000,Miércoles,entre_semana
2024-05-29,Carne Asada (Chatas),Carnes,8,domicilio,56000,Miércoles,entre_semana
2024-05-29,Carne Oreada,Carnes,3,mesa,56000,Miércoles,entre_semana
2024-05-29,Carne Oreada,Carnes,3,domicilio,56000,Miércoles,entre_semana
2024-05-29,Cabro con Pepitoria,Carnes,9,mesa,56000,Miércoles,entre_semana
2024-05-29,Cabro con Pepitoria,Carnes,7,domicilio,56000,Miércoles,entre_semana
2024-05-29,Costillas de Cerdo,Carnes,5,mesa,54000,Miércoles,entre_semana
2024-05-29,Costillas de Cerdo,Carnes,7,domicilio,54000,Miércoles,entre_semana
2024-05-29,Lomo de Cerdo,Carnes,3,mesa,54000,Miércoles,entre_semana
2024-05-29,Lomo de Cerdo,Carnes,4,domicilio,54000,Miércoles,entre_semana
2024-05-29,Sobrebarriga,Carnes,8,mesa,54000,Miércoles,entre_semana
2024-05-29,Sobrebarriga,Carnes,10,domicilio,54000,Miércoles,entre_semana
2024-05-29,Pechuga Asada,Carnes,2,mesa,52000,Miércoles,entre_semana
2024-05-29,Pechuga Asada,Carnes,4,domicilio,52000,Miércoles,entre_semana
2024-05-29,Mojarra 2en1,Pescados,5,mesa,50000,Miércoles,entre_semana
2024-05-29,Mojarra 2en1,Pescados,5,domicilio,50000,Miércoles,entre_semana
2024-05-29,Trucha 2en1,Pescados,1,mesa,50000,Miércoles,entre_semana
2024-05-29,Trucha 2en1,Pescados,1,domicilio,50000,Miércoles,entre_semana
2024-05-29,Tierra Aire Mar,Pescados,1,domicilio,90000,Miércoles,entre_semana
2024-05-29,Arroz con Pollo,Arroces,8,mesa,45000,Miércoles,entre_semana
2024-05-29,Arroz con Pollo,Arroces,9,domicilio,45000,Miércoles,entre_semana
2024-05-29,Almuerzo Ejecutivo,Corrientes,38,mesa,25000,Miércoles,entre_semana
2024-05-29,Almuerzo Ejecutivo,Corrientes,46,domicilio,25000,Miércoles,entre_semana
2024-05-30,Lengua en salsa,Sopas,1,mesa,60000,Jueves,entre_semana
2024-05-30,Lengua en salsa,Sopas,1,domicilio,60000,Jueves,entre_semana
2024-05-30,Sancocho de Gallina,Sopas,4,mesa,60000,Jueves,entre_semana
2024-05-30,Sancocho de Gallina,Sopas,3,domicilio,60000,Jueves,entre_semana
2024-05-30,Frijoles con Pezuña,Sopas,3,mesa,50000,Jueves,entre_semana
2024-05-30,Frijoles con Pezuña,Sopas,2,domicilio,50000,Jueves,entre_semana
2024-05-30,Pata,Sopas,1,mesa,27000,Jueves,entre_semana
2024-05-30,Pata,Sopas,1,domicilio,27000,Jueves,entre_semana
2024-05-30,Cola de Buey,Sopas,4,mesa,60000,Jueves,entre_semana
2024-05-30,Cola de Buey,Sopas,4,domicilio,60000,Jueves,entre_semana
2024-05-30,Cazuela de Mariscos,Sopas,1,mesa,53000,Jueves,entre_semana
2024-05-30,Cazuela de Mariscos,Sopas,1,domicilio,53000,Jueves,entre_semana
2024-05-30,Carne Asada (Chatas),Carnes,11,mesa,56000,Jueves,entre_semana
2024-05-30,Carne Asada (Chatas),Carnes,11,domicilio,56000,Jueves,entre_semana
2024-05-30,Carne Oreada,Carnes,3,mesa,56000,Jueves,entre_semana
2024-05-30,Carne Oreada,Carnes,2,domicilio,56000,Jueves,entre_semana
2024-05-30,Cabro con Pepitoria,Carnes,9,mesa,56000,Jueves,entre_semana
2024-05-30,Cabro con Pepitoria,Carnes,8,domicilio,56000,Jueves,entre_semana
2024-05-30,Costillas de Cerdo,Carnes,6,mesa,54000,Jueves,entre_semana
2024-05-30,Costillas de Cerdo,Carnes,5,domicilio,54000,Jueves,entre_semana
2024-05-30,Lomo de Cerdo,Carnes,5,mesa,54000,Jueves,entre_semana
2024-05-30,Lomo de Cerdo,Carnes,4,domicilio,54000,Jueves,entre_semana
2024-05-30,Sobrebarriga,Carnes,10,mesa,54000,Jueves,entre_semana
2024-05-30,Sobrebarriga,Carnes,12,domicilio,54000,Jueves,entre_semana
2024-05-30,Pechuga Asada,Carnes,2,mesa,52000,Jueves,entre_semana
2024-05-30,Pechuga Asada,Carnes,4,domicilio,52000,Jueves,entre_semana
2024-05-30,Mojarra 2en1,Pescados,4,mesa,50000,Jueves,entre_semana
2024-05-30,Mojarra 2en1,Pescados,3,domicilio,50000,Jueves,entre_semana
2024-05-30,Trucha 2en1,Pescados,1,mesa,50000,Jueves,entre_semana
2024-05-30,Trucha 2en1,Pescados,1,domicilio,50000,Jueves,entre_semana
2024-05-30,Tierra Aire Mar,Pescados,1,domicilio,90000,Jueves,entre_semana
2024-05-30,Arroz con Pollo,Arroces,9,mesa,45000,Jueves,entre_semana
2024-05-30,Arroz con Pollo,Arroces,9,domicilio,45000,Jueves,entre_semana
2024-05-30,Almuerzo Ejecutivo,Corrientes,46,mesa,25000,Jueves,entre_semana
2024-05-30,Almuerzo Ejecutivo,Corrientes,50,domicilio,25000,Jueves,entre_semana
2024-05-31,Lengua en salsa,Sopas,1,mesa,60000,Viernes,entre_semana
2024-05-31,Lengua en salsa,Sopas,1,domicilio,60000,Viernes,entre_semana
2024-05-31,Sancocho de Gallina,Sopas,3,mesa,60000,Viernes,entre_semana
2024-05-31,Sancocho de Gallina,Sopas,3,domicilio,60000,Viernes,entre_semana
2024-05-31,Frijoles con Pezuña,Sopas,3,mesa,50000,Viernes,entre_semana
2024-05-31,Frijoles con Pezuña,Sopas,2,domicilio,50000,Viernes,entre_semana
2024-05-31,Pata,Sopas,1,mesa,27000,Viernes,entre_semana
2024-05-31,Pata,Sopas,1,domicilio,27000,Viernes,entre_semana
2024-05-31,Cola de Buey,Sopas,3,mesa,60000,Viernes,entre_semana
2024-05-31,Cola de Buey,Sopas,4,domicilio,60000,Viernes,entre_semana
2024-05-31,Cazuela de Mariscos,Sopas,1,mesa,53000,Viernes,entre_semana
2024-05-31,Cazuela de Mariscos,Sopas,1,domicilio,53000,Viernes,entre_semana
2024-05-31,Carne Asada (Chatas),Carnes,8,mesa,56000,Viernes,entre_semana
2024-05-31,Carne Asada (Chatas),Carnes,10,domicilio,56000,Viernes,entre_semana
2024-05-31,Carne Oreada,Carnes,4,mesa,56000,Viernes,entre_semana
2024-05-31,Carne Oreada,Carnes,3,domicilio,56000,Viernes,entre_semana
2024-05-31,Cabro con Pepitoria,Carnes,10,mesa,56000,Viernes,entre_semana
2024-05-31,Cabro con Pepitoria,Carnes,7,domicilio,56000,Viernes,entre_semana
2024-05-31,Costillas de Cerdo,Carnes,5,mesa,54000,Viernes,entre_semana
2024-05-31,Costillas de Cerdo,Carnes,6,domicilio,54000,Viernes,entre_semana
2024-05-31,Lomo de Cerdo,Carnes,3,mesa,54000,Viernes,entre_semana
2024-05-31,Lomo de Cerdo,Carnes,3,domicilio,54000,Viernes,entre_semana
2024-05-31,Sobrebarriga,Carnes,9,mesa,54000,Viernes,entre_semana
2024-05-31,Sobrebarriga,Carnes,10,domicilio,54000,Viernes,entre_semana
2024-05-31,Pechuga Asada,Carnes,2,mesa,52000,Viernes,entre_semana
2024-05-31,Pechuga Asada,Carnes,5,domicilio,52000,Viernes,entre_semana
2024-05-31,Mojarra 2en1,Pescados,4,mesa,50000,Viernes,entre_semana
2024-05-31,Mojarra 2en1,Pescados,4,domicilio,50000,Viernes,entre_semana
2024-05-31,Trucha 2en1,Pescados,1,mesa,50000,Viernes,entre_semana
2024-05-31,Trucha 2en1,Pescados,1,domicilio,50000,Viernes,entre_semana
2024-05-31,Tierra Aire Mar,Pescados,1,domicilio,90000,Viernes,entre_semana
2024-05-31,Arroz con Pollo,Arroces,7,mesa,45000,Viernes,entre_semana
2024-05-31,Arroz con Pollo,Arroces,7,domicilio,45000,Viernes,entre_semana
2024-05-31,Almuerzo Ejecutivo,Corrientes,39,mesa,25000,Viernes,entre_semana
2024-05-31,Almuerzo Ejecutivo,Corrientes,49,domicilio,25000,Viernes,entre_semana
2024-06-01,Lengua en salsa,Sopas,2,mesa,60000,Sábado,sabado
2024-06-01,Lengua en salsa,Sopas,2,domicilio,60000,Sábado,sabado
2024-06-01,Mute,Sopas,18,mesa,30000,Sábado,sabado
2024-06-01,Mute,Sopas,14,domicilio,30000,Sábado,sabado
2024-06-01,Sancocho de Gallina,Sopas,12,mesa,60000,Sábado,sabado
2024-06-01,Sancocho de Gallina,Sopas,11,domicilio,60000,Sábado,sabado
2024-06-01,Frijoles con Pezuña,Sopas,4,mesa,50000,Sábado,sabado
2024-06-01,Frijoles con Pezuña,Sopas,4,domicilio,50000,Sábado,sabado
2024-06-01,Pata,Sopas,3,mesa,27000,Sábado,sabado
2024-06-01,Pata,Sopas,2,domicilio,27000,Sábado,sabado
2024-06-01,Cola de Buey,Sopas,4,mesa,60000,Sábado,sabado
2024-06-01,Cola de Buey,Sopas,8,domicilio,60000,Sábado,sabado
2024-06-01,Cazuela de Mariscos,Sopas,2,mesa,53000,Sábado,sabado
2024-06-01,Cazuela de Mariscos,Sopas,2,domicilio,53000,Sábado,sabado
2024-06-01,Carne Asada (Chatas),Carnes,14,mesa,56000,Sábado,sabado
2024-06-01,Carne Asada (Chatas),Carnes,12,domicilio,56000,Sábado,sabado
2024-06-01,Carne Oreada,Carnes,6,mesa,56000,Sábado,sabado
2024-06-01,Carne Oreada,Carnes,4,domicilio,56000,Sábado,sabado
2024-06-01,Cabro con Pepitoria,Carnes,14,mesa,56000,Sábado,sabado
2024-06-01,Cabro con Pepitoria,Carnes,12,domicilio,56000,Sábado,sabado
2024-06-01,Costillas de Cerdo,Carnes,7,mesa,54000,Sábado,sabado
2024-06-01,Costillas de Cerdo,Carnes,10,domicilio,54000,Sábado,sabado
2024-06-01,Lomo de Cerdo,Carnes,6,mesa,54000,Sábado,sabado
2024-06-01,Lomo de Cerdo,Carnes,5,domicilio,54000,Sábado,sabado
2024-06-01,Sobrebarriga,Carnes,15,mesa,54000,Sábado,sabado
2024-06-01,Sobrebarriga,Carnes,13,domicilio,54000,Sábado,sabado
2024-06-01,Pechuga Asada,Carnes,4,mesa,52000,Sábado,sabado
2024-06-01,Pechuga Asada,Carnes,7,domicilio,52000,Sábado,sabado
2024-06-01,Mojarra 2en1,Pescados,8,mesa,50000,Sábado,sabado
2024-06-01,Mojarra 2en1,Pescados,7,domicilio,50000,Sábado,sabado
2024-06-01,Trucha 2en1,Pescados,2,mesa,50000,Sábado,sabado
2024-06-01,Trucha 2en1,Pescados,2,domicilio,50000,Sábado,sabado
2024-06-01,Tierra Aire Mar,Pescados,1,mesa,90000,Sábado,sabado
2024-06-01,Tierra Aire Mar,Pescados,1,domicilio,90000,Sábado,sabado
2024-06-01,Arroz con Pollo,Arroces,14,mesa,45000,Sábado,sabado
2024-06-01,Arroz con Pollo,Arroces,12,domicilio,45000,Sábado,sabado
2024-06-01,Almuerzo Ejecutivo,Corrientes,44,domicilio,25000,Sábado,sabado
2024-06-02,Lengua en salsa,Sopas,4,mesa,60000,Domingo,domingo
2024-06-02,Lengua en salsa,Sopas,2,domicilio,60000,Domingo,domingo
2024-06-02,Mute,Sopas,38,mesa,30000,Domingo,domingo
2024-06-02,Mute,Sopas,25,domicilio,30000,Domingo,domingo
2024-06-02,Sancocho de Gallina,Sopas,30,mesa,60000,Domingo,domingo
2024-06-02,Sancocho de Gallina,Sopas,23,domicilio,60000,Domingo,domingo
2024-06-02,Pata,Sopas,5,mesa,27000,Domingo,domingo
2024-06-02,Pata,Sopas,5,domicilio,27000,Domingo,domingo
2024-06-02,Cola de Buey,Sopas,8,mesa,60000,Domingo,domingo
2024-06-02,Cola de Buey,Sopas,14,domicilio,60000,Domingo,domingo
2024-06-02,Cazuela de Mariscos,Sopas,4,mesa,53000,Domingo,domingo
2024-06-02,Cazuela de Mariscos,Sopas,3,domicilio,53000,Domingo,domingo
2024-06-02,Carne Asada (Chatas),Carnes,33,mesa,56000,Domingo,domingo
2024-06-02,Carne Asada (Chatas),Carnes,29,domicilio,56000,Domingo,domingo
2024-06-02,Carne Oreada,Carnes,11,mesa,56000,Domingo,domingo
2024-06-02,Carne Oreada,Carnes,11,domicilio,56000,Domingo,domingo
2024-06-02,Cabro con Pepitoria,Carnes,27,mesa,56000,Domingo,domingo
2024-06-02,Cabro con Pepitoria,Carnes,31,domicilio,56000,Domingo,domingo
2024-06-02,Costillas de Cerdo,Carnes,17,mesa,54000,Domingo,domingo
2024-06-02,Costillas de Cerdo,Carnes,19,domicilio,54000,Domingo,domingo
2024-06-02,Lomo de Cerdo,Carnes,14,mesa,54000,Domingo,domingo
2024-06-02,Lomo de Cerdo,Carnes,13,domicilio,54000,Domingo,domingo
2024-06-02,Sobrebarriga,Carnes,30,mesa,54000,Domingo,domingo
2024-06-02,Sobrebarriga,Carnes,32,domicilio,54000,Domingo,domingo
2024-06-02,Pechuga Asada,Carnes,8,mesa,52000,Domingo,domingo
2024-06-02,Pechuga Asada,Carnes,10,domicilio,52000,Domingo,domingo
2024-06-02,Mojarra 2en1,Pescados,15,mesa,50000,Domingo,domingo
2024-06-02,Mojarra 2en1,Pescados,15,domicilio,50000,Domingo,domingo
2024-06-02,Trucha 2en1,Pescados,4,mesa,50000,Domingo,domingo
2024-06-02,Trucha 2en1,Pescados,4,domicilio,50000,Domingo,domingo
2024-06-02,Tierra Aire Mar,Pescados,2,mesa,90000,Domingo,domingo
2024-06-02,Tierra Aire Mar,Pescados,2,domicilio,90000,Domingo,domingo
2024-06-02,Arroz con Pollo,Arroces,23,mesa,45000,Domingo,domingo
2024-06-02,Arroz con Pollo,Arroces,27,domicilio,45000,Domingo,domingo
2024-06-04,Lengua en salsa,Sopas,1,mesa,60000,Martes,entre_semana
2024-06-04,Lengua en salsa,Sopas,1,domicilio,60000,Martes,entre_semana
2024-06-04,Sancocho de Gallina,Sopas,3,mesa,60000,Martes,entre_semana
2024-06-04,Sancocho de Gallina,Sopas,3,domicilio,60000,Martes,entre_semana
2024-06-04,Frijoles con Pezuña,Sopas,3,mesa,50000,Martes,entre_semana
2024-06-04,Frijoles con Pezuña,Sopas,2,domicilio,50000,Martes,entre_semana
2024-06-04,Pata,Sopas,1,mesa,27000,Martes,entre_semana
2024-06-04,Pata,Sopas,1,domicilio,27000,Martes,entre_semana
2024-06-04,Cola de Buey,Sopas,3,mesa,60000,Martes,entre_semana
2024-06-04,Cola de Buey,Sopas,4,domicilio,60000,Martes,entre_semana
2024-06-04,Cazuela de Mariscos,Sopas,1,mesa,53000,Martes,entre_semana
2024-06-04,Cazuela de Mariscos,Sopas,1,domicilio,53000,Martes,entre_semana
2024-06-04,Carne Asada (Chatas),Carnes,10,mesa,56000,Martes,entre_semana
2024-06-04,Carne Asada (Chatas),Carnes,7,domicilio,56000,Martes,entre_semana
2024-06-04,Carne Oreada,Carnes,3,mesa,56000,Martes,entre_semana
2024-06-04,Carne Oreada,Carnes,3,domicilio,56000,Martes,entre_semana
2024-06-04,Cabro con Pepitoria,Carnes,7,mesa,56000,Martes,entre_semana
2024-06-04,Cabro con Pepitoria,Carnes,9,domicilio,56000,Martes,entre_semana
2024-06-04,Costillas de Cerdo,Carnes,5,mesa,54000,Martes,entre_semana
2024-06-04,Costillas de Cerdo,Carnes,5,domicilio,54000,Martes,entre_semana
2024-06-04,Lomo de Cerdo,Carnes,4,mesa,54000,Martes,entre_semana
2024-06-04,Lomo de Cerdo,Carnes,4,domicilio,54000,Martes,entre_semana
2024-06-04,Sobrebarriga,Carnes,9,mesa,54000,Martes,entre_semana
2024-06-04,Sobrebarriga,Carnes,9,domicilio,54000,Martes,entre_semana
2024-06-04,Pechuga Asada,Carnes,2,mesa,52000,Martes,entre_semana
2024-06-04,Pechuga Asada,Carnes,3,domicilio,52000,Martes,entre_semana
2024-06-04,Mojarra 2en1,Pescados,4,mesa,50000,Martes,entre_semana
2024-06-04,Mojarra 2en1,Pescados,4,domicilio,50000,Martes,entre_semana
2024-06-04,Trucha 2en1,Pescados,1,mesa,50000,Martes,entre_semana
2024-06-04,Trucha 2en1,Pescados,1,domicilio,50000,Martes,entre_semana
2024-06-04,Tierra Aire Mar,Pescados,1,domicilio,90000,Martes,entre_semana
2024-06-04,Arroz con Pollo,Arroces,9,mesa,45000,Martes,entre_semana
2024-06-04,Arroz con Pollo,Arroces,7,domicilio,45000,Martes,entre_semana
2024-06-04,Almuerzo Ejecutivo,Corrientes,41,mesa,25000,Martes,entre_semana
2024-06-04,Almuerzo Ejecutivo,Corrientes,39,domicilio,25000,Martes,entre_semana
2024-06-05,Lengua en salsa,Sopas,1,mesa,60000,Miércoles,entre_semana
2024-06-05,Lengua en salsa,Sopas,1,domicilio,60000,Miércoles,entre_semana
2024-06-05,Sancocho de Gallina,Sopas,3,mesa,60000,Miércoles,entre_semana
2024-06-05,Sancocho de Gallina,Sopas,2,domicilio,60000,Miércoles,entre_semana
2024-06-05,Frijoles con Pezuña,Sopas,4,mesa,50000,Miércoles,entre_semana
2024-06-05,Frijoles con Pezuña,Sopas,2,domicilio,50000,Miércoles,entre_semana
2024-06-05,Pata,Sopas,1,mesa,27000,Miércoles,entre_semana
2024-06-05,Pata,Sopas,1,domicilio,27000,Miércoles,entre_semana
2024-06-05,Cola de Buey,Sopas,3,mesa,60000,Miércoles,entre_semana
2024-06-05,Cola de Buey,Sopas,4,domicilio,60000,Miércoles,entre_semana
2024-06-05,Cazuela de Mariscos,Sopas,1,mesa,53000,Miércoles,entre_semana
2024-06-05,Cazuela de Mariscos,Sopas,1,domicilio,53000,Miércoles,entre_semana
2024-06-05,Carne Asada (Chatas),Carnes,10,mesa,56000,Miércoles,entre_semana
2024-06-05,Carne Asada (Chatas),Carnes,10,domicilio,56000,Miércoles,entre_semana
2024-06-05,Carne Oreada,Carnes,3,mesa,56000,Miércoles,entre_semana
2024-06-05,Carne Oreada,Carnes,3,domicilio,56000,Miércoles,entre_semana
2024-06-05,Cabro con Pepitoria,Carnes,8,mesa,56000,Miércoles,entre_semana
2024-06-05,Cabro con Pepitoria,Carnes,9,domicilio,56000,Miércoles,entre_semana
2024-06-05,Costillas de Cerdo,Carnes,6,mesa,54000,Miércoles,entre_semana
2024-06-05,Costillas de Cerdo,Carnes,6,domicilio,54000,Miércoles,entre_semana
2024-06-05,Lomo de Cerdo,Carnes,5,mesa,54000,Miércoles,entre_semana
2024-06-05,Lomo de Cerdo,Carnes,4,domicilio,54000,Miércoles,entre_semana
2024-06-05,Sobrebarriga,Carnes,11,mesa,54000,Miércoles,entre_semana
2024-06-05,Sobrebarriga,Carnes,11,domicilio,54000,Miércoles,entre_semana
2024-06-05,Pechuga Asada,Carnes,2,mesa,52000,Miércoles,entre_semana
2024-06-05,Pechuga Asada,Carnes,4,domicilio,52000,Miércoles,entre_semana
2024-06-05,Mojarra 2en1,Pescados,5,mesa,50000,Miércoles,entre_semana
2024-06-05,Mojarra 2en1,Pescados,4,domicilio,50000,Miércoles,entre_semana
2024-06-05,Trucha 2en1,Pescados,1,mesa,50000,Miércoles,entre_semana
2024-06-05,Trucha 2en1,Pescados,1,domicilio,50000,Miércoles,entre_semana
2024-06-05,Tierra Aire Mar,Pescados,1,domicilio,90000,Miércoles,entre_semana
2024-06-05,Arroz con Pollo,Arroces,9,mesa,45000,Miércoles,entre_semana
2024-06-05,Arroz con Pollo,Arroces,9,domicilio,45000,Miércoles,entre_semana
2024-06-05,Almuerzo Ejecutivo,Corrientes,38,mesa,25000,Miércoles,entre_semana
2024-06-05,Almuerzo Ejecutivo,Corrientes,49,domicilio,25000,Miércoles,entre_semana
2024-06-06,Lengua en salsa,Sopas,1,mesa,60000,Jueves,entre_semana
2024-06-06,Lengua en salsa,Sopas,1,domicilio,60000,Jueves,entre_semana
2024-06-06,Sancocho de Gallina,Sopas,3,mesa,60000,Jueves,entre_semana
2024-06-06,Sancocho de Gallina,Sopas,3,domicilio,60000,Jueves,entre_semana
2024-06-06,Frijoles con Pezuña,Sopas,3,mesa,50000,Jueves,entre_semana
2024-06-06,Frijoles con Pezuña,Sopas,2,domicilio,50000,Jueves,entre_semana
2024-06-06,Pata,Sopas,1,mesa,27000,Jueves,entre_semana
2024-06-06,Pata,Sopas,1,domicilio,27000,Jueves,entre_semana
2024-06-06,Cola de Buey,Sopas,3,mesa,60000,Jueves,entre_semana
2024-06-06,Cola de Buey,Sopas,4,domicilio,60000,Jueves,entre_semana
2024-06-06,Cazuela de Mariscos,Sopas,1,mesa,53000,Jueves,entre_semana
2024-06-06,Cazuela de Mariscos,Sopas,1,domicilio,53000,Jueves,entre_semana
2024-06-06,Carne Asada (Chatas),Carnes,11,mesa,56000,Jueves,entre_semana
2024-06-06,Carne Asada (Chatas),Carnes,7,domicilio,56000,Jueves,entre_semana
2024-06-06,Carne Oreada,Carnes,4,mesa,56000,Jueves,entre_semana
2024-06-06,Carne Oreada,Carnes,4,domicilio,56000,Jueves,entre_semana
2024-06-06,Cabro con Pepitoria,Carnes,8,mesa,56000,Jueves,entre_semana
2024-06-06,Cabro con Pepitoria,Carnes,11,domicilio,56000,Jueves,entre_semana
2024-06-06,Costillas de Cerdo,Carnes,5,mesa,54000,Jueves,entre_semana
2024-06-06,Costillas de Cerdo,Carnes,5,domicilio,54000,Jueves,entre_semana
2024-06-06,Lomo de Cerdo,Carnes,4,mesa,54000,Jueves,entre_semana
2024-06-06,Lomo de Cerdo,Carnes,4,domicilio,54000,Jueves,entre_semana
2024-06-06,Sobrebarriga,Carnes,12,mesa,54000,Jueves,entre_semana
2024-06-06,Sobrebarriga,Carnes,10,domicilio,54000,Jueves,entre_semana
2024-06-06,Pechuga Asada,Carnes,2,mesa,52000,Jueves,entre_semana
2024-06-06,Pechuga Asada,Carnes,4,domicilio,52000,Jueves,entre_semana
2024-06-06,Mojarra 2en1,Pescados,4,mesa,50000,Jueves,entre_semana
2024-06-06,Mojarra 2en1,Pescados,4,domicilio,50000,Jueves,entre_semana
2024-06-06,Trucha 2en1,Pescados,1,mesa,50000,Jueves,entre_semana
2024-06-06,Trucha 2en1,Pescados,1,domicilio,50000,Jueves,entre_semana
2024-06-06,Tierra Aire Mar,Pescados,1,domicilio,90000,Jueves,entre_semana
2024-06-06,Arroz con Pollo,Arroces,10,mesa,45000,Jueves,entre_semana
2024-06-06,Arroz con Pollo,Arroces,8,domicilio,45000,Jueves,entre_semana
2024-06-06,Almuerzo Ejecutivo,Corrientes,51,mesa,25000,Jueves,entre_semana
2024-06-06,Almuerzo Ejecutivo,Corrientes,52,domicilio,25000,Jueves,entre_semana
2024-06-07,Lengua en salsa,Sopas,1,mesa,60000,Viernes,entre_semana
2024-06-07,Lengua en salsa,Sopas,1,domicilio,60000,Viernes,entre_semana
2024-06-07,Sancocho de Gallina,Sopas,3,mesa,60000,Viernes,entre_semana
2024-06-07,Sancocho de Gallina,Sopas,3,domicilio,60000,Viernes,entre_semana
2024-06-07,Frijoles con Pezuña,Sopas,3,mesa,50000,Viernes,entre_semana
2024-06-07,Frijoles con Pezuña,Sopas,2,domicilio,50000,Viernes,entre_semana
2024-06-07,Pata,Sopas,1,mesa,27000,Viernes,entre_semana
2024-06-07,Pata,Sopas,1,domicilio,27000,Viernes,entre_semana
2024-06-07,Cola de Buey,Sopas,3,mesa,60000,Viernes,entre_semana
2024-06-07,Cola de Buey,Sopas,3,domicilio,60000,Viernes,entre_semana
2024-06-07,Cazuela de Mariscos,Sopas,1,mesa,53000,Viernes,entre_semana
2024-06-07,Cazuela de Mariscos,Sopas,1,domicilio,53000,Viernes,entre_semana
2024-06-07,Carne Asada (Chatas),Carnes,10,mesa,56000,Viernes,entre_semana
2024-06-07,Carne Asada (Chatas),Carnes,9,domicilio,56000,Viernes,entre_semana
2024-06-07,Carne Oreada,Carnes,3,mesa,56000,Viernes,entre_semana
2024-06-07,Carne Oreada,Carnes,3,domicilio,56000,Viernes,entre_semana
2024-06-07,Cabro con Pepitoria,Carnes,8,mesa,56000,Viernes,entre_semana
2024-06-07,Cabro con Pepitoria,Carnes,10,domicilio,56000,Viernes,entre_semana
2024-06-07,Costillas de Cerdo,Carnes,6,mesa,54000,Viernes,entre_semana
2024-06-07,Costillas de Cerdo,Carnes,6,domicilio,54000,Viernes,entre_semana
2024-06-07,Lomo de Cerdo,Carnes,4,mesa,54000,Viernes,entre_semana
2024-06-07,Lomo de Cerdo,Carnes,3,domicilio,54000,Viernes,entre_semana
2024-06-07,Sobrebarriga,Carnes,11,mesa,54000,Viernes,entre_semana
2024-06-07,Sobrebarriga,Carnes,9,domicilio,54000,Viernes,entre_semana
2024-06-07,Pechuga Asada,Carnes,2,mesa,52000,Viernes,entre_semana
2024-06-07,Pechuga Asada,Carnes,4,domicilio,52000,Viernes,entre_semana
2024-06-07,Mojarra 2en1,Pescados,5,mesa,50000,Viernes,entre_semana
2024-06-07,Mojarra 2en1,Pescados,4,domicilio,50000,Viernes,entre_semana
2024-06-07,Trucha 2en1,Pescados,1,mesa,50000,Viernes,entre_semana
2024-06-07,Trucha 2en1,Pescados,1,domicilio,50000,Viernes,entre_semana
2024-06-07,Tierra Aire Mar,Pescados,1,domicilio,90000,Viernes,entre_semana
2024-06-07,Arroz con Pollo,Arroces,9,mesa,45000,Viernes,entre_semana
2024-06-07,Arroz con Pollo,Arroces,9,domicilio,45000,Viernes,entre_semana
2024-06-07,Almuerzo Ejecutivo,Corrientes,50,mesa,25000,Viernes,entre_semana
2024-06-07,Almuerzo Ejecutivo,Corrientes,43,domicilio,25000,Viernes,entre_semana
2024-06-08,Lengua en salsa,Sopas,2,mesa,60000,Sábado,sabado
2024-06-08,Lengua en salsa,Sopas,2,domicilio,60000,Sábado,sabado
2024-06-08,Mute,Sopas,19,mesa,30000,Sábado,sabado
2024-06-08,Mute,Sopas,11,domicilio,30000,Sábado,sabado
2024-06-08,Sancocho de Gallina,Sopas,12,mesa,60000,Sábado,sabado
2024-06-08,Sancocho de Gallina,Sopas,9,domicilio,60000,Sábado,sabado
2024-06-08,Frijoles con Pezuña,Sopas,4,mesa,50000,Sábado,sabado
2024-06-08,Frijoles con Pezuña,Sopas,4,domicilio,50000,Sábado,sabado
2024-06-08,Pata,Sopas,3,mesa,27000,Sábado,sabado
2024-06-08,Pata,Sopas,2,domicilio,27000,Sábado,sabado
2024-06-08,Cola de Buey,Sopas,5,mesa,60000,Sábado,sabado
2024-06-08,Cola de Buey,Sopas,6,domicilio,60000,Sábado,sabado
2024-06-08,Cazuela de Mariscos,Sopas,2,mesa,53000,Sábado,sabado
2024-06-08,Cazuela de Mariscos,Sopas,2,domicilio,53000,Sábado,sabado
2024-06-08,Carne Asada (Chatas),Carnes,14,mesa,56000,Sábado,sabado
2024-06-08,Carne Asada (Chatas),Carnes,13,domicilio,56000,Sábado,sabado
2024-06-08,Carne Oreada,Carnes,7,mesa,56000,Sábado,sabado
2024-06-08,Carne Oreada,Carnes,3,domicilio,56000,Sábado,sabado
2024-06-08,Cabro con Pepitoria,Carnes,16,mesa,56000,Sábado,sabado
2024-06-08,Cabro con Pepitoria,Carnes,15,domicilio,56000,Sábado,sabado
2024-06-08,Costillas de Cerdo,Carnes,9,mesa,54000,Sábado,sabado
2024-06-08,Costillas de Cerdo,Carnes,12,domicilio,54000,Sábado,sabado
2024-06-08,Lomo de Cerdo,Carnes,6,mesa,54000,Sábado,sabado
2024-06-08,Lomo de Cerdo,Carnes,5,domicilio,54000,Sábado,sabado
2024-06-08,Sobrebarriga,Carnes,13,mesa,54000,Sábado,sabado
2024-06-08,Sobrebarriga,Carnes,13,domicilio,54000,Sábado,sabado
2024-06-08,Pechuga Asada,Carnes,4,mesa,52000,Sábado,sabado
2024-06-08,Pechuga Asada,Carnes,7,domicilio,52000,Sábado,sabado
2024-06-08,Mojarra 2en1,Pescados,7,mesa,50000,Sábado,sabado
2024-06-08,Mojarra 2en1,Pescados,7,domicilio,50000,Sábado,sabado
2024-06-08,Trucha 2en1,Pescados,2,mesa,50000,Sábado,sabado
2024-06-08,Trucha 2en1,Pescados,2,domicilio,50000,Sábado,sabado
2024-06-08,Tierra Aire Mar,Pescados,1,mesa,90000,Sábado,sabado
2024-06-08,Tierra Aire Mar,Pescados,1,domicilio,90000,Sábado,sabado
2024-06-08,Arroz con Pollo,Arroces,12,mesa,45000,Sábado,sabado
2024-06-08,Arroz con Pollo,Arroces,13,domicilio,45000,Sábado,sabado
2024-06-08,Almuerzo Ejecutivo,Corrientes,42,domicilio,25000,Sábado,sabado
2024-06-09,Lengua en salsa,Sopas,5,mesa,60000,Domingo,domingo
2024-06-09,Lengua en salsa,Sopas,3,domicilio,60000,Domingo,domingo
2024-06-09,Mute,Sopas,33,mesa,30000,Domingo,domingo
2024-06-09,Mute,Sopas,29,domicilio,30000,Domingo,domingo
2024-06-09,Sancocho de Gallina,Sopas,26,mesa,60000,Domingo,domingo
2024-06-09,Sancocho de Gallina,Sopas,16,domicilio,60000,Domingo,domingo
2024-06-09,Pata,Sopas,5,mesa,27000,Domingo,domingo
2024-06-09,Pata,Sopas,3,domicilio,27000,Domingo,domingo
2024-06-09,Cola de Buey,Sopas,10,mesa,60000,Domingo,domingo
2024-06-09,Cola de Buey,Sopas,15,domicilio,60000,Domingo,domingo
2024-06-09,Cazuela de Mariscos,Sopas,4,mesa,53000,Domingo,domingo
2024-06-09,Cazuela de Mariscos,Sopas,3,domicilio,53000,Domingo,domingo
2024-06-09,Carne Asada (Chatas),Carnes,32,mesa,56000,Domingo,domingo
2024-06-09,Carne Asada (Chatas),Carnes,23,domicilio,56000,Domingo,domingo
2024-06-09,Carne Oreada,Carnes,11,mesa,56000,Domingo,domingo
2024-06-09,Carne Oreada,Carnes,7,domicilio,56000,Domingo,domingo
2024-06-09,Cabro con Pepitoria,Carnes,25,mesa,56000,Domingo,domingo
2024-06-09,Cabro con Pepitoria,Carnes,31,domicilio,56000,Domingo,domingo
2024-06-09,Costillas de Cerdo,Carnes,17,mesa,54000,Domingo,domingo
2024-06-09,Costillas de Cerdo,Carnes,20,domicilio,54000,Domingo,domingo
2024-06-09,Lomo de Cerdo,Carnes,11,mesa,54000,Domingo,domingo
2024-06-09,Lomo de Cerdo,Carnes,10,domicilio,54000,Domingo,domingo
2024-06-09,Sobrebarriga,Carnes,35,mesa,54000,Domingo,domingo
2024-06-09,Sobrebarriga,Carnes,35,domicilio,54000,Domingo,domingo
2024-06-09,Pechuga Asada,Carnes,8,mesa,52000,Domingo,domingo
2024-06-09,Pechuga Asada,Carnes,10,domicilio,52000,Domingo,domingo
2024-06-09,Mojarra 2en1,Pescados,18,mesa,50000,Domingo,domingo
2024-06-09,Mojarra 2en1,Pescados,14,domicilio,50000,Domingo,domingo
2024-06-09,Trucha 2en1,Pescados,5,mesa,50000,Domingo,domingo
2024-06-09,Trucha 2en1,Pescados,4,domicilio,50000,Domingo,domingo
2024-06-09,Tierra Aire Mar,Pescados,2,mesa,90000,Domingo,domingo
2024-06-09,Tierra Aire Mar,Pescados,2,domicilio,90000,Domingo,domingo
2024-06-09,Arroz con Pollo,Arroces,24,mesa,45000,Domingo,domingo
2024-06-09,Arroz con Pollo,Arroces,21,domicilio,45000,Domingo,domingo
2024-06-11,Lengua en salsa,Sopas,1,mesa,60000,Martes,entre_semana
2024-06-11,Lengua en salsa,Sopas,1,domicilio,60000,Martes,entre_semana
2024-06-11,Sancocho de Gallina,Sopas,3,mesa,60000,Martes,entre_semana
2024-06-11,Sancocho de Gallina,Sopas,3,domicilio,60000,Martes,entre_semana
2024-06-11,Frijoles con Pezuña,Sopas,3,mesa,50000,Martes,entre_semana
2024-06-11,Frijoles con Pezuña,Sopas,2,domicilio,50000,Martes,entre_semana
2024-06-11,Pata,Sopas,1,mesa,27000,Martes,entre_semana
2024-06-11,Pata,Sopas,1,domicilio,27000,Martes,entre_semana
2024-06-11,Cola de Buey,Sopas,4,mesa,60000,Martes,entre_semana
2024-06-11,Cola de Buey,Sopas,4,domicilio,60000,Martes,entre_semana
2024-06-11,Cazuela de Mariscos,Sopas,1,mesa,53000,Martes,entre_semana
2024-06-11,Cazuela de Mariscos,Sopas,1,domicilio,53000,Martes,entre_semana
2024-06-11,Carne Asada (Chatas),Carnes,7,mesa,56000,Martes,entre_semana
2024-06-11,Carne Asada (Chatas),Carnes,9,domicilio,56000,Martes,entre_semana
2024-06-11,Carne Oreada,Carnes,3,mesa,56000,Martes,entre_semana
2024-06-11,Carne Oreada,Carnes,3,domicilio,56000,Martes,entre_semana
2024-06-11,Cabro con Pepitoria,Carnes,10,mesa,56000,Martes,entre_semana
2024-06-11,Cabro con Pepitoria,Carnes,11,domicilio,56000,Martes,entre_semana
2024-06-11,Costillas de Cerdo,Carnes,5,mesa,54000,Martes,entre_semana
2024-06-11,Costillas de Cerdo,Carnes,7,domicilio,54000,Martes,entre_semana
2024-06-11,Lomo de Cerdo,Carnes,3,mesa,54000,Martes,entre_semana
2024-06-11,Lomo de Cerdo,Carnes,4,domicilio,54000,Martes,entre_semana
2024-06-11,Sobrebarriga,Carnes,12,mesa,54000,Martes,entre_semana
2024-06-11,Sobrebarriga,Carnes,10,domicilio,54000,Martes,entre_semana
2024-06-11,Pechuga Asada,Carnes,2,mesa,52000,Martes,entre_semana
2024-06-11,Pechuga Asada,Carnes,5,domicilio,52000,Martes,entre_semana
2024-06-11,Mojarra 2en1,Pescados,4,mesa,50000,Martes,entre_semana
2024-06-11,Mojarra 2en1,Pescados,4,domicilio,50000,Martes,entre_semana
2024-06-11,Trucha 2en1,Pescados,1,mesa,50000,Martes,entre_semana
2024-06-11,Trucha 2en1,Pescados,1,domicilio,50000,Martes,entre_semana
2024-06-11,Tierra Aire Mar,Pescados,1,domicilio,90000,Martes,entre_semana
2024-06-11,Arroz con Pollo,Arroces,9,mesa,45000,Martes,entre_semana
2024-06-11,Arroz con Pollo,Arroces,7,domicilio,45000,Martes,entre_semana
2024-06-11,Almuerzo Ejecutivo,Corrientes,39,mesa,25000,Martes,entre_semana
2024-06-11,Almuerzo Ejecutivo,Corrientes,49,domicilio,25000,Martes,entre_semana
2024-06-12,Lengua en salsa,Sopas,1,mesa,60000,Miércoles,entre_semana
2024-06-12,Lengua en salsa,Sopas,1,domicilio,60000,Miércoles,entre_semana
2024-06-12,Sancocho de Gallina,Sopas,3,mesa,60000,Miércoles,entre_semana
2024-06-12,Sancocho de Gallina,Sopas,3,domicilio,60000,Miércoles,entre_semana
2024-06-12,Frijoles con Pezuña,Sopas,2,mesa,50000,Miércoles,entre_semana
2024-06-12,Frijoles con Pezuña,Sopas,2,domicilio,50000,Miércoles,entre_semana
2024-06-12,Pata,Sopas,1,mesa,27000,Miércoles,entre_semana
2024-06-12,Pata,Sopas,1,domicilio,27000,Miércoles,entre_semana
2024-06-12,Cola de Buey,Sopas,3,mesa,60000,Miércoles,entre_semana
2024-06-12,Cola de Buey,Sopas,3,domicilio,60000,Miércoles,entre_semana
2024-06-12,Cazuela de Mariscos,Sopas,1,mesa,53000,Miércoles,entre_semana
2024-06-12,Cazuela de Mariscos,Sopas,1,domicilio,53000,Miércoles,entre_semana
2024-06-12,Carne Asada (Chatas),Carnes,9,mesa,56000,Miércoles,entre_semana
2024-06-12,Carne Asada (Chatas),Carnes,7,domicilio,56000,Miércoles,entre_semana
2024-06-12,Carne Oreada,Carnes,3,mesa,56000,Miércoles,entre_semana
2024-06-12,Carne Oreada,Carnes,3,domicilio,56000,Miércoles,entre_semana
2024-06-12,Cabro con Pepitoria,Carnes,9,mesa,56000,Miércoles,entre_semana
2024-06-12,Cabro con Pepitoria,Carnes,8,domicilio,56000,Miércoles,entre_semana
2024-06-12,Costillas de Cerdo,Carnes,5,mesa,54000,Miércoles,entre_semana
2024-06-12,Costillas de Cerdo,Carnes,6,domicilio,54000,Miércoles,entre_semana
2024-06-12,Lomo de Cerdo,Carnes,4,mesa,54000,Miércoles,entre_semana
2024-06-12,Lomo de Cerdo,Carnes,3,domicilio,54000,Miércoles,entre_semana
2024-06-12,Sobrebarriga,Carnes,12,mesa,54000,Miércoles,entre_semana
2024-06-12,Sobrebarriga,Carnes,12,domicilio,54000,Miércoles,entre_semana
2024-06-12,Pechuga Asada,Carnes,2,mesa,52000,Miércoles,entre_semana
2024-06-12,Pechuga Asada,Carnes,4,domicilio,52000,Miércoles,entre_semana
2024-06-12,Mojarra 2en1,Pescados,3,mesa,50000,Miércoles,entre_semana
2024-06-12,Mojarra 2en1,Pescados,4,domicilio,50000,Miércoles,entre_semana
2024-06-12,Trucha 2en1,Pescados,1,mesa,50000,Miércoles,entre_semana
2024-06-12,Trucha 2en1,Pescados,1,domicilio,50000,Miércoles,entre_semana
2024-06-12,Tierra Aire Mar,Pescados,1,domicilio,90000,Miércoles,entre_semana
2024-06-12,Arroz con Pollo,Arroces,8,mesa,45000,Miércoles,entre_semana
2024-06-12,Arroz con Pollo,Arroces,8,domicilio,45000,Miércoles,entre_semana
2024-06-12,Almuerzo Ejecutivo,Corrientes,45,mesa,25000,Miércoles,entre_semana
2024-06-12,Almuerzo Ejecutivo,Corrientes,37,domicilio,25000,Miércoles,entre_semana
2024-06-13,Lengua en salsa,Sopas,1,mesa,60000,Jueves,entre_semana
2024-06-13,Lengua en salsa,Sopas,1,domicilio,60000,Jueves,entre_semana
2024-06-13,Sancocho de Gallina,Sopas,3,mesa,60000,Jueves,entre_semana
2024-06-13,Sancocho de Gallina,Sopas,3,domicilio,60000,Jueves,entre_semana
2024-06-13,Frijoles con Pezuña,Sopas,3,mesa,50000,Jueves,entre_semana
2024-06-13,Frijoles con Pezuña,Sopas,2,domicilio,50000,Jueves,entre_semana
2024-06-13,Pata,Sopas,1,mesa,27000,Jueves,entre_semana
2024-06-13,Pata,Sopas,1,domicilio,27000,Jueves,entre_semana
2024-06-13,Cola de Buey,Sopas,3,mesa,60000,Jueves,entre_semana
2024-06-13,Cola de Buey,Sopas,4,domicilio,60000,Jueves,entre_semana
2024-06-13,Cazuela de Mariscos,Sopas,1,mesa,53000,Jueves,entre_semana
2024-06-13,Cazuela de Mariscos,Sopas,1,domicilio,53000,Jueves,entre_semana
2024-06-13,Carne Asada (Chatas),Carnes,8,mesa,56000,Jueves,entre_semana
2024-06-13,Carne Asada (Chatas),Carnes,10,domicilio,56000,Jueves,entre_semana
2024-06-13,Carne Oreada,Carnes,3,mesa,56000,Jueves,entre_semana
2024-06-13,Carne Oreada,Carnes,4,domicilio,56000,Jueves,entre_semana
2024-06-13,Cabro con Pepitoria,Carnes,8,mesa,56000,Jueves,entre_semana
2024-06-13,Cabro con Pepitoria,Carnes,8,domicilio,56000,Jueves,entre_semana
2024-06-13,Costillas de Cerdo,Carnes,6,mesa,54000,Jueves,entre_semana
2024-06-13,Costillas de Cerdo,Carnes,5,domicilio,54000,Jueves,entre_semana
2024-06-13,Lomo de Cerdo,Carnes,4,mesa,54000,Jueves,entre_semana
2024-06-13,Lomo de Cerdo,Carnes,5,domicilio,54000,Jueves,entre_semana
2024-06-13,Sobrebarriga,Carnes,12,mesa,54000,Jueves,entre_semana
2024-06-13,Sobrebarriga,Carnes,9,domicilio,54000,Jueves,entre_semana
2024-06-13,Pechuga Asada,Carnes,2,mesa,52000,Jueves,entre_semana
2024-06-13,Pechuga Asada,Carnes,4,domicilio,52000,Jueves,entre_semana
2024-06-13,Mojarra 2en1,Pescados,4,mesa,50000,Jueves,entre_semana
2024-06-13,Mojarra 2en1,Pescados,4,domicilio,50000,Jueves,entre_semana
2024-06-13,Trucha 2en1,Pescados,1,mesa,50000,Jueves,entre_semana
2024-06-13,Trucha 2en1,Pescados,1,domicilio,50000,Jueves,entre_semana
2024-06-13,Tierra Aire Mar,Pescados,1,domicilio,90000,Jueves,entre_semana
2024-06-13,Arroz con Pollo,Arroces,8,mesa,45000,Jueves,entre_semana
2024-06-13,Arroz con Pollo,Arroces,8,domicilio,45000,Jueves,entre_semana
2024-06-13,Almuerzo Ejecutivo,Corrientes,46,mesa,25000,Jueves,entre_semana
2024-06-13,Almuerzo Ejecutivo,Corrientes,48,domicilio,25000,Jueves,entre_semana
2024-06-14,Lengua en salsa,Sopas,1,mesa,60000,Viernes,entre_semana
2024-06-14,Lengua en salsa,Sopas,1,domicilio,60000,Viernes,entre_semana
2024-06-14,Sancocho de Gallina,Sopas,3,mesa,60000,Viernes,entre_semana
2024-06-14,Sancocho de Gallina,Sopas,3,domicilio,60000,Viernes,entre_semana
2024-06-14,Frijoles con Pezuña,Sopas,3,mesa,50000,Viernes,entre_semana
2024-06-14,Frijoles con Pezuña,Sopas,2,domicilio,50000,Viernes,entre_semana
2024-06-14,Pata,Sopas,1,mesa,27000,Viernes,entre_semana
2024-06-14,Pata,Sopas,1,domicilio,27000,Viernes,entre_semana
2024-06-14,Cola de Buey,Sopas,3,mesa,60000,Viernes,entre_semana
2024-06-14,Cola de Buey,Sopas,4,domicilio,60000,Viernes,entre_semana
2024-06-14,Cazuela de Mariscos,Sopas,1,mesa,53000,Viernes,entre_semana
2024-06-14,Cazuela de Mariscos,Sopas,1,domicilio,53000,Viernes,entre_semana
2024-06-14,Carne Asada (Chatas),Carnes,8,mesa,56000,Viernes,entre_semana
2024-06-14,Carne Asada (Chatas),Carnes,10,domicilio,56000,Viernes,entre_semana
2024-06-14,Carne Oreada,Carnes,3,mesa,56000,Viernes,entre_semana
2024-06-14,Carne Oreada,Carnes,3,domicilio,56000,Viernes,entre_semana
2024-06-14,Cabro con Pepitoria,Carnes,7,mesa,56000,Viernes,entre_semana
2024-06-14,Cabro con Pepitoria,Carnes,11,domicilio,56000,Viernes,entre_semana
2024-06-14,Costillas de Cerdo,Carnes,5,mesa,54000,Viernes,entre_semana
2024-06-14,Costillas de Cerdo,Carnes,6,domicilio,54000,Viernes,entre_semana
2024-06-14,Lomo de Cerdo,Carnes,4,mesa,54000,Viernes,entre_semana
2024-06-14,Lomo de Cerdo,Carnes,5,domicilio,54000,Viernes,entre_semana
2024-06-14,Sobrebarriga,Carnes,11,mesa,54000,Viernes,entre_semana
2024-06-14,Sobrebarriga,Carnes,10,domicilio,54000,Viernes,entre_semana
2024-06-14,Pechuga Asada,Carnes,2,mesa,52000,Viernes,entre_semana
2024-06-14,Pechuga Asada,Carnes,4,domicilio,52000,Viernes,entre_semana
2024-06-14,Mojarra 2en1,Pescados,5,mesa,50000,Viernes,entre_semana
2024-06-14,Mojarra 2en1,Pescados,4,domicilio,50000,Viernes,entre_semana
2024-06-14,Trucha 2en1,Pescados,1,mesa,50000,Viernes,entre_semana
2024-06-14,Trucha 2en1,Pescados,1,domicilio,50000,Viernes,entre_semana
2024-06-14,Tierra Aire Mar,Pescados,1,domicilio,90000,Viernes,entre_semana
2024-06-14,Arroz con Pollo,Arroces,8,mesa,45000,Viernes,entre_semana
2024-06-14,Arroz con Pollo,Arroces,8,domicilio,45000,Viernes,entre_semana
2024-06-14,Almuerzo Ejecutivo,Corrientes,37,mesa,25000,Viernes,entre_semana
2024-06-14,Almuerzo Ejecutivo,Corrientes,54,domicilio,25000,Viernes,entre_semana
2024-06-15,Lengua en salsa,Sopas,2,mesa,60000,Sábado,sabado
2024-06-15,Lengua en salsa,Sopas,2,domicilio,60000,Sábado,sabado
2024-06-15,Mute,Sopas,20,mesa,30000,Sábado,sabado
2024-06-15,Mute,Sopas,17,domicilio,30000,Sábado,sabado
2024-06-15,Sancocho de Gallina,Sopas,12,mesa,60000,Sábado,sabado
2024-06-15,Sancocho de Gallina,Sopas,8,domicilio,60000,Sábado,sabado
2024-06-15,Frijoles con Pezuña,Sopas,4,mesa,50000,Sábado,sabado
2024-06-15,Frijoles con Pezuña,Sopas,4,domicilio,50000,Sábado,sabado
2024-06-15,Pata,Sopas,3,mesa,27000,Sábado,sabado
2024-06-15,Pata,Sopas,2,domicilio,27000,Sábado,sabado
2024-06-15,Cola de Buey,Sopas,5,mesa,60000,Sábado,sabado
2024-06-15,Cola de Buey,Sopas,8,domicilio,60000,Sábado,sabado
2024-06-15,Cazuela de Mariscos,Sopas,2,mesa,53000,Sábado,sabado
2024-06-15,Cazuela de Mariscos,Sopas,2,domicilio,53000,Sábado,sabado
2024-06-15,Carne Asada (Chatas),Carnes,14,mesa,56000,Sábado,sabado
2024-06-15,Carne Asada (Chatas),Carnes,14,domicilio,56000,Sábado,sabado
2024-06-15,Carne Oreada,Carnes,6,mesa,56000,Sábado,sabado
2024-06-15,Carne Oreada,Carnes,3,domicilio,56000,Sábado,sabado
2024-06-15,Cabro con Pepitoria,Carnes,12,mesa,56000,Sábado,sabado
2024-06-15,Cabro con Pepitoria,Carnes,14,domicilio,56000,Sábado,sabado
2024-06-15,Costillas de Cerdo,Carnes,9,mesa,54000,Sábado,sabado
2024-06-15,Costillas de Cerdo,Carnes,8,domicilio,54000,Sábado,sabado
2024-06-15,Lomo de Cerdo,Carnes,8,mesa,54000,Sábado,sabado
2024-06-15,Lomo de Cerdo,Carnes,5,domicilio,54000,Sábado,sabado
2024-06-15,Sobrebarriga,Carnes,14,mesa,54000,Sábado,sabado
2024-06-15,Sobrebarriga,Carnes,15,domicilio,54000,Sábado,sabado
2024-06-15,Pechuga Asada,Carnes,4,mesa,52000,Sábado,sabado
2024-06-15,Pechuga Asada,Carnes,6,domicilio,52000,Sábado,sabado
2024-06-15,Mojarra 2en1,Pescados,8,mesa,50000,Sábado,sabado
2024-06-15,Mojarra 2en1,Pescados,7,domicilio,50000,Sábado,sabado
2024-06-15,Trucha 2en1,Pescados,2,mesa,50000,Sábado,sabado
2024-06-15,Trucha 2en1,Pescados,2,domicilio,50000,Sábado,sabado
2024-06-15,Tierra Aire Mar,Pescados,1,mesa,90000,Sábado,sabado
2024-06-15,Tierra Aire Mar,Pescados,1,domicilio,90000,Sábado,sabado
2024-06-15,Arroz con Pollo,Arroces,11,mesa,45000,Sábado,sabado
2024-06-15,Arroz con Pollo,Arroces,14,domicilio,45000,Sábado,sabado
2024-06-15,Almuerzo Ejecutivo,Corrientes,43,domicilio,25000,Sábado,sabado
2024-06-16,Lengua en salsa,Sopas,3,mesa,60000,Domingo,domingo
2024-06-16,Lengua en salsa,Sopas,4,domicilio,60000,Domingo,domingo
2024-06-16,Mute,Sopas,36,mesa,30000,Domingo,domingo
2024-06-16,Mute,Sopas,26,domicilio,30000,Domingo,domingo
2024-06-16,Sancocho de Gallina,Sopas,22,mesa,60000,Domingo,domingo
2024-06-16,Sancocho de Gallina,Sopas,20,domicilio,60000,Domingo,domingo
2024-06-16,Pata,Sopas,7,mesa,27000,Domingo,domingo
2024-06-16,Pata,Sopas,4,domicilio,27000,Domingo,domingo
2024-06-16,Cola de Buey,Sopas,10,mesa,60000,Domingo,domingo
2024-06-16,Cola de Buey,Sopas,13,domicilio,60000,Domingo,domingo
2024-06-16,Cazuela de Mariscos,Sopas,4,mesa,53000,Domingo,domingo
2024-06-16,Cazuela de Mariscos,Sopas,3,domicilio,53000,Domingo,domingo
2024-06-16,Carne Asada (Chatas),Carnes,23,mesa,56000,Domingo,domingo
2024-06-16,Carne Asada (Chatas),Carnes,28,domicilio,56000,Domingo,domingo
2024-06-16,Carne Oreada,Carnes,10,mesa,56000,Domingo,domingo
2024-06-16,Carne Oreada,Carnes,9,domicilio,56000,Domingo,domingo
2024-06-16,Cabro con Pepitoria,Carnes,27,mesa,56000,Domingo,domingo
2024-06-16,Cabro con Pepitoria,Carnes,29,domicilio,56000,Domingo,domingo
2024-06-16,Costillas de Cerdo,Carnes,13,mesa,54000,Domingo,domingo
2024-06-16,Costillas de Cerdo,Carnes,22,domicilio,54000,Domingo,domingo
2024-06-16,Lomo de Cerdo,Carnes,15,mesa,54000,Domingo,domingo
2024-06-16,Lomo de Cerdo,Carnes,10,domicilio,54000,Domingo,domingo
2024-06-16,Sobrebarriga,Carnes,25,mesa,54000,Domingo,domingo
2024-06-16,Sobrebarriga,Carnes,34,domicilio,54000,Domingo,domingo
2024-06-16,Pechuga Asada,Carnes,7,mesa,52000,Domingo,domingo
2024-06-16,Pechuga Asada,Carnes,11,domicilio,52000,Domingo,domingo
2024-06-16,Mojarra 2en1,Pescados,15,mesa,50000,Domingo,domingo
2024-06-16,Mojarra 2en1,Pescados,14,domicilio,50000,Domingo,domingo
2024-06-16,Trucha 2en1,Pescados,5,mesa,50000,Domingo,domingo
2024-06-16,Trucha 2en1,Pescados,4,domicilio,50000,Domingo,domingo
2024-06-16,Tierra Aire Mar,Pescados,2,mesa,90000,Domingo,domingo
2024-06-16,Tierra Aire Mar,Pescados,2,domicilio,90000,Domingo,domingo
2024-06-16,Arroz con Pollo,Arroces,26,mesa,45000,Domingo,domingo
2024-06-16,Arroz con Pollo,Arroces,26,domicilio,45000,Domingo,domingo
2024-06-18,Lengua en salsa,Sopas,1,mesa,60000,Martes,entre_semana
2024-06-18,Lengua en salsa,Sopas,1,domicilio,60000,Martes,entre_semana
2024-06-18,Sancocho de Gallina,Sopas,3,mesa,60000,Martes,entre_semana
2024-06-18,Sancocho de Gallina,Sopas,3,domicilio,60000,Martes,entre_semana
2024-06-18,Frijoles con Pezuña,Sopas,3,mesa,50000,Martes,entre_semana
2024-06-18,Frijoles con Pezuña,Sopas,2,domicilio,50000,Martes,entre_semana
2024-06-18,Pata,Sopas,1,mesa,27000,Martes,entre_semana
2024-06-18,Pata,Sopas,1,domicilio,27000,Martes,entre_semana
2024-06-18,Cola de Buey,Sopas,3,mesa,60000,Martes,entre_semana
2024-06-18,Cola de Buey,Sopas,3,domicilio,60000,Martes,entre_semana
2024-06-18,Cazuela de Mariscos,Sopas,1,mesa,53000,Martes,entre_semana
2024-06-18,Cazuela de Mariscos,Sopas,1,domicilio,53000,Martes,entre_semana
2024-06-18,Carne Asada (Chatas),Carnes,10,mesa,56000,Martes,entre_semana
2024-06-18,Carne Asada (Chatas),Carnes,9,domicilio,56000,Martes,entre_semana
2024-06-18,Carne Oreada,Carnes,3,mesa,56000,Martes,entre_semana
2024-06-18,Carne Oreada,Carnes,3,domicilio,56000,Martes,entre_semana
2024-06-18,Cabro con Pepitoria,Carnes,9,mesa,56000,Martes,entre_semana
2024-06-18,Cabro con Pepitoria,Carnes,8,domicilio,56000,Martes,entre_semana
2024-06-18,Costillas de Cerdo,Carnes,5,mesa,54000,Martes,entre_semana
2024-06-18,Costillas de Cerdo,Carnes,6,domicilio,54000,Martes,entre_semana
2024-06-18,Lomo de Cerdo,Carnes,4,mesa,54000,Martes,entre_semana
2024-06-18,Lomo de Cerdo,Carnes,5,domicilio,54000,Martes,entre_semana
2024-06-18,Sobrebarriga,Carnes,10,mesa,54000,Martes,entre_semana
2024-06-18,Sobrebarriga,Carnes,10,domicilio,54000,Martes,entre_semana
2024-06-18,Pechuga Asada,Carnes,2,mesa,52000,Martes,entre_semana
2024-06-18,Pechuga Asada,Carnes,4,domicilio,52000,Martes,entre_semana
2024-06-18,Mojarra 2en1,Pescados,4,mesa,50000,Martes,entre_semana
2024-06-18,Mojarra 2en1,Pescados,3,domicilio,50000,Martes,entre_semana
2024-06-18,Trucha 2en1,Pescados,1,mesa,50000,Martes,entre_semana
2024-06-18,Trucha 2en1,Pescados,1,domicilio,50000,Martes,entre_semana
2024-06-18,Tierra Aire Mar,Pescados,1,domicilio,90000,Martes,entre_semana
2024-06-18,Arroz con Pollo,Arroces,9,mesa,45000,Martes,entre_semana
2024-06-18,Arroz con Pollo,Arroces,8,domicilio,45000,Martes,entre_semana
2024-06-18,Almuerzo Ejecutivo,Corrientes,45,mesa,25000,Martes,entre_semana
2024-06-18,Almuerzo Ejecutivo,Corrientes,48,domicilio,25000,Martes,entre_semana
2024-06-19,Lengua en salsa,Sopas,1,mesa,60000,Miércoles,entre_semana
2024-06-19,Lengua en salsa,Sopas,1,domicilio,60000,Miércoles,entre_semana
2024-06-19,Sancocho de Gallina,Sopas,3,mesa,60000,Miércoles,entre_semana
2024-06-19,Sancocho de Gallina,Sopas,2,domicilio,60000,Miércoles,entre_semana
2024-06-19,Frijoles con Pezuña,Sopas,2,mesa,50000,Miércoles,entre_semana
2024-06-19,Frijoles con Pezuña,Sopas,2,domicilio,50000,Miércoles,entre_semana
2024-06-19,Pata,Sopas,1,mesa,27000,Miércoles,entre_semana
2024-06-19,Pata,Sopas,1,domicilio,27000,Miércoles,entre_semana
2024-06-19,Cola de Buey,Sopas,3,mesa,60000,Miércoles,entre_semana
2024-06-19,Cola de Buey,Sopas,3,domicilio,60000,Miércoles,entre_semana
2024-06-19,Cazuela de Mariscos,Sopas,1,mesa,53000,Miércoles,entre_semana
2024-06-19,Cazuela de Mariscos,Sopas,1,domicilio,53000,Miércoles,entre_semana
2024-06-19,Carne Asada (Chatas),Carnes,10,mesa,56000,Miércoles,entre_semana
2024-06-19,Carne Asada (Chatas),Carnes,9,domicilio,56000,Miércoles,entre_semana
2024-06-19,Carne Oreada,Carnes,3,mesa,56000,Miércoles,entre_semana
2024-06-19,Carne Oreada,Carnes,3,domicilio,56000,Miércoles,entre_semana
2024-06-19,Cabro con Pepitoria,Carnes,10,mesa,56000,Miércoles,entre_semana
2024-06-19,Cabro con Pepitoria,Carnes,10,domicilio,56000,Miércoles,entre_semana
2024-06-19,Costillas de Cerdo,Carnes,5,mesa,54000,Miércoles,entre_semana
2024-06-19,Costillas de Cerdo,Carnes,7,domicilio,54000,Miércoles,entre_semana
2024-06-19,Lomo de Cerdo,Carnes,3,mesa,54000,Miércoles,entre_semana
2024-06-19,Lomo de Cerdo,Carnes,4,domicilio,54000,Miércoles,entre_semana
2024-06-19,Sobrebarriga,Carnes,10,mesa,54000,Miércoles,entre_semana
2024-06-19,Sobrebarriga,Carnes,12,domicilio,54000,Miércoles,entre_semana
2024-06-19,Pechuga Asada,Carnes,2,mesa,52000,Miércoles,entre_semana
2024-06-19,Pechuga Asada,Carnes,5,domicilio,52000,Miércoles,entre_semana
2024-06-19,Mojarra 2en1,Pescados,4,mesa,50000,Miércoles,entre_semana
2024-06-19,Mojarra 2en1,Pescados,4,domicilio,50000,Miércoles,entre_semana
2024-06-19,Trucha 2en1,Pescados,1,mesa,50000,Miércoles,entre_semana
2024-06-19,Trucha 2en1,Pescados,1,domicilio,50000,Miércoles,entre_semana
2024-06-19,Tierra Aire Mar,Pescados,1,domicilio,90000,Miércoles,entre_semana
2024-06-19,Arroz con Pollo,Arroces,8,mesa,45000,Miércoles,entre_semana
2024-06-19,Arroz con Pollo,Arroces,10,domicilio,45000,Miércoles,entre_semana
2024-06-19,Almuerzo Ejecutivo,Corrientes,50,mesa,25000,Miércoles,entre_semana
2024-06-19,Almuerzo Ejecutivo,Corrientes,40,domicilio,25000,Miércoles,entre_semana
2024-06-20,Lengua en salsa,Sopas,1,mesa,60000,Jueves,entre_semana
2024-06-20,Lengua en salsa,Sopas,1,domicilio,60000,Jueves,entre_semana
2024-06-20,Sancocho de Gallina,Sopas,3,mesa,60000,Jueves,entre_semana
2024-06-20,Sancocho de Gallina,Sopas,3,domicilio,60000,Jueves,entre_semana
2024-06-20,Frijoles con Pezuña,Sopas,3,mesa,50000,Jueves,entre_semana
2024-06-20,Frijoles con Pezuña,Sopas,2,domicilio,50000,Jueves,entre_semana
2024-06-20,Pata,Sopas,1,mesa,27000,Jueves,entre_semana
2024-06-20,Pata,Sopas,1,domicilio,27000,Jueves,entre_semana
2024-06-20,Cola de Buey,Sopas,3,mesa,60000,Jueves,entre_semana
2024-06-20,Cola de Buey,Sopas,3,domicilio,60000,Jueves,entre_semana
2024-06-20,Cazuela de Mariscos,Sopas,1,mesa,53000,Jueves,entre_semana
2024-06-20,Cazuela de Mariscos,Sopas,1,domicilio,53000,Jueves,entre_semana
2024-06-20,Carne Asada (Chatas),Carnes,9,mesa,56000,Jueves,entre_semana
2024-06-20,Carne Asada (Chatas),Carnes,8,domicilio,56000,Jueves,entre_semana
2024-06-20,Carne Oreada,Carnes,3,mesa,56000,Jueves,entre_semana
2024-06-20,Carne Oreada,Carnes,3,domicilio,56000,Jueves,entre_semana
2024-06-20,Cabro con Pepitoria,Carnes,8,mesa,56000,Jueves,entre_semana
2024-06-20,Cabro con Pepitoria,Carnes,10,domicilio,56000,Jueves,entre_semana
2024-06-20,Costillas de Cerdo,Carnes,6,mesa,54000,Jueves,entre_semana
2024-06-20,Costillas de Cerdo,Carnes,6,domicilio,54000,Jueves,entre_semana
2024-06-20,Lomo de Cerdo,Carnes,3,mesa,54000,Jueves,entre_semana
2024-06-20,Lomo de Cerdo,Carnes,5,domicilio,54000,Jueves,entre_semana
2024-06-20,Sobrebarriga,Carnes,11,mesa,54000,Jueves,entre_semana
2024-06-20,Sobrebarriga,Carnes,12,domicilio,54000,Jueves,entre_semana
2024-06-20,Pechuga Asada,Carnes,2,mesa,52000,Jueves,entre_semana
2024-06-20,Pechuga Asada,Carnes,5,domicilio,52000,Jueves,entre_semana
2024-06-20,Mojarra 2en1,Pescados,3,mesa,50000,Jueves,entre_semana
2024-06-20,Mojarra 2en1,Pescados,5,domicilio,50000,Jueves,entre_semana
2024-06-20,Trucha 2en1,Pescados,1,mesa,50000,Jueves,entre_semana
2024-06-20,Trucha 2en1,Pescados,1,domicilio,50000,Jueves,entre_semana
2024-06-20,Tierra Aire Mar,Pescados,1,domicilio,90000,Jueves,entre_semana
2024-06-20,Arroz con Pollo,Arroces,9,mesa,45000,Jueves,entre_semana
2024-06-20,Arroz con Pollo,Arroces,8,domicilio,45000,Jueves,entre_semana
2024-06-20,Almuerzo Ejecutivo,Corrientes,46,mesa,25000,Jueves,entre_semana
2024-06-20,Almuerzo Ejecutivo,Corrientes,41,domicilio,25000,Jueves,entre_semana
2024-06-21,Lengua en salsa,Sopas,1,mesa,60000,Viernes,entre_semana
2024-06-21,Lengua en salsa,Sopas,1,domicilio,60000,Viernes,entre_semana
2024-06-21,Sancocho de Gallina,Sopas,3,mesa,60000,Viernes,entre_semana
2024-06-21,Sancocho de Gallina,Sopas,3,domicilio,60000,Viernes,entre_semana
2024-06-21,Frijoles con Pezuña,Sopas,3,mesa,50000,Viernes,entre_semana
2024-06-21,Frijoles con Pezuña,Sopas,2,domicilio,50000,Viernes,entre_semana
2024-06-21,Pata,Sopas,1,mesa,27000,Viernes,entre_semana
2024-06-21,Pata,Sopas,1,domicilio,27000,Viernes,entre_semana
2024-06-21,Cola de Buey,Sopas,3,mesa,60000,Viernes,entre_semana
2024-06-21,Cola de Buey,Sopas,5,domicilio,60000,Viernes,entre_semana
2024-06-21,Cazuela de Mariscos,Sopas,1,mesa,53000,Viernes,entre_semana
2024-06-21,Cazuela de Mariscos,Sopas,1,domicilio,53000,Viernes,entre_semana
2024-06-21,Carne Asada (Chatas),Carnes,10,mesa,56000,Viernes,entre_semana
2024-06-21,Carne Asada (Chatas),Carnes,10,domicilio,56000,Viernes,entre_semana
2024-06-21,Carne Oreada,Carnes,3,mesa,56000,Viernes,entre_semana
2024-06-21,Carne Oreada,Carnes,3,domicilio,56000,Viernes,entre_semana
2024-06-21,Cabro con Pepitoria,Carnes,10,mesa,56000,Viernes,entre_semana
2024-06-21,Cabro con Pepitoria,Carnes,8,domicilio,56000,Viernes,entre_semana
2024-06-21,Costillas de Cerdo,Carnes,4,mesa,54000,Viernes,entre_semana
2024-06-21,Costillas de Cerdo,Carnes,6,domicilio,54000,Viernes,entre_semana
2024-06-21,Lomo de Cerdo,Carnes,4,mesa,54000,Viernes,entre_semana
2024-06-21,Lomo de Cerdo,Carnes,4,domicilio,54000,Viernes,entre_semana
2024-06-21,Sobrebarriga,Carnes,9,mesa,54000,Viernes,entre_semana
2024-06-21,Sobrebarriga,Carnes,9,domicilio,54000,Viernes,entre_semana
2024-06-21,Pechuga Asada,Carnes,2,mesa,52000,Viernes,entre_semana
2024-06-21,Pechuga Asada,Carnes,4,domicilio,52000,Viernes,entre_semana
2024-06-21,Mojarra 2en1,Pescados,4,mesa,50000,Viernes,entre_semana
2024-06-21,Mojarra 2en1,Pescados,4,domicilio,50000,Viernes,entre_semana
2024-06-21,Trucha 2en1,Pescados,1,mesa,50000,Viernes,entre_semana
2024-06-21,Trucha 2en1,Pescados,1,domicilio,50000,Viernes,entre_semana
2024-06-21,Tierra Aire Mar,Pescados,1,domicilio,90000,Viernes,entre_semana
2024-06-21,Arroz con Pollo,Arroces,7,mesa,45000,Viernes,entre_semana
2024-06-21,Arroz con Pollo,Arroces,9,domicilio,45000,Viernes,entre_semana
2024-06-21,Almuerzo Ejecutivo,Corrientes,44,mesa,25000,Viernes,entre_semana
2024-06-21,Almuerzo Ejecutivo,Corrientes,38,domicilio,25000,Viernes,entre_semana
2024-06-22,Lengua en salsa,Sopas,2,mesa,60000,Sábado,sabado
2024-06-22,Lengua en salsa,Sopas,2,domicilio,60000,Sábado,sabado
2024-06-22,Mute,Sopas,14,mesa,30000,Sábado,sabado
2024-06-22,Mute,Sopas,17,domicilio,30000,Sábado,sabado
2024-06-22,Sancocho de Gallina,Sopas,11,mesa,60000,Sábado,sabado
2024-06-22,Sancocho de Gallina,Sopas,11,domicilio,60000,Sábado,sabado
2024-06-22,Frijoles con Pezuña,Sopas,3,mesa,50000,Sábado,sabado
2024-06-22,Frijoles con Pezuña,Sopas,4,domicilio,50000,Sábado,sabado
2024-06-22,Pata,Sopas,3,mesa,27000,Sábado,sabado
2024-06-22,Pata,Sopas,2,domicilio,27000,Sábado,sabado
2024-06-22,Cola de Buey,Sopas,5,mesa,60000,Sábado,sabado
2024-06-22,Cola de Buey,Sopas,8,domicilio,60000,Sábado,sabado
2024-06-22,Cazuela de Mariscos,Sopas,2,mesa,53000,Sábado,sabado
2024-06-22,Cazuela de Mariscos,Sopas,2,domicilio,53000,Sábado,sabado
2024-06-22,Carne Asada (Chatas),Carnes,16,mesa,56000,Sábado,sabado
2024-06-22,Carne Asada (Chatas),Carnes,12,domicilio,56000,Sábado,sabado
2024-06-22,Carne Oreada,Carnes,6,mesa,56000,Sábado,sabado
2024-06-22,Carne Oreada,Carnes,4,domicilio,56000,Sábado,sabado
2024-06-22,Cabro con Pepitoria,Carnes,15,mesa,56000,Sábado,sabado
2024-06-22,Cabro con Pepitoria,Carnes,13,domicilio,56000,Sábado,sabado
2024-06-22,Costillas de Cerdo,Carnes,8,mesa,54000,Sábado,sabado
2024-06-22,Costillas de Cerdo,Carnes,11,domicilio,54000,Sábado,sabado
2024-06-22,Lomo de Cerdo,Carnes,6,mesa,54000,Sábado,sabado
2024-06-22,Lomo de Cerdo,Carnes,6,domicilio,54000,Sábado,sabado
2024-06-22,Sobrebarriga,Carnes,13,mesa,54000,Sábado,sabado
2024-06-22,Sobrebarriga,Carnes,13,domicilio,54000,Sábado,sabado
2024-06-22,Pechuga Asada,Carnes,4,mesa,52000,Sábado,sabado
2024-06-22,Pechuga Asada,Carnes,5,domicilio,52000,Sábado,sabado
2024-06-22,Mojarra 2en1,Pescados,9,mesa,50000,Sábado,sabado
2024-06-22,Mojarra 2en1,Pescados,8,domicilio,50000,Sábado,sabado
2024-06-22,Trucha 2en1,Pescados,2,mesa,50000,Sábado,sabado
2024-06-22,Trucha 2en1,Pescados,2,domicilio,50000,Sábado,sabado
2024-06-22,Tierra Aire Mar,Pescados,1,mesa,90000,Sábado,sabado
2024-06-22,Tierra Aire Mar,Pescados,1,domicilio,90000,Sábado,sabado
2024-06-22,Arroz con Pollo,Arroces,12,mesa,45000,Sábado,sabado
2024-06-22,Arroz con Pollo,Arroces,13,domicilio,45000,Sábado,sabado
2024-06-22,Almuerzo Ejecutivo,Corrientes,37,domicilio,25000,Sábado,sabado
2024-06-23,Lengua en salsa,Sopas,5,mesa,60000,Domingo,domingo
2024-06-23,Lengua en salsa,Sopas,3,domicilio,60000,Domingo,domingo
2024-06-23,Mute,Sopas,44,mesa,30000,Domingo,domingo
2024-06-23,Mute,Sopas,33,domicilio,30000,Domingo,domingo
2024-06-23,Sancocho de Gallina,Sopas,21,mesa,60000,Domingo,domingo
2024-06-23,Sancocho de Gallina,Sopas,24,domicilio,60000,Domingo,domingo
2024-06-23,Pata,Sopas,5,mesa,27000,Domingo,domingo
2024-06-23,Pata,Sopas,4,domicilio,27000,Domingo,domingo
2024-06-23,Cola de Buey,Sopas,8,mesa,60000,Domingo,domingo
2024-06-23,Cola de Buey,Sopas,16,domicilio,60000,Domingo,domingo
2024-06-23,Cazuela de Mariscos,Sopas,4,mesa,53000,Domingo,domingo
2024-06-23,Cazuela de Mariscos,Sopas,3,domicilio,53000,Domingo,domingo
2024-06-23,Carne Asada (Chatas),Carnes,29,mesa,56000,Domingo,domingo
2024-06-23,Carne Asada (Chatas),Carnes,23,domicilio,56000,Domingo,domingo
2024-06-23,Carne Oreada,Carnes,11,mesa,56000,Domingo,domingo
2024-06-23,Carne Oreada,Carnes,10,domicilio,56000,Domingo,domingo
2024-06-23,Cabro con Pepitoria,Carnes,32,mesa,56000,Domingo,domingo
2024-06-23,Cabro con Pepitoria,Carnes,23,domicilio,56000,Domingo,domingo
2024-06-23,Costillas de Cerdo,Carnes,13,mesa,54000,Domingo,domingo
2024-06-23,Costillas de Cerdo,Carnes,22,domicilio,54000,Domingo,domingo
2024-06-23,Lomo de Cerdo,Carnes,13,mesa,54000,Domingo,domingo
2024-06-23,Lomo de Cerdo,Carnes,11,domicilio,54000,Domingo,domingo
2024-06-23,Sobrebarriga,Carnes,36,mesa,54000,Domingo,domingo
2024-06-23,Sobrebarriga,Carnes,28,domicilio,54000,Domingo,domingo
2024-06-23,Pechuga Asada,Carnes,7,mesa,52000,Domingo,domingo
2024-06-23,Pechuga Asada,Carnes,11,domicilio,52000,Domingo,domingo
2024-06-23,Mojarra 2en1,Pescados,13,mesa,50000,Domingo,domingo
2024-06-23,Mojarra 2en1,Pescados,15,domicilio,50000,Domingo,domingo
2024-06-23,Trucha 2en1,Pescados,4,mesa,50000,Domingo,domingo
2024-06-23,Trucha 2en1,Pescados,4,domicilio,50000,Domingo,domingo
2024-06-23,Tierra Aire Mar,Pescados,2,mesa,90000,Domingo,domingo
2024-06-23,Tierra Aire Mar,Pescados,2,domicilio,90000,Domingo,domingo
2024-06-23,Arroz con Pollo,Arroces,28,mesa,45000,Domingo,domingo
2024-06-23,Arroz con Pollo,Arroces,27,domicilio,45000,Domingo,domingo
2024-06-25,Lengua en salsa,Sopas,1,mesa,60000,Martes,entre_semana
2024-06-25,Lengua en salsa,Sopas,1,domicilio,60000,Martes,entre_semana
2024-06-25,Sancocho de Gallina,Sopas,3,mesa,60000,Martes,entre_semana
2024-06-25,Sancocho de Gallina,Sopas,3,domicilio,60000,Martes,entre_semana
2024-06-25,Frijoles con Pezuña,Sopas,3,mesa,50000,Martes,entre_semana
2024-06-25,Frijoles con Pezuña,Sopas,2,domicilio,50000,Martes,entre_semana
2024-06-25,Pata,Sopas,1,mesa,27000,Martes,entre_semana
2024-06-25,Pata,Sopas,1,domicilio,27000,Martes,entre_semana
2024-06-25,Cola de Buey,Sopas,3,mesa,60000,Martes,entre_semana
2024-06-25,Cola de Buey,Sopas,3,domicilio,60000,Martes,entre_semana
2024-06-25,Cazuela de Mariscos,Sopas,1,mesa,53000,Martes,entre_semana
2024-06-25,Cazuela de Mariscos,Sopas,1,domicilio,53000,Martes,entre_semana
2024-06-25,Carne Asada (Chatas),Carnes,9,mesa,56000,Martes,entre_semana
2024-06-25,Carne Asada (Chatas),Carnes,11,domicilio,56000,Martes,entre_semana
2024-06-25,Carne Oreada,Carnes,4,mesa,56000,Martes,entre_semana
2024-06-25,Carne Oreada,Carnes,4,domicilio,56000,Martes,entre_semana
2024-06-25,Cabro con Pepitoria,Carnes,8,mesa,56000,Martes,entre_semana
2024-06-25,Cabro con Pepitoria,Carnes,10,domicilio,56000,Martes,entre_semana
2024-06-25,Costillas de Cerdo,Carnes,5,mesa,54000,Martes,entre_semana
2024-06-25,Costillas de Cerdo,Carnes,6,domicilio,54000,Martes,entre_semana
2024-06-25,Lomo de Cerdo,Carnes,4,mesa,54000,Martes,entre_semana
2024-06-25,Lomo de Cerdo,Carnes,4,domicilio,54000,Martes,entre_semana
2024-06-25,Sobrebarriga,Carnes,12,mesa,54000,Martes,entre_semana
2024-06-25,Sobrebarriga,Carnes,11,domicilio,54000,Martes,entre_semana
2024-06-25,Pechuga Asada,Carnes,2,mesa,52000,Martes,entre_semana
2024-06-25,Pechuga Asada,Carnes,3,domicilio,52000,Martes,entre_semana
2024-06-25,Mojarra 2en1,Pescados,4,mesa,50000,Martes,entre_semana
2024-06-25,Mojarra 2en1,Pescados,3,domicilio,50000,Martes,entre_semana
2024-06-25,Trucha 2en1,Pescados,1,mesa,50000,Martes,entre_semana
2024-06-25,Trucha 2en1,Pescados,1,domicilio,50000,Martes,entre_semana
2024-06-25,Tierra Aire Mar,Pescados,1,domicilio,90000,Martes,entre_semana
2024-06-25,Arroz con Pollo,Arroces,8,mesa,45000,Martes,entre_semana
2024-06-25,Arroz con Pollo,Arroces,8,domicilio,45000,Martes,entre_semana
2024-06-25,Almuerzo Ejecutivo,Corrientes,49,mesa,25000,Martes,entre_semana
2024-06-25,Almuerzo Ejecutivo,Corrientes,37,domicilio,25000,Martes,entre_semana
2024-06-26,Lengua en salsa,Sopas,1,mesa,60000,Miércoles,entre_semana
2024-06-26,Lengua en salsa,Sopas,1,domicilio,60000,Miércoles,entre_semana
2024-06-26,Sancocho de Gallina,Sopas,3,mesa,60000,Miércoles,entre_semana
2024-06-26,Sancocho de Gallina,Sopas,3,domicilio,60000,Miércoles,entre_semana
2024-06-26,Frijoles con Pezuña,Sopas,3,mesa,50000,Miércoles,entre_semana
2024-06-26,Frijoles con Pezuña,Sopas,2,domicilio,50000,Miércoles,entre_semana
2024-06-26,Pata,Sopas,1,mesa,27000,Miércoles,entre_semana
2024-06-26,Pata,Sopas,1,domicilio,27000,Miércoles,entre_semana
2024-06-26,Cola de Buey,Sopas,3,mesa,60000,Miércoles,entre_semana
2024-06-26,Cola de Buey,Sopas,4,domicilio,60000,Miércoles,entre_semana
2024-06-26,Cazuela de Mariscos,Sopas,1,mesa,53000,Miércoles,entre_semana
2024-06-26,Cazuela de Mariscos,Sopas,1,domicilio,53000,Miércoles,entre_semana
2024-06-26,Carne Asada (Chatas),Carnes,7,mesa,56000,Miércoles,entre_semana
2024-06-26,Carne Asada (Chatas),Carnes,10,domicilio,56000,Miércoles,entre_semana
2024-06-26,Carne Oreada,Carnes,3,mesa,56000,Miércoles,entre_semana
2024-06-26,Carne Oreada,Carnes,3,domicilio,56000,Miércoles,entre_semana
2024-06-26,Cabro con Pepitoria,Carnes,7,mesa,56000,Miércoles,entre_semana
2024-06-26,Cabro con Pepitoria,Carnes,8,domicilio,56000,Miércoles,entre_semana
2024-06-26,Costillas de Cerdo,Carnes,5,mesa,54000,Miércoles,entre_semana
2024-06-26,Costillas de Cerdo,Carnes,6,domicilio,54000,Miércoles,entre_semana
2024-06-26,Lomo de Cerdo,Carnes,4,mesa,54000,Miércoles,entre_semana
2024-06-26,Lomo de Cerdo,Carnes,4,domicilio,54000,Miércoles,entre_semana
2024-06-26,Sobrebarriga,Carnes,11,mesa,54000,Miércoles,entre_semana
2024-06-26,Sobrebarriga,Carnes,11,domicilio,54000,Miércoles,entre_semana
2024-06-26,Pechuga Asada,Carnes,2,mesa,52000,Miércoles,entre_semana
2024-06-26,Pechuga Asada,Carnes,4,domicilio,52000,Miércoles,entre_semana
2024-06-26,Mojarra 2en1,Pescados,4,mesa,50000,Miércoles,entre_semana
2024-06-26,Mojarra 2en1,Pescados,3,domicilio,50000,Miércoles,entre_semana
2024-06-26,Trucha 2en1,Pescados,1,mesa,50000,Miércoles,entre_semana
2024-06-26,Trucha 2en1,Pescados,1,domicilio,50000,Miércoles,entre_semana
2024-06-26,Tierra Aire Mar,Pescados,1,domicilio,90000,Miércoles,entre_semana
2024-06-26,Arroz con Pollo,Arroces,7,mesa,45000,Miércoles,entre_semana
2024-06-26,Arroz con Pollo,Arroces,7,domicilio,45000,Miércoles,entre_semana
2024-06-26,Almuerzo Ejecutivo,Corrientes,50,mesa,25000,Miércoles,entre_semana
2024-06-26,Almuerzo Ejecutivo,Corrientes,41,domicilio,25000,Miércoles,entre_semana
2024-06-27,Lengua en salsa,Sopas,1,mesa,60000,Jueves,entre_semana
2024-06-27,Lengua en salsa,Sopas,1,domicilio,60000,Jueves,entre_semana
2024-06-27,Sancocho de Gallina,Sopas,2,mesa,60000,Jueves,entre_semana
2024-06-27,Sancocho de Gallina,Sopas,3,domicilio,60000,Jueves,entre_semana
2024-06-27,Frijoles con Pezuña,Sopas,3,mesa,50000,Jueves,entre_semana
2024-06-27,Frijoles con Pezuña,Sopas,2,domicilio,50000,Jueves,entre_semana
2024-06-27,Pata,Sopas,1,mesa,27000,Jueves,entre_semana
2024-06-27,Pata,Sopas,1,domicilio,27000,Jueves,entre_semana
2024-06-27,Cola de Buey,Sopas,2,mesa,60000,Jueves,entre_semana
2024-06-27,Cola de Buey,Sopas,4,domicilio,60000,Jueves,entre_semana
2024-06-27,Cazuela de Mariscos,Sopas,1,mesa,53000,Jueves,entre_semana
2024-06-27,Cazuela de Mariscos,Sopas,1,domicilio,53000,Jueves,entre_semana
2024-06-27,Carne Asada (Chatas),Carnes,9,mesa,56000,Jueves,entre_semana
2024-06-27,Carne Asada (Chatas),Carnes,9,domicilio,56000,Jueves,entre_semana
2024-06-27,Carne Oreada,Carnes,3,mesa,56000,Jueves,entre_semana
2024-06-27,Carne Oreada,Carnes,3,domicilio,56000,Jueves,entre_semana
2024-06-27,Cabro con Pepitoria,Carnes,9,mesa,56000,Jueves,entre_semana
2024-06-27,Cabro con Pepitoria,Carnes,10,domicilio,56000,Jueves,entre_semana
2024-06-27,Costillas de Cerdo,Carnes,4,mesa,54000,Jueves,entre_semana
2024-06-27,Costillas de Cerdo,Carnes,6,domicilio,54000,Jueves,entre_semana
2024-06-27,Lomo de Cerdo,Carnes,3,mesa,54000,Jueves,entre_semana
2024-06-27,Lomo de Cerdo,Carnes,5,domicilio,54000,Jueves,entre_semana
2024-06-27,Sobrebarriga,Carnes,9,mesa,54000,Jueves,entre_semana
2024-06-27,Sobrebarriga,Carnes,10,domicilio,54000,Jueves,entre_semana
2024-06-27,Pechuga Asada,Carnes,2,mesa,52000,Jueves,entre_semana
2024-06-27,Pechuga Asada,Carnes,3,domicilio,52000,Jueves,entre_semana
2024-06-27,Mojarra 2en1,Pescados,5,mesa,50000,Jueves,entre_semana
2024-06-27,Mojarra 2en1,Pescados,5,domicilio,50000,Jueves,entre_semana
2024-06-27,Trucha 2en1,Pescados,1,mesa,50000,Jueves,entre_semana
2024-06-27,Trucha 2en1,Pescados,1,domicilio,50000,Jueves,entre_semana
2024-06-27,Tierra Aire Mar,Pescados,1,domicilio,90000,Jueves,entre_semana
2024-06-27,Arroz con Pollo,Arroces,7,mesa,45000,Jueves,entre_semana
2024-06-27,Arroz con Pollo,Arroces,8,domicilio,45000,Jueves,entre_semana
2024-06-27,Almuerzo Ejecutivo,Corrientes,49,mesa,25000,Jueves,entre_semana
2024-06-27,Almuerzo Ejecutivo,Corrientes,41,domicilio,25000,Jueves,entre_semana
2024-06-28,Lengua en salsa,Sopas,1,mesa,60000,Viernes,entre_semana
2024-06-28,Lengua en salsa,Sopas,1,domicilio,60000,Viernes,entre_semana
2024-06-28,Sancocho de Gallina,Sopas,3,mesa,60000,Viernes,entre_semana
2024-06-28,Sancocho de Gallina,Sopas,3,domicilio,60000,Viernes,entre_semana
2024-06-28,Frijoles con Pezuña,Sopas,3,mesa,50000,Viernes,entre_semana
2024-06-28,Frijoles con Pezuña,Sopas,2,domicilio,50000,Viernes,entre_semana
2024-06-28,Pata,Sopas,1,mesa,27000,Viernes,entre_semana
2024-06-28,Pata,Sopas,1,domicilio,27000,Viernes,entre_semana
2024-06-28,Cola de Buey,Sopas,2,mesa,60000,Viernes,entre_semana
2024-06-28,Cola de Buey,Sopas,4,domicilio,60000,Viernes,entre_semana
2024-06-28,Cazuela de Mariscos,Sopas,1,mesa,53000,Viernes,entre_semana
2024-06-28,Cazuela de Mariscos,Sopas,1,domicilio,53000,Viernes,entre_semana
2024-06-28,Carne Asada (Chatas),Carnes,8,mesa,56000,Viernes,entre_semana
2024-06-28,Carne Asada (Chatas),Carnes,9,domicilio,56000,Viernes,entre_semana
2024-06-28,Carne Oreada,Carnes,2,mesa,56000,Viernes,entre_semana
2024-06-28,Carne Oreada,Carnes,3,domicilio,56000,Viernes,entre_semana
2024-06-28,Cabro con Pepitoria,Carnes,9,mesa,56000,Viernes,entre_semana
2024-06-28,Cabro con Pepitoria,Carnes,8,domicilio,56000,Viernes,entre_semana
2024-06-28,Costillas de Cerdo,Carnes,5,mesa,54000,Viernes,entre_semana
2024-06-28,Costillas de Cerdo,Carnes,6,domicilio,54000,Viernes,entre_semana
2024-06-28,Lomo de Cerdo,Carnes,4,mesa,54000,Viernes,entre_semana
2024-06-28,Lomo de Cerdo,Carnes,4,domicilio,54000,Viernes,entre_semana
2024-06-28,Sobrebarriga,Carnes,11,mesa,54000,Viernes,entre_semana
2024-06-28,Sobrebarriga,Carnes,9,domicilio,54000,Viernes,entre_semana
2024-06-28,Pechuga Asada,Carnes,2,mesa,52000,Viernes,entre_semana
2024-06-28,Pechuga Asada,Carnes,4,domicilio,52000,Viernes,entre_semana
2024-06-28,Mojarra 2en1,Pescados,4,mesa,50000,Viernes,entre_semana
2024-06-28,Mojarra 2en1,Pescados,3,domicilio,50000,Viernes,entre_semana
2024-06-28,Trucha 2en1,Pescados,1,mesa,50000,Viernes,entre_semana
2024-06-28,Trucha 2en1,Pescados,1,domicilio,50000,Viernes,entre_semana
2024-06-28,Tierra Aire Mar,Pescados,1,domicilio,90000,Viernes,entre_semana
2024-06-28,Arroz con Pollo,Arroces,9,mesa,45000,Viernes,entre_semana
2024-06-28,Arroz con Pollo,Arroces,9,domicilio,45000,Viernes,entre_semana
2024-06-28,Almuerzo Ejecutivo,Corrientes,36,mesa,25000,Viernes,entre_semana
2024-06-28,Almuerzo Ejecutivo,Corrientes,48,domicilio,25000,Viernes,entre_semana
2024-06-29,Lengua en salsa,Sopas,2,mesa,60000,Sábado,sabado
2024-06-29,Lengua en salsa,Sopas,2,domicilio,60000,Sábado,sabado
2024-06-29,Mute,Sopas,15,mesa,30000,Sábado,sabado
2024-06-29,Mute,Sopas,14,domicilio,30000,Sábado,sabado
2024-06-29,Sancocho de Gallina,Sopas,11,mesa,60000,Sábado,sabado
2024-06-29,Sancocho de Gallina,Sopas,10,domicilio,60000,Sábado,sabado
2024-06-29,Frijoles con Pezuña,Sopas,3,mesa,50000,Sábado,sabado
2024-06-29,Frijoles con Pezuña,Sopas,5,domicilio,50000,Sábado,sabado
2024-06-29,Pata,Sopas,3,mesa,27000,Sábado,sabado
2024-06-29,Pata,Sopas,2,domicilio,27000,Sábado,sabado
2024-06-29,Cola de Buey,Sopas,6,mesa,60000,Sábado,sabado
2024-06-29,Cola de Buey,Sopas,9,domicilio,60000,Sábado,sabado
2024-06-29,Cazuela de Mariscos,Sopas,2,mesa,53000,Sábado,sabado
2024-06-29,Cazuela de Mariscos,Sopas,2,domicilio,53000,Sábado,sabado
2024-06-29,Carne Asada (Chatas),Carnes,13,mesa,56000,Sábado,sabado
2024-06-29,Carne Asada (Chatas),Carnes,17,domicilio,56000,Sábado,sabado
2024-06-29,Carne Oreada,Carnes,5,mesa,56000,Sábado,sabado
2024-06-29,Carne Oreada,Carnes,3,domicilio,56000,Sábado,sabado
2024-06-29,Cabro con Pepitoria,Carnes,12,mesa,56000,Sábado,sabado
2024-06-29,Cabro con Pepitoria,Carnes,16,domicilio,56000,Sábado,sabado
2024-06-29,Costillas de Cerdo,Carnes,7,mesa,54000,Sábado,sabado
2024-06-29,Costillas de Cerdo,Carnes,10,domicilio,54000,Sábado,sabado
2024-06-29,Lomo de Cerdo,Carnes,7,mesa,54000,Sábado,sabado
2024-06-29,Lomo de Cerdo,Carnes,7,domicilio,54000,Sábado,sabado
2024-06-29,Sobrebarriga,Carnes,13,mesa,54000,Sábado,sabado
2024-06-29,Sobrebarriga,Carnes,14,domicilio,54000,Sábado,sabado
2024-06-29,Pechuga Asada,Carnes,4,mesa,52000,Sábado,sabado
2024-06-29,Pechuga Asada,Carnes,7,domicilio,52000,Sábado,sabado
2024-06-29,Mojarra 2en1,Pescados,9,mesa,50000,Sábado,sabado
2024-06-29,Mojarra 2en1,Pescados,8,domicilio,50000,Sábado,sabado
2024-06-29,Trucha 2en1,Pescados,2,mesa,50000,Sábado,sabado
2024-06-29,Trucha 2en1,Pescados,2,domicilio,50000,Sábado,sabado
2024-06-29,Tierra Aire Mar,Pescados,1,mesa,90000,Sábado,sabado
2024-06-29,Tierra Aire Mar,Pescados,1,domicilio,90000,Sábado,sabado
2024-06-29,Arroz con Pollo,Arroces,14,mesa,45000,Sábado,sabado
2024-06-29,Arroz con Pollo,Arroces,12,domicilio,45000,Sábado,sabado
2024-06-29,Almuerzo Ejecutivo,Corrientes,35,domicilio,25000,Sábado,sabado
2024-06-30,Lengua en salsa,Sopas,4,mesa,60000,Domingo,domingo
2024-06-30,Lengua en salsa,Sopas,3,domicilio,60000,Domingo,domingo
2024-06-30,Mute,Sopas,41,mesa,30000,Domingo,domingo
2024-06-30,Mute,Sopas,36,domicilio,30000,Domingo,domingo
2024-06-30,Sancocho de Gallina,Sopas,22,mesa,60000,Domingo,domingo
2024-06-30,Sancocho de Gallina,Sopas,18,domicilio,60000,Domingo,domingo
2024-06-30,Pata,Sopas,5,mesa,27000,Domingo,domingo
2024-06-30,Pata,Sopas,3,domicilio,27000,Domingo,domingo
2024-06-30,Cola de Buey,Sopas,9,mesa,60000,Domingo,domingo
2024-06-30,Cola de Buey,Sopas,16,domicilio,60000,Domingo,domingo
2024-06-30,Cazuela de Mariscos,Sopas,5,mesa,53000,Domingo,domingo
2024-06-30,Cazuela de Mariscos,Sopas,3,domicilio,53000,Domingo,domingo
2024-06-30,Carne Asada (Chatas),Carnes,23,mesa,56000,Domingo,domingo
2024-06-30,Carne Asada (Chatas),Carnes,31,domicilio,56000,Domingo,domingo
2024-06-30,Carne Oreada,Carnes,10,mesa,56000,Domingo,domingo
2024-06-30,Carne Oreada,Carnes,8,domicilio,56000,Domingo,domingo
2024-06-30,Cabro con Pepitoria,Carnes,25,mesa,56000,Domingo,domingo
2024-06-30,Cabro con Pepitoria,Carnes,25,domicilio,56000,Domingo,domingo
2024-06-30,Costillas de Cerdo,Carnes,15,mesa,54000,Domingo,domingo
2024-06-30,Costillas de Cerdo,Carnes,21,domicilio,54000,Domingo,domingo
2024-06-30,Lomo de Cerdo,Carnes,12,mesa,54000,Domingo,domingo
2024-06-30,Lomo de Cerdo,Carnes,14,domicilio,54000,Domingo,domingo
2024-06-30,Sobrebarriga,Carnes,24,mesa,54000,Domingo,domingo
2024-06-30,Sobrebarriga,Carnes,29,domicilio,54000,Domingo,domingo
2024-06-30,Pechuga Asada,Carnes,8,mesa,52000,Domingo,domingo
2024-06-30,Pechuga Asada,Carnes,13,domicilio,52000,Domingo,domingo
2024-06-30,Mojarra 2en1,Pescados,13,mesa,50000,Domingo,domingo
2024-06-30,Mojarra 2en1,Pescados,15,domicilio,50000,Domingo,domingo
2024-06-30,Trucha 2en1,Pescados,4,mesa,50000,Domingo,domingo
2024-06-30,Trucha 2en1,Pescados,3,domicilio,50000,Domingo,domingo
2024-06-30,Tierra Aire Mar,Pescados,2,mesa,90000,Domingo,domingo
2024-06-30,Tierra Aire Mar,Pescados,2,domicilio,90000,Domingo,domingo
2024-06-30,Arroz con Pollo,Arroces,30,mesa,45000,Domingo,domingo
2024-06-30,Arroz con Pollo,Arroces,21,domicilio,45000,Domingo,domingo
2024-07-02,Lengua en salsa,Sopas,1,mesa,60000,Martes,entre_semana
2024-07-02,Lengua en salsa,Sopas,1,domicilio,60000,Martes,entre_semana
2024-07-02,Sancocho de Gallina,Sopas,3,mesa,60000,Martes,entre_semana
2024-07-02,Sancocho de Gallina,Sopas,3,domicilio,60000,Martes,entre_semana
2024-07-02,Frijoles con Pezuña,Sopas,3,mesa,50000,Martes,entre_semana
2024-07-02,Frijoles con Pezuña,Sopas,2,domicilio,50000,Martes,entre_semana
2024-07-02,Pata,Sopas,1,mesa,27000,Martes,entre_semana
2024-07-02,Pata,Sopas,1,domicilio,27000,Martes,entre_semana
2024-07-02,Cola de Buey,Sopas,2,mesa,60000,Martes,entre_semana
2024-07-02,Cola de Buey,Sopas,5,domicilio,60000,Martes,entre_semana
2024-07-02,Cazuela de Mariscos,Sopas,1,mesa,53000,Martes,entre_semana
2024-07-02,Cazuela de Mariscos,Sopas,1,domicilio,53000,Martes,entre_semana
2024-07-02,Carne Asada (Chatas),Carnes,10,mesa,56000,Martes,entre_semana
2024-07-02,Carne Asada (Chatas),Carnes,10,domicilio,56000,Martes,entre_semana
2024-07-02,Carne Oreada,Carnes,3,mesa,56000,Martes,entre_semana
2024-07-02,Carne Oreada,Carnes,2,domicilio,56000,Martes,entre_semana
2024-07-02,Cabro con Pepitoria,Carnes,9,mesa,56000,Martes,entre_semana
2024-07-02,Cabro con Pepitoria,Carnes,8,domicilio,56000,Martes,entre_semana
2024-07-02,Costillas de Cerdo,Carnes,5,mesa,54000,Martes,entre_semana
2024-07-02,Costillas de Cerdo,Carnes,7,domicilio,54000,Martes,entre_semana
2024-07-02,Lomo de Cerdo,Carnes,4,mesa,54000,Martes,entre_semana
2024-07-02,Lomo de Cerdo,Carnes,3,domicilio,54000,Martes,entre_semana
2024-07-02,Sobrebarriga,Carnes,11,mesa,54000,Martes,entre_semana
2024-07-02,Sobrebarriga,Carnes,9,domicilio,54000,Martes,entre_semana
2024-07-02,Pechuga Asada,Carnes,2,mesa,52000,Martes,entre_semana
2024-07-02,Pechuga Asada,Carnes,3,domicilio,52000,Martes,entre_semana
2024-07-02,Mojarra 2en1,Pescados,4,mesa,50000,Martes,entre_semana
2024-07-02,Mojarra 2en1,Pescados,5,domicilio,50000,Martes,entre_semana
2024-07-02,Trucha 2en1,Pescados,1,mesa,50000,Martes,entre_semana
2024-07-02,Trucha 2en1,Pescados,1,domicilio,50000,Martes,entre_semana
2024-07-02,Tierra Aire Mar,Pescados,1,domicilio,90000,Martes,entre_semana
2024-07-02,Arroz con Pollo,Arroces,8,mesa,45000,Martes,entre_semana
2024-07-02,Arroz con Pollo,Arroces,8,domicilio,45000,Martes,entre_semana
2024-07-02,Almuerzo Ejecutivo,Corrientes,37,mesa,25000,Martes,entre_semana
2024-07-02,Almuerzo Ejecutivo,Corrientes,41,domicilio,25000,Martes,entre_semana
2024-07-03,Lengua en salsa,Sopas,1,mesa,60000,Miércoles,entre_semana
2024-07-03,Lengua en salsa,Sopas,1,domicilio,60000,Miércoles,entre_semana
2024-07-03,Sancocho de Gallina,Sopas,3,mesa,60000,Miércoles,entre_semana
2024-07-03,Sancocho de Gallina,Sopas,3,domicilio,60000,Miércoles,entre_semana
2024-07-03,Frijoles con Pezuña,Sopas,3,mesa,50000,Miércoles,entre_semana
2024-07-03,Frijoles con Pezuña,Sopas,2,domicilio,50000,Miércoles,entre_semana
2024-07-03,Pata,Sopas,1,mesa,27000,Miércoles,entre_semana
2024-07-03,Pata,Sopas,1,domicilio,27000,Miércoles,entre_semana
2024-07-03,Cola de Buey,Sopas,3,mesa,60000,Miércoles,entre_semana
2024-07-03,Cola de Buey,Sopas,4,domicilio,60000,Miércoles,entre_semana
2024-07-03,Cazuela de Mariscos,Sopas,1,mesa,53000,Miércoles,entre_semana
2024-07-03,Cazuela de Mariscos,Sopas,1,domicilio,53000,Miércoles,entre_semana
2024-07-03,Carne Asada (Chatas),Carnes,10,mesa,56000,Miércoles,entre_semana
2024-07-03,Carne Asada (Chatas),Carnes,9,domicilio,56000,Miércoles,entre_semana
2024-07-03,Carne Oreada,Carnes,3,mesa,56000,Miércoles,entre_semana
2024-07-03,Carne Oreada,Carnes,3,domicilio,56000,Miércoles,entre_semana
2024-07-03,Cabro con Pepitoria,Carnes,8,mesa,56000,Miércoles,entre_semana
2024-07-03,Cabro con Pepitoria,Carnes,8,domicilio,56000,Miércoles,entre_semana
2024-07-03,Costillas de Cerdo,Carnes,6,mesa,54000,Miércoles,entre_semana
2024-07-03,Costillas de Cerdo,Carnes,7,domicilio,54000,Miércoles,entre_semana
2024-07-03,Lomo de Cerdo,Carnes,3,mesa,54000,Miércoles,entre_semana
2024-07-03,Lomo de Cerdo,Carnes,5,domicilio,54000,Miércoles,entre_semana
2024-07-03,Sobrebarriga,Carnes,10,mesa,54000,Miércoles,entre_semana
2024-07-03,Sobrebarriga,Carnes,11,domicilio,54000,Miércoles,entre_semana
2024-07-03,Pechuga Asada,Carnes,2,mesa,52000,Miércoles,entre_semana
2024-07-03,Pechuga Asada,Carnes,5,domicilio,52000,Miércoles,entre_semana
2024-07-03,Mojarra 2en1,Pescados,3,mesa,50000,Miércoles,entre_semana
2024-07-03,Mojarra 2en1,Pescados,4,domicilio,50000,Miércoles,entre_semana
2024-07-03,Trucha 2en1,Pescados,1,mesa,50000,Miércoles,entre_semana
2024-07-03,Trucha 2en1,Pescados,1,domicilio,50000,Miércoles,entre_semana
2024-07-03,Tierra Aire Mar,Pescados,1,domicilio,90000,Miércoles,entre_semana
2024-07-03,Arroz con Pollo,Arroces,10,mesa,45000,Miércoles,entre_semana
2024-07-03,Arroz con Pollo,Arroces,7,domicilio,45000,Miércoles,entre_semana
2024-07-03,Almuerzo Ejecutivo,Corrientes,51,mesa,25000,Miércoles,entre_semana
2024-07-03,Almuerzo Ejecutivo,Corrientes,50,domicilio,25000,Miércoles,entre_semana
2024-07-04,Lengua en salsa,Sopas,3,mesa,60000,Jueves,festivo
2024-07-04,Lengua en salsa,Sopas,2,domicilio,60000,Jueves,festivo
2024-07-04,Mute,Sopas,25,mesa,30000,Jueves,festivo
2024-07-04,Mute,Sopas,20,domicilio,30000,Jueves,festivo
2024-07-04,Sancocho de Gallina,Sopas,21,mesa,60000,Jueves,festivo
2024-07-04,Sancocho de Gallina,Sopas,11,domicilio,60000,Jueves,festivo
2024-07-04,Pata,Sopas,4,mesa,27000,Jueves,festivo
2024-07-04,Pata,Sopas,4,domicilio,27000,Jueves,festivo
2024-07-04,Cola de Buey,Sopas,8,mesa,60000,Jueves,festivo
2024-07-04,Cola de Buey,Sopas,11,domicilio,60000,Jueves,festivo
2024-07-04,Cazuela de Mariscos,Sopas,3,mesa,53000,Jueves,festivo
2024-07-04,Cazuela de Mariscos,Sopas,2,domicilio,53000,Jueves,festivo
2024-07-04,Carne Asada (Chatas),Carnes,17,mesa,56000,Jueves,festivo
2024-07-04,Carne Asada (Chatas),Carnes,13,domicilio,56000,Jueves,festivo
2024-07-04,Carne Oreada,Carnes,8,mesa,56000,Jueves,festivo
2024-07-04,Carne Oreada,Carnes,6,domicilio,56000,Jueves,festivo
2024-07-04,Cabro con Pepitoria,Carnes,23,mesa,56000,Jueves,festivo
2024-07-04,Cabro con Pepitoria,Carnes,23,domicilio,56000,Jueves,festivo
2024-07-04,Costillas de Cerdo,Carnes,7,mesa,54000,Jueves,festivo
2024-07-04,Costillas de Cerdo,Carnes,13,domicilio,54000,Jueves,festivo
2024-07-04,Lomo de Cerdo,Carnes,11,mesa,54000,Jueves,festivo
2024-07-04,Lomo de Cerdo,Carnes,10,domicilio,54000,Jueves,festivo
2024-07-04,Sobrebarriga,Carnes,27,mesa,54000,Jueves,festivo
2024-07-04,Sobrebarriga,Carnes,22,domicilio,54000,Jueves,festivo
2024-07-04,Pechuga Asada,Carnes,6,mesa,52000,Jueves,festivo
2024-07-04,Pechuga Asada,Carnes,8,domicilio,52000,Jueves,festivo
2024-07-04,Mojarra 2en1,Pescados,8,mesa,50000,Jueves,festivo
2024-07-04,Mojarra 2en1,Pescados,8,domicilio,50000,Jueves,festivo
2024-07-04,Trucha 2en1,Pescados,3,mesa,50000,Jueves,festivo
2024-07-04,Trucha 2en1,Pescados,4,domicilio,50000,Jueves,festivo
2024-07-04,Tierra Aire Mar,Pescados,1,mesa,90000,Jueves,festivo
2024-07-04,Tierra Aire Mar,Pescados,1,domicilio,90000,Jueves,festivo
2024-07-04,Arroz con Pollo,Arroces,21,mesa,45000,Jueves,festivo
2024-07-04,Arroz con Pollo,Arroces,20,domicilio,45000,Jueves,festivo
2024-07-05,Lengua en salsa,Sopas,1,mesa,60000,Viernes,entre_semana
2024-07-05,Lengua en salsa,Sopas,1,domicilio,60000,Viernes,entre_semana
2024-07-05,Sancocho de Gallina,Sopas,3,mesa,60000,Viernes,entre_semana
2024-07-05,Sancocho de Gallina,Sopas,3,domicilio,60000,Viernes,entre_semana
2024-07-05,Frijoles con Pezuña,Sopas,4,mesa,50000,Viernes,entre_semana
2024-07-05,Frijoles con Pezuña,Sopas,2,domicilio,50000,Viernes,entre_semana
2024-07-05,Pata,Sopas,1,mesa,27000,Viernes,entre_semana
2024-07-05,Pata,Sopas,1,domicilio,27000,Viernes,entre_semana
2024-07-05,Cola de Buey,Sopas,4,mesa,60000,Viernes,entre_semana
2024-07-05,Cola de Buey,Sopas,3,domicilio,60000,Viernes,entre_semana
2024-07-05,Cazuela de Mariscos,Sopas,1,mesa,53000,Viernes,entre_semana
2024-07-05,Cazuela de Mariscos,Sopas,1,domicilio,53000,Viernes,entre_semana
2024-07-05,Carne Asada (Chatas),Carnes,11,mesa,56000,Viernes,entre_semana
2024-07-05,Carne Asada (Chatas),Carnes,8,domicilio,56000,Viernes,entre_semana
2024-07-05,Carne Oreada,Carnes,3,mesa,56000,Viernes,entre_semana
2024-07-05,Carne Oreada,Carnes,4,domicilio,56000,Viernes,entre_semana
2024-07-05,Cabro con Pepitoria,Carnes,8,mesa,56000,Viernes,entre_semana
2024-07-05,Cabro con Pepitoria,Carnes,10,domicilio,56000,Viernes,entre_semana
2024-07-05,Costillas de Cerdo,Carnes,4,mesa,54000,Viernes,entre_semana
2024-07-05,Costillas de Cerdo,Carnes,7,domicilio,54000,Viernes,entre_semana
2024-07-05,Lomo de Cerdo,Carnes,3,mesa,54000,Viernes,entre_semana
2024-07-05,Lomo de Cerdo,Carnes,5,domicilio,54000,Viernes,entre_semana
2024-07-05,Sobrebarriga,Carnes,8,mesa,54000,Viernes,entre_semana
2024-07-05,Sobrebarriga,Carnes,11,domicilio,54000,Viernes,entre_semana
2024-07-05,Pechuga Asada,Carnes,2,mesa,52000,Viernes,entre_semana
2024-07-05,Pechuga Asada,Carnes,5,domicilio,52000,Viernes,entre_semana
2024-07-05,Mojarra 2en1,Pescados,4,mesa,50000,Viernes,entre_semana
2024-07-05,Mojarra 2en1,Pescados,4,domicilio,50000,Viernes,entre_semana
2024-07-05,Trucha 2en1,Pescados,1,mesa,50000,Viernes,entre_semana
2024-07-05,Trucha 2en1,Pescados,1,domicilio,50000,Viernes,entre_semana
2024-07-05,Tierra Aire Mar,Pescados,1,domicilio,90000,Viernes,entre_semana
2024-07-05,Arroz con Pollo,Arroces,6,mesa,45000,Viernes,entre_semana
2024-07-05,Arroz con Pollo,Arroces,8,domicilio,45000,Viernes,entre_semana
2024-07-05,Almuerzo Ejecutivo,Corrientes,49,mesa,25000,Viernes,entre_semana
2024-07-05,Almuerzo Ejecutivo,Corrientes,53,domicilio,25000,Viernes,entre_semana
2024-07-06,Lengua en salsa,Sopas,2,mesa,60000,Sábado,sabado
2024-07-06,Lengua en salsa,Sopas,2,domicilio,60000,Sábado,sabado
2024-07-06,Mute,Sopas,17,mesa,30000,Sábado,sabado
2024-07-06,Mute,Sopas,14,domicilio,30000,Sábado,sabado
2024-07-06,Sancocho de Gallina,Sopas,10,mesa,60000,Sábado,sabado
2024-07-06,Sancocho de Gallina,Sopas,10,domicilio,60000,Sábado,sabado
2024-07-06,Frijoles con Pezuña,Sopas,5,mesa,50000,Sábado,sabado
2024-07-06,Frijoles con Pezuña,Sopas,4,domicilio,50000,Sábado,sabado
2024-07-06,Pata,Sopas,3,mesa,27000,Sábado,sabado
2024-07-06,Pata,Sopas,2,domicilio,27000,Sábado,sabado
2024-07-06,Cola de Buey,Sopas,4,mesa,60000,Sábado,sabado
2024-07-06,Cola de Buey,Sopas,9,domicilio,60000,Sábado,sabado
2024-07-06,Cazuela de Mariscos,Sopas,2,mesa,53000,Sábado,sabado
2024-07-06,Cazuela de Mariscos,Sopas,2,domicilio,53000,Sábado,sabado
2024-07-06,Carne Asada (Chatas),Carnes,17,mesa,56000,Sábado,sabado
2024-07-06,Carne Asada (Chatas),Carnes,12,domicilio,56000,Sábado,sabado
2024-07-06,Carne Oreada,Carnes,5,mesa,56000,Sábado,sabado
2024-07-06,Carne Oreada,Carnes,4,domicilio,56000,Sábado,sabado
2024-07-06,Cabro con Pepitoria,Carnes,15,mesa,56000,Sábado,sabado
2024-07-06,Cabro con Pepitoria,Carnes,14,domicilio,56000,Sábado,sabado
2024-07-06,Costillas de Cerdo,Carnes,9,mesa,54000,Sábado,sabado
2024-07-06,Costillas de Cerdo,Carnes,8,domicilio,54000,Sábado,sabado
2024-07-06,Lomo de Cerdo,Carnes,7,mesa,54000,Sábado,sabado
2024-07-06,Lomo de Cerdo,Carnes,6,domicilio,54000,Sábado,sabado
2024-07-06,Sobrebarriga,Carnes,15,mesa,54000,Sábado,sabado
2024-07-06,Sobrebarriga,Carnes,12,domicilio,54000,Sábado,sabado
2024-07-06,Pechuga Asada,Carnes,5,mesa,52000,Sábado,sabado
2024-07-06,Pechuga Asada,Carnes,5,domicilio,52000,Sábado,sabado
2024-07-06,Mojarra 2en1,Pescados,9,mesa,50000,Sábado,sabado
2024-07-06,Mojarra 2en1,Pescados,6,domicilio,50000,Sábado,sabado
2024-07-06,Trucha 2en1,Pescados,2,mesa,50000,Sábado,sabado
2024-07-06,Trucha 2en1,Pescados,2,domicilio,50000,Sábado,sabado
2024-07-06,Tierra Aire Mar,Pescados,1,mesa,90000,Sábado,sabado
2024-07-06,Tierra Aire Mar,Pescados,1,domicilio,90000,Sábado,sabado
2024-07-06,Arroz con Pollo,Arroces,14,mesa,45000,Sábado,sabado
2024-07-06,Arroz con Pollo,Arroces,13,domicilio,45000,Sábado,sabado
2024-07-06,Almuerzo Ejecutivo,Corrientes,37,domicilio,25000,Sábado,sabado
2024-07-07,Lengua en salsa,Sopas,4,mesa,60000,Domingo,domingo
2024-07-07,Lengua en salsa,Sopas,2,domicilio,60000,Domingo,domingo
2024-07-07,Mute,Sopas,41,mesa,30000,Domingo,domingo
2024-07-07,Mute,Sopas,34,domicilio,30000,Domingo,domingo
2024-07-07,Sancocho de Gallina,Sopas,22,mesa,60000,Domingo,domingo
2024-07-07,Sancocho de Gallina,Sopas,19,domicilio,60000,Domingo,domingo
2024-07-07,Pata,Sopas,6,mesa,27000,Domingo,domingo
2024-07-07,Pata,Sopas,4,domicilio,27000,Domingo,domingo
2024-07-07,Cola de Buey,Sopas,11,mesa,60000,Domingo,domingo
2024-07-07,Cola de Buey,Sopas,16,domicilio,60000,Domingo,domingo
2024-07-07,Cazuela de Mariscos,Sopas,4,mesa,53000,Domingo,domingo
2024-07-07,Cazuela de Mariscos,Sopas,2,domicilio,53000,Domingo,domingo
2024-07-07,Carne Asada (Chatas),Carnes,24,mesa,56000,Domingo,domingo
2024-07-07,Carne Asada (Chatas),Carnes,25,domicilio,56000,Domingo,domingo
2024-07-07,Carne Oreada,Carnes,9,mesa,56000,Domingo,domingo
2024-07-07,Carne Oreada,Carnes,10,domicilio,56000,Domingo,domingo
2024-07-07,Cabro con Pepitoria,Carnes,26,mesa,56000,Domingo,domingo
2024-07-07,Cabro con Pepitoria,Carnes,26,domicilio,56000,Domingo,domingo
2024-07-07,Costillas de Cerdo,Carnes,15,mesa,54000,Domingo,domingo
2024-07-07,Costillas de Cerdo,Carnes,21,domicilio,54000,Domingo,domingo
2024-07-07,Lomo de Cerdo,Carnes,11,mesa,54000,Domingo,domingo
2024-07-07,Lomo de Cerdo,Carnes,12,domicilio,54000,Domingo,domingo
2024-07-07,Sobrebarriga,Carnes,26,mesa,54000,Domingo,domingo
2024-07-07,Sobrebarriga,Carnes,35,domicilio,54000,Domingo,domingo
2024-07-07,Pechuga Asada,Carnes,8,mesa,52000,Domingo,domingo
2024-07-07,Pechuga Asada,Carnes,12,domicilio,52000,Domingo,domingo
2024-07-07,Mojarra 2en1,Pescados,14,mesa,50000,Domingo,domingo
2024-07-07,Mojarra 2en1,Pescados,15,domicilio,50000,Domingo,domingo
2024-07-07,Trucha 2en1,Pescados,4,mesa,50000,Domingo,domingo
2024-07-07,Trucha 2en1,Pescados,4,domicilio,50000,Domingo,domingo
2024-07-07,Tierra Aire Mar,Pescados,2,mesa,90000,Domingo,domingo
2024-07-07,Tierra Aire Mar,Pescados,2,domicilio,90000,Domingo,domingo
2024-07-07,Arroz con Pollo,Arroces,27,mesa,45000,Domingo,domingo
2024-07-07,Arroz con Pollo,Arroces,21,domicilio,45000,Domingo,domingo
2024-07-09,Lengua en salsa,Sopas,1,mesa,60000,Martes,entre_semana
2024-07-09,Lengua en salsa,Sopas,1,domicilio,60000,Martes,entre_semana
2024-07-09,Sancocho de Gallina,Sopas,4,mesa,60000,Martes,entre_semana
2024-07-09,Sancocho de Gallina,Sopas,3,domicilio,60000,Martes,entre_semana
2024-07-09,Frijoles con Pezuña,Sopas,3,mesa,50000,Martes,entre_semana
2024-07-09,Frijoles con Pezuña,Sopas,2,domicilio,50000,Martes,entre_semana
2024-07-09,Pata,Sopas,1,mesa,27000,Martes,entre_semana
2024-07-09,Pata,Sopas,1,domicilio,27000,Martes,entre_semana
2024-07-09,Cola de Buey,Sopas,3,mesa,60000,Martes,entre_semana
2024-07-09,Cola de Buey,Sopas,5,domicilio,60000,Martes,entre_semana
2024-07-09,Cazuela de Mariscos,Sopas,1,mesa,53000,Martes,entre_semana
2024-07-09,Cazuela de Mariscos,Sopas,1,domicilio,53000,Martes,entre_semana
2024-07-09,Carne Asada (Chatas),Carnes,9,mesa,56000,Martes,entre_semana
2024-07-09,Carne Asada (Chatas),Carnes,7,domicilio,56000,Martes,entre_semana
2024-07-09,Carne Oreada,Carnes,3,mesa,56000,Martes,entre_semana
2024-07-09,Carne Oreada,Carnes,3,domicilio,56000,Martes,entre_semana
2024-07-09,Cabro con Pepitoria,Carnes,9,mesa,56000,Martes,entre_semana
2024-07-09,Cabro con Pepitoria,Carnes,10,domicilio,56000,Martes,entre_semana
2024-07-09,Costillas de Cerdo,Carnes,6,mesa,54000,Martes,entre_semana
2024-07-09,Costillas de Cerdo,Carnes,6,domicilio,54000,Martes,entre_semana
2024-07-09,Lomo de Cerdo,Carnes,4,mesa,54000,Martes,entre_semana
2024-07-09,Lomo de Cerdo,Carnes,3,domicilio,54000,Martes,entre_semana
2024-07-09,Sobrebarriga,Carnes,11,mesa,54000,Martes,entre_semana
2024-07-09,Sobrebarriga,Carnes,9,domicilio,54000,Martes,entre_semana
2024-07-09,Pechuga Asada,Carnes,2,mesa,52000,Martes,entre_semana
2024-07-09,Pechuga Asada,Carnes,5,domicilio,52000,Martes,entre_semana
2024-07-09,Mojarra 2en1,Pescados,4,mesa,50000,Martes,entre_semana
2024-07-09,Mojarra 2en1,Pescados,3,domicilio,50000,Martes,entre_semana
2024-07-09,Trucha 2en1,Pescados,1,mesa,50000,Martes,entre_semana
2024-07-09,Trucha 2en1,Pescados,1,domicilio,50000,Martes,entre_semana
2024-07-09,Tierra Aire Mar,Pescados,1,domicilio,90000,Martes,entre_semana
2024-07-09,Arroz con Pollo,Arroces,8,mesa,45000,Martes,entre_semana
2024-07-09,Arroz con Pollo,Arroces,9,domicilio,45000,Martes,entre_semana
2024-07-09,Almuerzo Ejecutivo,Corrientes,41,mesa,25000,Martes,entre_semana
2024-07-09,Almuerzo Ejecutivo,Corrientes,52,domicilio,25000,Martes,entre_semana
2024-07-10,Lengua en salsa,Sopas,1,mesa,60000,Miércoles,entre_semana
2024-07-10,Lengua en salsa,Sopas,1,domicilio,60000,Miércoles,entre_semana
2024-07-10,Sancocho de Gallina,Sopas,3,mesa,60000,Miércoles,entre_semana
2024-07-10,Sancocho de Gallina,Sopas,3,domicilio,60000,Miércoles,entre_semana
2024-07-10,Frijoles con Pezuña,Sopas,3,mesa,50000,Miércoles,entre_semana
2024-07-10,Frijoles con Pezuña,Sopas,2,domicilio,50000,Miércoles,entre_semana
2024-07-10,Pata,Sopas,1,mesa,27000,Miércoles,entre_semana
2024-07-10,Pata,Sopas,1,domicilio,27000,Miércoles,entre_semana
2024-07-10,Cola de Buey,Sopas,3,mesa,60000,Miércoles,entre_semana
2024-07-10,Cola de Buey,Sopas,4,domicilio,60000,Miércoles,entre_semana
2024-07-10,Cazuela de Mariscos,Sopas,1,mesa,53000,Miércoles,entre_semana
2024-07-10,Cazuela de Mariscos,Sopas,1,domicilio,53000,Miércoles,entre_semana
2024-07-10,Carne Asada (Chatas),Carnes,9,mesa,56000,Miércoles,entre_semana
2024-07-10,Carne Asada (Chatas),Carnes,8,domicilio,56000,Miércoles,entre_semana
2024-07-10,Carne Oreada,Carnes,3,mesa,56000,Miércoles,entre_semana
2024-07-10,Carne Oreada,Carnes,3,domicilio,56000,Miércoles,entre_semana
2024-07-10,Cabro con Pepitoria,Carnes,11,mesa,56000,Miércoles,entre_semana
2024-07-10,Cabro con Pepitoria,Carnes,11,domicilio,56000,Miércoles,entre_semana
2024-07-10,Costillas de Cerdo,Carnes,5,mesa,54000,Miércoles,entre_semana
2024-07-10,Costillas de Cerdo,Carnes,5,domicilio,54000,Miércoles,entre_semana
2024-07-10,Lomo de Cerdo,Carnes,4,mesa,54000,Miércoles,entre_semana
2024-07-10,Lomo de Cerdo,Carnes,4,domicilio,54000,Miércoles,entre_semana
2024-07-10,Sobrebarriga,Carnes,9,mesa,54000,Miércoles,entre_semana
2024-07-10,Sobrebarriga,Carnes,10,domicilio,54000,Miércoles,entre_semana
2024-07-10,Pechuga Asada,Carnes,2,mesa,52000,Miércoles,entre_semana
2024-07-10,Pechuga Asada,Carnes,4,domicilio,52000,Miércoles,entre_semana
2024-07-10,Mojarra 2en1,Pescados,4,mesa,50000,Miércoles,entre_semana
2024-07-10,Mojarra 2en1,Pescados,3,domicilio,50000,Miércoles,entre_semana
2024-07-10,Trucha 2en1,Pescados,1,mesa,50000,Miércoles,entre_semana
2024-07-10,Trucha 2en1,Pescados,1,domicilio,50000,Miércoles,entre_semana
2024-07-10,Tierra Aire Mar,Pescados,1,domicilio,90000,Miércoles,entre_semana
2024-07-10,Arroz con Pollo,Arroces,7,mesa,45000,Miércoles,entre_semana
2024-07-10,Arroz con Pollo,Arroces,9,domicilio,45000,Miércoles,entre_semana
2024-07-10,Almuerzo Ejecutivo,Corrientes,42,mesa,25000,Miércoles,entre_semana
2024-07-10,Almuerzo Ejecutivo,Corrientes,40,domicilio,25000,Miércoles,entre_semana
2024-07-11,Lengua en salsa,Sopas,1,mesa,60000,Jueves,entre_semana
2024-07-11,Lengua en salsa,Sopas,1,domicilio,60000,Jueves,entre_semana
2024-07-11,Sancocho de Gallina,Sopas,3,mesa,60000,Jueves,entre_semana
2024-07-11,Sancocho de Gallina,Sopas,2,domicilio,60000,Jueves,entre_semana
2024-07-11,Frijoles con Pezuña,Sopas,3,mesa,50000,Jueves,entre_semana
2024-07-11,Frijoles con Pezuña,Sopas,2,domicilio,50000,Jueves,entre_semana
2024-07-11,Pata,Sopas,1,mesa,27000,Jueves,entre_semana
2024-07-11,Pata,Sopas,1,domicilio,27000,Jueves,entre_semana
2024-07-11,Cola de Buey,Sopas,3,mesa,60000,Jueves,entre_semana
2024-07-11,Cola de Buey,Sopas,3,domicilio,60000,Jueves,entre_semana
2024-07-11,Cazuela de Mariscos,Sopas,1,mesa,53000,Jueves,entre_semana
2024-07-11,Cazuela de Mariscos,Sopas,1,domicilio,53000,Jueves,entre_semana
2024-07-11,Carne Asada (Chatas),Carnes,11,mesa,56000,Jueves,entre_semana
2024-07-11,Carne Asada (Chatas),Carnes,9,domicilio,56000,Jueves,entre_semana
2024-07-11,Carne Oreada,Carnes,3,mesa,56000,Jueves,entre_semana
2024-07-11,Carne Oreada,Carnes,3,domicilio,56000,Jueves,entre_semana
2024-07-11,Cabro con Pepitoria,Carnes,9,mesa,56000,Jueves,entre_semana
2024-07-11,Cabro con Pepitoria,Carnes,10,domicilio,56000,Jueves,entre_semana
2024-07-11,Costillas de Cerdo,Carnes,4,mesa,54000,Jueves,entre_semana
2024-07-11,Costillas de Cerdo,Carnes,5,domicilio,54000,Jueves,entre_semana
2024-07-11,Lomo de Cerdo,Carnes,5,mesa,54000,Jueves,entre_semana
2024-07-11,Lomo de Cerdo,Carnes,4,domicilio,54000,Jueves,entre_semana
2024-07-11,Sobrebarriga,Carnes,11,mesa,54000,Jueves,entre_semana
2024-07-11,Sobrebarriga,Carnes,11,domicilio,54000,Jueves,entre_semana
2024-07-11,Pechuga Asada,Carnes,2,mesa,52000,Jueves,entre_semana
2024-07-11,Pechuga Asada,Carnes,4,domicilio,52000,Jueves,entre_semana
2024-07-11,Mojarra 2en1,Pescados,3,mesa,50000,Jueves,entre_semana
2024-07-11,Mojarra 2en1,Pescados,4,domicilio,50000,Jueves,entre_semana
2024-07-11,Trucha 2en1,Pescados,1,mesa,50000,Jueves,entre_semana
2024-07-11,Trucha 2en1,Pescados,1,domicilio,50000,Jueves,entre_semana
2024-07-11,Tierra Aire Mar,Pescados,1,domicilio,90000,Jueves,entre_semana
2024-07-11,Arroz con Pollo,Arroces,6,mesa,45000,Jueves,entre_semana
2024-07-11,Arroz con Pollo,Arroces,7,domicilio,45000,Jueves,entre_semana
2024-07-11,Almuerzo Ejecutivo,Corrientes,51,mesa,25000,Jueves,entre_semana
2024-07-11,Almuerzo Ejecutivo,Corrientes,51,domicilio,25000,Jueves,entre_semana
2024-07-12,Lengua en salsa,Sopas,1,mesa,60000,Viernes,entre_semana
2024-07-12,Lengua en salsa,Sopas,1,domicilio,60000,Viernes,entre_semana
2024-07-12,Sancocho de Gallina,Sopas,4,mesa,60000,Viernes,entre_semana
2024-07-12,Sancocho de Gallina,Sopas,3,domicilio,60000,Viernes,entre_semana
2024-07-12,Frijoles con Pezuña,Sopas,3,mesa,50000,Viernes,entre_semana
2024-07-12,Frijoles con Pezuña,Sopas,2,domicilio,50000,Viernes,entre_semana
2024-07-12,Pata,Sopas,1,mesa,27000,Viernes,entre_semana
2024-07-12,Pata,Sopas,1,domicilio,27000,Viernes,entre_semana
2024-07-12,Cola de Buey,Sopas,3,mesa,60000,Viernes,entre_semana
2024-07-12,Cola de Buey,Sopas,3,domicilio,60000,Viernes,entre_semana
2024-07-12,Cazuela de Mariscos,Sopas,1,mesa,53000,Viernes,entre_semana
2024-07-12,Cazuela de Mariscos,Sopas,1,domicilio,53000,Viernes,entre_semana
2024-07-12,Carne Asada (Chatas),Carnes,8,mesa,56000,Viernes,entre_semana
2024-07-12,Carne Asada (Chatas),Carnes,10,domicilio,56000,Viernes,entre_semana
2024-07-12,Carne Oreada,Carnes,3,mesa,56000,Viernes,entre_semana
2024-07-12,Carne Oreada,Carnes,3,domicilio,56000,Viernes,entre_semana
2024-07-12,Cabro con Pepitoria,Carnes,8,mesa,56000,Viernes,entre_semana
2024-07-12,Cabro con Pepitoria,Carnes,10,domicilio,56000,Viernes,entre_semana
2024-07-12,Costillas de Cerdo,Carnes,5,mesa,54000,Viernes,entre_semana
2024-07-12,Costillas de Cerdo,Carnes,6,domicilio,54000,Viernes,entre_semana
2024-07-12,Lomo de Cerdo,Carnes,4,mesa,54000,Viernes,entre_semana
2024-07-12,Lomo de Cerdo,Carnes,4,domicilio,54000,Viernes,entre_semana
2024-07-12,Sobrebarriga,Carnes,9,mesa,54000,Viernes,entre_semana
2024-07-12,Sobrebarriga,Carnes,10,domicilio,54000,Viernes,entre_semana
2024-07-12,Pechuga Asada,Carnes,2,mesa,52000,Viernes,entre_semana
2024-07-12,Pechuga Asada,Carnes,5,domicilio,52000,Viernes,entre_semana
2024-07-12,Mojarra 2en1,Pescados,4,mesa,50000,Viernes,entre_semana
2024-07-12,Mojarra 2en1,Pescados,4,domicilio,50000,Viernes,entre_semana
2024-07-12,Trucha 2en1,Pescados,1,mesa,50000,Viernes,entre_semana
2024-07-12,Trucha 2en1,Pescados,1,domicilio,50000,Viernes,entre_semana
2024-07-12,Tierra Aire Mar,Pescados,1,domicilio,90000,Viernes,entre_semana
2024-07-12,Arroz con Pollo,Arroces,9,mesa,45000,Viernes,entre_semana
2024-07-12,Arroz con Pollo,Arroces,6,domicilio,45000,Viernes,entre_semana
2024-07-12,Almuerzo Ejecutivo,Corrientes,52,mesa,25000,Viernes,entre_semana
2024-07-12,Almuerzo Ejecutivo,Corrientes,48,domicilio,25000,Viernes,entre_semana
2024-07-13,Lengua en salsa,Sopas,2,mesa,60000,Sábado,sabado
2024-07-13,Lengua en salsa,Sopas,2,domicilio,60000,Sábado,sabado
2024-07-13,Mute,Sopas,16,mesa,30000,Sábado,sabado
2024-07-13,Mute,Sopas,16,domicilio,30000,Sábado,sabado
2024-07-13,Sancocho de Gallina,Sopas,11,mesa,60000,Sábado,sabado
2024-07-13,Sancocho de Gallina,Sopas,12,domicilio,60000,Sábado,sabado
2024-07-13,Frijoles con Pezuña,Sopas,4,mesa,50000,Sábado,sabado
2024-07-13,Frijoles con Pezuña,Sopas,4,domicilio,50000,Sábado,sabado
2024-07-13,Pata,Sopas,3,mesa,27000,Sábado,sabado
2024-07-13,Pata,Sopas,2,domicilio,27000,Sábado,sabado
2024-07-13,Cola de Buey,Sopas,5,mesa,60000,Sábado,sabado
2024-07-13,Cola de Buey,Sopas,8,domicilio,60000,Sábado,sabado
2024-07-13,Cazuela de Mariscos,Sopas,2,mesa,53000,Sábado,sabado
2024-07-13,Cazuela de Mariscos,Sopas,2,domicilio,53000,Sábado,sabado
2024-07-13,Carne Asada (Chatas),Carnes,13,mesa,56000,Sábado,sabado
2024-07-13,Carne Asada (Chatas),Carnes,12,domicilio,56000,Sábado,sabado
2024-07-13,Carne Oreada,Carnes,6,mesa,56000,Sábado,sabado
2024-07-13,Carne Oreada,Carnes,4,domicilio,56000,Sábado,sabado
2024-07-13,Cabro con Pepitoria,Carnes,16,mesa,56000,Sábado,sabado
2024-07-13,Cabro con Pepitoria,Carnes,13,domicilio,56000,Sábado,sabado
2024-07-13,Costillas de Cerdo,Carnes,8,mesa,54000,Sábado,sabado
2024-07-13,Costillas de Cerdo,Carnes,10,domicilio,54000,Sábado,sabado
2024-07-13,Lomo de Cerdo,Carnes,6,mesa,54000,Sábado,sabado
2024-07-13,Lomo de Cerdo,Carnes,5,domicilio,54000,Sábado,sabado
2024-07-13,Sobrebarriga,Carnes,12,mesa,54000,Sábado,sabado
2024-07-13,Sobrebarriga,Carnes,18,domicilio,54000,Sábado,sabado
2024-07-13,Pechuga Asada,Carnes,4,mesa,52000,Sábado,sabado
2024-07-13,Pechuga Asada,Carnes,7,domicilio,52000,Sábado,sabado
2024-07-13,Mojarra 2en1,Pescados,7,mesa,50000,Sábado,sabado
2024-07-13,Mojarra 2en1,Pescados,8,domicilio,50000,Sábado,sabado
2024-07-13,Trucha 2en1,Pescados,2,mesa,50000,Sábado,sabado
2024-07-13,Trucha 2en1,Pescados,2,domicilio,50000,Sábado,sabado
2024-07-13,Tierra Aire Mar,Pescados,1,mesa,90000,Sábado,sabado
2024-07-13,Tierra Aire Mar,Pescados,1,domicilio,90000,Sábado,sabado
2024-07-13,Arroz con Pollo,Arroces,15,mesa,45000,Sábado,sabado
2024-07-13,Arroz con Pollo,Arroces,13,domicilio,45000,Sábado,sabado
2024-07-13,Almuerzo Ejecutivo,Corrientes,42,domicilio,25000,Sábado,sabado
2024-07-14,Lengua en salsa,Sopas,4,mesa,60000,Domingo,domingo
2024-07-14,Lengua en salsa,Sopas,3,domicilio,60000,Domingo,domingo
2024-07-14,Mute,Sopas,44,mesa,30000,Domingo,domingo
2024-07-14,Mute,Sopas,32,domicilio,30000,Domingo,domingo
2024-07-14,Sancocho de Gallina,Sopas,30,mesa,60000,Domingo,domingo
2024-07-14,Sancocho de Gallina,Sopas,18,domicilio,60000,Domingo,domingo
2024-07-14,Pata,Sopas,6,mesa,27000,Domingo,domingo
2024-07-14,Pata,Sopas,4,domicilio,27000,Domingo,domingo
2024-07-14,Cola de Buey,Sopas,8,mesa,60000,Domingo,domingo
2024-07-14,Cola de Buey,Sopas,16,domicilio,60000,Domingo,domingo
2024-07-14,Cazuela de Mariscos,Sopas,4,mesa,53000,Domingo,domingo
2024-07-14,Cazuela de Mariscos,Sopas,3,domicilio,53000,Domingo,domingo
2024-07-14,Carne Asada (Chatas),Carnes,31,mesa,56000,Domingo,domingo
2024-07-14,Carne Asada (Chatas),Carnes,24,domicilio,56000,Domingo,domingo
2024-07-14,Carne Oreada,Carnes,11,mesa,56000,Domingo,domingo
2024-07-14,Carne Oreada,Carnes,10,domicilio,56000,Domingo,domingo
2024-07-14,Cabro con Pepitoria,Carnes,33,mesa,56000,Domingo,domingo
2024-07-14,Cabro con Pepitoria,Carnes,29,domicilio,56000,Domingo,domingo
2024-07-14,Costillas de Cerdo,Carnes,15,mesa,54000,Domingo,domingo
2024-07-14,Costillas de Cerdo,Carnes,23,domicilio,54000,Domingo,domingo
2024-07-14,Lomo de Cerdo,Carnes,15,mesa,54000,Domingo,domingo
2024-07-14,Lomo de Cerdo,Carnes,14,domicilio,54000,Domingo,domingo
2024-07-14,Sobrebarriga,Carnes,26,mesa,54000,Domingo,domingo
2024-07-14,Sobrebarriga,Carnes,25,domicilio,54000,Domingo,domingo
2024-07-14,Pechuga Asada,Carnes,7,mesa,52000,Domingo,domingo
2024-07-14,Pechuga Asada,Carnes,11,domicilio,52000,Domingo,domingo
2024-07-14,Mojarra 2en1,Pescados,17,mesa,50000,Domingo,domingo
2024-07-14,Mojarra 2en1,Pescados,17,domicilio,50000,Domingo,domingo
2024-07-14,Trucha 2en1,Pescados,3,mesa,50000,Domingo,domingo
2024-07-14,Trucha 2en1,Pescados,4,domicilio,50000,Domingo,domingo
2024-07-14,Tierra Aire Mar,Pescados,2,mesa,90000,Domingo,domingo
2024-07-14,Tierra Aire Mar,Pescados,2,domicilio,90000,Domingo,domingo
2024-07-14,Arroz con Pollo,Arroces,24,mesa,45000,Domingo,domingo
2024-07-14,Arroz con Pollo,Arroces,27,domicilio,45000,Domingo,domingo
2024-07-16,Lengua en salsa,Sopas,1,mesa,60000,Martes,entre_semana
2024-07-16,Lengua en salsa,Sopas,1,domicilio,60000,Martes,entre_semana
2024-07-16,Sancocho de Gallina,Sopas,3,mesa,60000,Martes,entre_semana
2024-07-16,Sancocho de Gallina,Sopas,3,domicilio,60000,Martes,entre_semana
2024-07-16,Frijoles con Pezuña,Sopas,3,mesa,50000,Martes,entre_semana
2024-07-16,Frijoles con Pezuña,Sopas,2,domicilio,50000,Martes,entre_semana
2024-07-16,Pata,Sopas,1,mesa,27000,Martes,entre_semana
2024-07-16,Pata,Sopas,1,domicilio,27000,Martes,entre_semana
2024-07-16,Cola de Buey,Sopas,3,mesa,60000,Martes,entre_semana
2024-07-16,Cola de Buey,Sopas,5,domicilio,60000,Martes,entre_semana
2024-07-16,Cazuela de Mariscos,Sopas,1,mesa,53000,Martes,entre_semana
2024-07-16,Cazuela de Mariscos,Sopas,1,domicilio,53000,Martes,entre_semana
2024-07-16,Carne Asada (Chatas),Carnes,9,mesa,56000,Martes,entre_semana
2024-07-16,Carne Asada (Chatas),Carnes,10,domicilio,56000,Martes,entre_semana
2024-07-16,Carne Oreada,Carnes,3,mesa,56000,Martes,entre_semana
2024-07-16,Carne Oreada,Carnes,3,domicilio,56000,Martes,entre_semana
2024-07-16,Cabro con Pepitoria,Carnes,7,mesa,56000,Martes,entre_semana
2024-07-16,Cabro con Pepitoria,Carnes,10,domicilio,56000,Martes,entre_semana
2024-07-16,Costillas de Cerdo,Carnes,4,mesa,54000,Martes,entre_semana
2024-07-16,Costillas de Cerdo,Carnes,5,domicilio,54000,Martes,entre_semana
2024-07-16,Lomo de Cerdo,Carnes,4,mesa,54000,Martes,entre_semana
2024-07-16,Lomo de Cerdo,Carnes,4,domicilio,54000,Martes,entre_semana
2024-07-16,Sobrebarriga,Carnes,12,mesa,54000,Martes,entre_semana
2024-07-16,Sobrebarriga,Carnes,10,domicilio,54000,Martes,entre_semana
2024-07-16,Pechuga Asada,Carnes,2,mesa,52000,Martes,entre_semana
2024-07-16,Pechuga Asada,Carnes,4,domicilio,52000,Martes,entre_semana
2024-07-16,Mojarra 2en1,Pescados,4,mesa,50000,Martes,entre_semana
2024-07-16,Mojarra 2en1,Pescados,4,domicilio,50000,Martes,entre_semana
2024-07-16,Trucha 2en1,Pescados,1,mesa,50000,Martes,entre_semana
2024-07-16,Trucha 2en1,Pescados,1,domicilio,50000,Martes,entre_semana
2024-07-16,Tierra Aire Mar,Pescados,1,domicilio,90000,Martes,entre_semana
2024-07-16,Arroz con Pollo,Arroces,7,mesa,45000,Martes,entre_semana
2024-07-16,Arroz con Pollo,Arroces,9,domicilio,45000,Martes,entre_semana
2024-07-16,Almuerzo Ejecutivo,Corrientes,39,mesa,25000,Martes,entre_semana
2024-07-16,Almuerzo Ejecutivo,Corrientes,50,domicilio,25000,Martes,entre_semana
2024-07-17,Lengua en salsa,Sopas,1,mesa,60000,Miércoles,entre_semana
2024-07-17,Lengua en salsa,Sopas,1,domicilio,60000,Miércoles,entre_semana
2024-07-17,Sancocho de Gallina,Sopas,3,mesa,60000,Miércoles,entre_semana
2024-07-17,Sancocho de Gallina,Sopas,3,domicilio,60000,Miércoles,entre_semana
2024-07-17,Frijoles con Pezuña,Sopas,3,mesa,50000,Miércoles,entre_semana
2024-07-17,Frijoles con Pezuña,Sopas,2,domicilio,50000,Miércoles,entre_semana
2024-07-17,Pata,Sopas,1,mesa,27000,Miércoles,entre_semana
2024-07-17,Pata,Sopas,1,domicilio,27000,Miércoles,entre_semana
2024-07-17,Cola de Buey,Sopas,2,mesa,60000,Miércoles,entre_semana
2024-07-17,Cola de Buey,Sopas,4,domicilio,60000,Miércoles,entre_semana
2024-07-17,Cazuela de Mariscos,Sopas,1,mesa,53000,Miércoles,entre_semana
2024-07-17,Cazuela de Mariscos,Sopas,1,domicilio,53000,Miércoles,entre_semana
2024-07-17,Carne Asada (Chatas),Carnes,8,mesa,56000,Miércoles,entre_semana
2024-07-17,Carne Asada (Chatas),Carnes,10,domicilio,56000,Miércoles,entre_semana
2024-07-17,Carne Oreada,Carnes,3,mesa,56000,Miércoles,entre_semana
2024-07-17,Carne Oreada,Carnes,3,domicilio,56000,Miércoles,entre_semana
2024-07-17,Cabro con Pepitoria,Carnes,9,mesa,56000,Miércoles,entre_semana
2024-07-17,Cabro con Pepitoria,Carnes,8,domicilio,56000,Miércoles,entre_semana
2024-07-17,Costillas de Cerdo,Carnes,5,mesa,54000,Miércoles,entre_semana
2024-07-17,Costillas de Cerdo,Carnes,6,domicilio,54000,Miércoles,entre_semana
2024-07-17,Lomo de Cerdo,Carnes,3,mesa,54000,Miércoles,entre_semana
2024-07-17,Lomo de Cerdo,Carnes,4,domicilio,54000,Miércoles,entre_semana
2024-07-17,Sobrebarriga,Carnes,10,mesa,54000,Miércoles,entre_semana
2024-07-17,Sobrebarriga,Carnes,9,domicilio,54000,Miércoles,entre_semana
2024-07-17,Pechuga Asada,Carnes,2,mesa,52000,Miércoles,entre_semana
2024-07-17,Pechuga Asada,Carnes,4,domicilio,52000,Miércoles,entre_semana
2024-07-17,Mojarra 2en1,Pescados,4,mesa,50000,Miércoles,entre_semana
2024-07-17,Mojarra 2en1,Pescados,4,domicilio,50000,Miércoles,entre_semana
2024-07-17,Trucha 2en1,Pescados,1,mesa,50000,Miércoles,entre_semana
2024-07-17,Trucha 2en1,Pescados,1,domicilio,50000,Miércoles,entre_semana
2024-07-17,Tierra Aire Mar,Pescados,1,domicilio,90000,Miércoles,entre_semana
2024-07-17,Arroz con Pollo,Arroces,7,mesa,45000,Miércoles,entre_semana
2024-07-17,Arroz con Pollo,Arroces,9,domicilio,45000,Miércoles,entre_semana
2024-07-17,Almuerzo Ejecutivo,Corrientes,42,mesa,25000,Miércoles,entre_semana
2024-07-17,Almuerzo Ejecutivo,Corrientes,39,domicilio,25000,Miércoles,entre_semana
2024-07-18,Lengua en salsa,Sopas,1,mesa,60000,Jueves,entre_semana
2024-07-18,Lengua en salsa,Sopas,1,domicilio,60000,Jueves,entre_semana
2024-07-18,Sancocho de Gallina,Sopas,3,mesa,60000,Jueves,entre_semana
2024-07-18,Sancocho de Gallina,Sopas,3,domicilio,60000,Jueves,entre_semana
2024-07-18,Frijoles con Pezuña,Sopas,3,mesa,50000,Jueves,entre_semana
2024-07-18,Frijoles con Pezuña,Sopas,2,domicilio,50000,Jueves,entre_semana
2024-07-18,Pata,Sopas,1,mesa,27000,Jueves,entre_semana
2024-07-18,Pata,Sopas,1,domicilio,27000,Jueves,entre_semana
2024-07-18,Cola de Buey,Sopas,3,mesa,60000,Jueves,entre_semana
2024-07-18,Cola de Buey,Sopas,4,domicilio,60000,Jueves,entre_semana
2024-07-18,Cazuela de Mariscos,Sopas,1,mesa,53000,Jueves,entre_semana
2024-07-18,Cazuela de Mariscos,Sopas,1,domicilio,53000,Jueves,entre_semana
2024-07-18,Carne Asada (Chatas),Carnes,10,mesa,56000,Jueves,entre_semana
2024-07-18,Carne Asada (Chatas),Carnes,8,domicilio,56000,Jueves,entre_semana
2024-07-18,Carne Oreada,Carnes,3,mesa,56000,Jueves,entre_semana
2024-07-18,Carne Oreada,Carnes,2,domicilio,56000,Jueves,entre_semana
2024-07-18,Cabro con Pepitoria,Carnes,11,mesa,56000,Jueves,entre_semana
2024-07-18,Cabro con Pepitoria,Carnes,10,domicilio,56000,Jueves,entre_semana
2024-07-18,Costillas de Cerdo,Carnes,5,mesa,54000,Jueves,entre_semana
2024-07-18,Costillas de Cerdo,Carnes,5,domicilio,54000,Jueves,entre_semana
2024-07-18,Lomo de Cerdo,Carnes,4,mesa,54000,Jueves,entre_semana
2024-07-18,Lomo de Cerdo,Carnes,4,domicilio,54000,Jueves,entre_semana
2024-07-18,Sobrebarriga,Carnes,10,mesa,54000,Jueves,entre_semana
2024-07-18,Sobrebarriga,Carnes,10,domicilio,54000,Jueves,entre_semana
2024-07-18,Pechuga Asada,Carnes,2,mesa,52000,Jueves,entre_semana
2024-07-18,Pechuga Asada,Carnes,3,domicilio,52000,Jueves,entre_semana
2024-07-18,Mojarra 2en1,Pescados,4,mesa,50000,Jueves,entre_semana
2024-07-18,Mojarra 2en1,Pescados,4,domicilio,50000,Jueves,entre_semana
2024-07-18,Trucha 2en1,Pescados,1,mesa,50000,Jueves,entre_semana
2024-07-18,Trucha 2en1,Pescados,1,domicilio,50000,Jueves,entre_semana
2024-07-18,Tierra Aire Mar,Pescados,1,domicilio,90000,Jueves,entre_semana
2024-07-18,Arroz con Pollo,Arroces,8,mesa,45000,Jueves,entre_semana
2024-07-18,Arroz con Pollo,Arroces,7,domicilio,45000,Jueves,entre_semana
2024-07-18,Almuerzo Ejecutivo,Corrientes,51,mesa,25000,Jueves,entre_semana
2024-07-18,Almuerzo Ejecutivo,Corrientes,38,domicilio,25000,Jueves,entre_semana
2024-07-19,Lengua en salsa,Sopas,1,mesa,60000,Viernes,entre_semana
2024-07-19,Lengua en salsa,Sopas,1,domicilio,60000,Viernes,entre_semana
2024-07-19,Sancocho de Gallina,Sopas,3,mesa,60000,Viernes,entre_semana
2024-07-19,Sancocho de Gallina,Sopas,3,domicilio,60000,Viernes,entre_semana
2024-07-19,Frijoles con Pezuña,Sopas,3,mesa,50000,Viernes,entre_semana
2024-07-19,Frijoles con Pezuña,Sopas,2,domicilio,50000,Viernes,entre_semana
2024-07-19,Pata,Sopas,1,mesa,27000,Viernes,entre_semana
2024-07-19,Pata,Sopas,1,domicilio,27000,Viernes,entre_semana
2024-07-19,Cola de Buey,Sopas,3,mesa,60000,Viernes,entre_semana
2024-07-19,Cola de Buey,Sopas,4,domicilio,60000,Viernes,entre_semana
2024-07-19,Cazuela de Mariscos,Sopas,1,mesa,53000,Viernes,entre_semana
2024-07-19,Cazuela de Mariscos,Sopas,1,domicilio,53000,Viernes,entre_semana
2024-07-19,Carne Asada (Chatas),Carnes,9,mesa,56000,Viernes,entre_semana
2024-07-19,Carne Asada (Chatas),Carnes,8,domicilio,56000,Viernes,entre_semana
2024-07-19,Carne Oreada,Carnes,4,mesa,56000,Viernes,entre_semana
2024-07-19,Carne Oreada,Carnes,3,domicilio,56000,Viernes,entre_semana
2024-07-19,Cabro con Pepitoria,Carnes,7,mesa,56000,Viernes,entre_semana
2024-07-19,Cabro con Pepitoria,Carnes,10,domicilio,56000,Viernes,entre_semana
2024-07-19,Costillas de Cerdo,Carnes,6,mesa,54000,Viernes,entre_semana
2024-07-19,Costillas de Cerdo,Carnes,7,domicilio,54000,Viernes,entre_semana
2024-07-19,Lomo de Cerdo,Carnes,4,mesa,54000,Viernes,entre_semana
2024-07-19,Lomo de Cerdo,Carnes,3,domicilio,54000,Viernes,entre_semana
2024-07-19,Sobrebarriga,Carnes,8,mesa,54000,Viernes,entre_semana
2024-07-19,Sobrebarriga,Carnes,10,domicilio,54000,Viernes,entre_semana
2024-07-19,Pechuga Asada,Carnes,2,mesa,52000,Viernes,entre_semana
2024-07-19,Pechuga Asada,Carnes,3,domicilio,52000,Viernes,entre_semana
2024-07-19,Mojarra 2en1,Pescados,4,mesa,50000,Viernes,entre_semana
2024-07-19,Mojarra 2en1,Pescados,4,domicilio,50000,Viernes,entre_semana
2024-07-19,Trucha 2en1,Pescados,1,mesa,50000,Viernes,entre_semana
2024-07-19,Trucha 2en1,Pescados,1,domicilio,50000,Viernes,entre_semana
2024-07-19,Tierra Aire Mar,Pescados,1,domicilio,90000,Viernes,entre_semana
2024-07-19,Arroz con Pollo,Arroces,7,mesa,45000,Viernes,entre_semana
2024-07-19,Arroz con Pollo,Arroces,7,domicilio,45000,Viernes,entre_semana
2024-07-19,Almuerzo Ejecutivo,Corrientes,41,mesa,25000,Viernes,entre_semana
2024-07-19,Almuerzo Ejecutivo,Corrientes,50,domicilio,25000,Viernes,entre_semana
2024-07-20,Lengua en salsa,Sopas,3,mesa,60000,Sábado,festivo
2024-07-20,Lengua en salsa,Sopas,2,domicilio,60000,Sábado,festivo
2024-07-20,Mute,Sopas,25,mesa,30000,Sábado,festivo
2024-07-20,Mute,Sopas,25,domicilio,30000,Sábado,festivo
2024-07-20,Sancocho de Gallina,Sopas,16,mesa,60000,Sábado,festivo
2024-07-20,Sancocho de Gallina,Sopas,13,domicilio,60000,Sábado,festivo
2024-07-20,Pata,Sopas,3,mesa,27000,Sábado,festivo
2024-07-20,Pata,Sopas,2,domicilio,27000,Sábado,festivo
2024-07-20,Cola de Buey,Sopas,8,mesa,60000,Sábado,festivo
2024-07-20,Cola de Buey,Sopas,9,domicilio,60000,Sábado,festivo
2024-07-20,Cazuela de Mariscos,Sopas,3,mesa,53000,Sábado,festivo
2024-07-20,Cazuela de Mariscos,Sopas,2,domicilio,53000,Sábado,festivo
2024-07-20,Carne Asada (Chatas),Carnes,22,mesa,56000,Sábado,festivo
2024-07-20,Carne Asada (Chatas),Carnes,16,domicilio,56000,Sábado,festivo
2024-07-20,Carne Oreada,Carnes,7,mesa,56000,Sábado,festivo
2024-07-20,Carne Oreada,Carnes,8,domicilio,56000,Sábado,festivo
2024-07-20,Cabro con Pepitoria,Carnes,16,mesa,56000,Sábado,festivo
2024-07-20,Cabro con Pepitoria,Carnes,17,domicilio,56000,Sábado,festivo
2024-07-20,Costillas de Cerdo,Carnes,12,mesa,54000,Sábado,festivo
2024-07-20,Costillas de Cerdo,Carnes,13,domicilio,54000,Sábado,festivo
2024-07-20,Lomo de Cerdo,Carnes,8,mesa,54000,Sábado,festivo
2024-07-20,Lomo de Cerdo,Carnes,6,domicilio,54000,Sábado,festivo
2024-07-20,Sobrebarriga,Carnes,25,mesa,54000,Sábado,festivo
2024-07-20,Sobrebarriga,Carnes,26,domicilio,54000,Sábado,festivo
2024-07-20,Pechuga Asada,Carnes,6,mesa,52000,Sábado,festivo
2024-07-20,Pechuga Asada,Carnes,6,domicilio,52000,Sábado,festivo
2024-07-20,Mojarra 2en1,Pescados,8,mesa,50000,Sábado,festivo
2024-07-20,Mojarra 2en1,Pescados,9,domicilio,50000,Sábado,festivo
2024-07-20,Trucha 2en1,Pescados,3,mesa,50000,Sábado,festivo
2024-07-20,Trucha 2en1,Pescados,3,domicilio,50000,Sábado,festivo
2024-07-20,Tierra Aire Mar,Pescados,1,mesa,90000,Sábado,festivo
2024-07-20,Tierra Aire Mar,Pescados,1,domicilio,90000,Sábado,festivo
2024-07-20,Arroz con Pollo,Arroces,21,mesa,45000,Sábado,festivo
2024-07-20,Arroz con Pollo,Arroces,19,domicilio,45000,Sábado,festivo
2024-07-21,Lengua en salsa,Sopas,4,mesa,60000,Domingo,domingo
2024-07-21,Lengua en salsa,Sopas,3,domicilio,60000,Domingo,domingo
2024-07-21,Mute,Sopas,38,mesa,30000,Domingo,domingo
2024-07-21,Mute,Sopas,32,domicilio,30000,Domingo,domingo
2024-07-21,Sancocho de Gallina,Sopas,24,mesa,60000,Domingo,domingo
2024-07-21,Sancocho de Gallina,Sopas,23,domicilio,60000,Domingo,domingo
2024-07-21,Pata,Sopas,6,mesa,27000,Domingo,domingo
2024-07-21,Pata,Sopas,5,domicilio,27000,Domingo,domingo
2024-07-21,Cola de Buey,Sopas,8,mesa,60000,Domingo,domingo
2024-07-21,Cola de Buey,Sopas,16,domicilio,60000,Domingo,domingo
2024-07-21,Cazuela de Mariscos,Sopas,3,mesa,53000,Domingo,domingo
2024-07-21,Cazuela de Mariscos,Sopas,3,domicilio,53000,Domingo,domingo
2024-07-21,Carne Asada (Chatas),Carnes,32,mesa,56000,Domingo,domingo
2024-07-21,Carne Asada (Chatas),Carnes,31,domicilio,56000,Domingo,domingo
2024-07-21,Carne Oreada,Carnes,9,mesa,56000,Domingo,domingo
2024-07-21,Carne Oreada,Carnes,9,domicilio,56000,Domingo,domingo
2024-07-21,Cabro con Pepitoria,Carnes,25,mesa,56000,Domingo,domingo
2024-07-21,Cabro con Pepitoria,Carnes,32,domicilio,56000,Domingo,domingo
2024-07-21,Costillas de Cerdo,Carnes,12,mesa,54000,Domingo,domingo
2024-07-21,Costillas de Cerdo,Carnes,18,domicilio,54000,Domingo,domingo
2024-07-21,Lomo de Cerdo,Carnes,14,mesa,54000,Domingo,domingo
2024-07-21,Lomo de Cerdo,Carnes,12,domicilio,54000,Domingo,domingo
2024-07-21,Sobrebarriga,Carnes,27,mesa,54000,Domingo,domingo
2024-07-21,Sobrebarriga,Carnes,30,domicilio,54000,Domingo,domingo
2024-07-21,Pechuga Asada,Carnes,9,mesa,52000,Domingo,domingo
2024-07-21,Pechuga Asada,Carnes,12,domicilio,52000,Domingo,domingo
2024-07-21,Mojarra 2en1,Pescados,17,mesa,50000,Domingo,domingo
2024-07-21,Mojarra 2en1,Pescados,15,domicilio,50000,Domingo,domingo
2024-07-21,Trucha 2en1,Pescados,3,mesa,50000,Domingo,domingo
2024-07-21,Trucha 2en1,Pescados,4,domicilio,50000,Domingo,domingo
2024-07-21,Tierra Aire Mar,Pescados,2,mesa,90000,Domingo,domingo
2024-07-21,Tierra Aire Mar,Pescados,2,domicilio,90000,Domingo,domingo
2024-07-21,Arroz con Pollo,Arroces,24,mesa,45000,Domingo,domingo
2024-07-21,Arroz con Pollo,Arroces,26,domicilio,45000,Domingo,domingo
2024-07-23,Lengua en salsa,Sopas,1,mesa,60000,Martes,entre_semana
2024-07-23,Lengua en salsa,Sopas,1,domicilio,60000,Martes,entre_semana
2024-07-23,Sancocho de Gallina,Sopas,3,mesa,60000,Martes,entre_semana
2024-07-23,Sancocho de Gallina,Sopas,3,domicilio,60000,Martes,entre_semana
2024-07-23,Frijoles con Pezuña,Sopas,3,mesa,50000,Martes,entre_semana
2024-07-23,Frijoles con Pezuña,Sopas,2,domicilio,50000,Martes,entre_semana
2024-07-23,Pata,Sopas,1,mesa,27000,Martes,entre_semana
2024-07-23,Pata,Sopas,1,domicilio,27000,Martes,entre_semana
2024-07-23,Cola de Buey,Sopas,4,mesa,60000,Martes,entre_semana
2024-07-23,Cola de Buey,Sopas,4,domicilio,60000,Martes,entre_semana
2024-07-23,Cazuela de Mariscos,Sopas,1,mesa,53000,Martes,entre_semana
2024-07-23,Cazuela de Mariscos,Sopas,1,domicilio,53000,Martes,entre_semana
2024-07-23,Carne Asada (Chatas),Carnes,9,mesa,56000,Martes,entre_semana
2024-07-23,Carne Asada (Chatas),Carnes,9,domicilio,56000,Martes,entre_semana
2024-07-23,Carne Oreada,Carnes,3,mesa,56000,Martes,entre_semana
2024-07-23,Carne Oreada,Carnes,3,domicilio,56000,Martes,entre_semana
2024-07-23,Cabro con Pepitoria,Carnes,10,mesa,56000,Martes,entre_semana
2024-07-23,Cabro con Pepitoria,Carnes,10,domicilio,56000,Martes,entre_semana
2024-07-23,Costillas de Cerdo,Carnes,4,mesa,54000,Martes,entre_semana
2024-07-23,Costillas de Cerdo,Carnes,7,domicilio,54000,Martes,entre_semana
2024-07-23,Lomo de Cerdo,Carnes,4,mesa,54000,Martes,entre_semana
2024-07-23,Lomo de Cerdo,Carnes,4,domicilio,54000,Martes,entre_semana
2024-07-23,Sobrebarriga,Carnes,11,mesa,54000,Martes,entre_semana
2024-07-23,Sobrebarriga,Carnes,12,domicilio,54000,Martes,entre_semana
2024-07-23,Pechuga Asada,Carnes,2,mesa,52000,Martes,entre_semana
2024-07-23,Pechuga Asada,Carnes,4,domicilio,52000,Martes,entre_semana
2024-07-23,Mojarra 2en1,Pescados,4,mesa,50000,Martes,entre_semana
2024-07-23,Mojarra 2en1,Pescados,3,domicilio,50000,Martes,entre_semana
2024-07-23,Trucha 2en1,Pescados,1,mesa,50000,Martes,entre_semana
2024-07-23,Trucha 2en1,Pescados,1,domicilio,50000,Martes,entre_semana
2024-07-23,Tierra Aire Mar,Pescados,1,domicilio,90000,Martes,entre_semana
2024-07-23,Arroz con Pollo,Arroces,7,mesa,45000,Martes,entre_semana
2024-07-23,Arroz con Pollo,Arroces,8,domicilio,45000,Martes,entre_semana
2024-07-23,Almuerzo Ejecutivo,Corrientes,39,mesa,25000,Martes,entre_semana
2024-07-23,Almuerzo Ejecutivo,Corrientes,53,domicilio,25000,Martes,entre_semana
2024-07-24,Lengua en salsa,Sopas,1,mesa,60000,Miércoles,entre_semana
2024-07-24,Lengua en salsa,Sopas,1,domicilio,60000,Miércoles,entre_semana
2024-07-24,Sancocho de Gallina,Sopas,3,mesa,60000,Miércoles,entre_semana
2024-07-24,Sancocho de Gallina,Sopas,3,domicilio,60000,Miércoles,entre_semana
2024-07-24,Frijoles con Pezuña,Sopas,3,mesa,50000,Miércoles,entre_semana
2024-07-24,Frijoles con Pezuña,Sopas,2,domicilio,50000,Miércoles,entre_semana
2024-07-24,Pata,Sopas,1,mesa,27000,Miércoles,entre_semana
2024-07-24,Pata,Sopas,1,domicilio,27000,Miércoles,entre_semana
2024-07-24,Cola de Buey,Sopas,3,mesa,60000,Miércoles,entre_semana
2024-07-24,Cola de Buey,Sopas,4,domicilio,60000,Miércoles,entre_semana
2024-07-24,Cazuela de Mariscos,Sopas,1,mesa,53000,Miércoles,entre_semana
2024-07-24,Cazuela de Mariscos,Sopas,1,domicilio,53000,Miércoles,entre_semana
2024-07-24,Carne Asada (Chatas),Carnes,11,mesa,56000,Miércoles,entre_semana
2024-07-24,Carne Asada (Chatas),Carnes,8,domicilio,56000,Miércoles,entre_semana
2024-07-24,Carne Oreada,Carnes,3,mesa,56000,Miércoles,entre_semana
2024-07-24,Carne Oreada,Carnes,3,domicilio,56000,Miércoles,entre_semana
2024-07-24,Cabro con Pepitoria,Carnes,7,mesa,56000,Miércoles,entre_semana
2024-07-24,Cabro con Pepitoria,Carnes,11,domicilio,56000,Miércoles,entre_semana
2024-07-24,Costillas de Cerdo,Carnes,6,mesa,54000,Miércoles,entre_semana
2024-07-24,Costillas de Cerdo,Carnes,6,domicilio,54000,Miércoles,entre_semana
2024-07-24,Lomo de Cerdo,Carnes,4,mesa,54000,Miércoles,entre_semana
2024-07-24,Lomo de Cerdo,Carnes,5,domicilio,54000,Miércoles,entre_semana
2024-07-24,Sobrebarriga,Carnes,9,mesa,54000,Miércoles,entre_semana
2024-07-24,Sobrebarriga,Carnes,10,domicilio,54000,Miércoles,entre_semana
2024-07-24,Pechuga Asada,Carnes,2,mesa,52000,Miércoles,entre_semana
2024-07-24,Pechuga Asada,Carnes,3,domicilio,52000,Miércoles,entre_semana
2024-07-24,Mojarra 2en1,Pescados,4,mesa,50000,Miércoles,entre_semana
2024-07-24,Mojarra 2en1,Pescados,4,domicilio,50000,Miércoles,entre_semana
2024-07-24,Trucha 2en1,Pescados,1,mesa,50000,Miércoles,entre_semana
2024-07-24,Trucha 2en1,Pescados,1,domicilio,50000,Miércoles,entre_semana
2024-07-24,Tierra Aire Mar,Pescados,1,domicilio,90000,Miércoles,entre_semana
2024-07-24,Arroz con Pollo,Arroces,9,mesa,45000,Miércoles,entre_semana
2024-07-24,Arroz con Pollo,Arroces,9,domicilio,45000,Miércoles,entre_semana
2024-07-24,Almuerzo Ejecutivo,Corrientes,41,mesa,25000,Miércoles,entre_semana
2024-07-24,Almuerzo Ejecutivo,Corrientes,53,domicilio,25000,Miércoles,entre_semana
2024-07-25,Lengua en salsa,Sopas,1,mesa,60000,Jueves,entre_semana
2024-07-25,Lengua en salsa,Sopas,1,domicilio,60000,Jueves,entre_semana
2024-07-25,Sancocho de Gallina,Sopas,3,mesa,60000,Jueves,entre_semana
2024-07-25,Sancocho de Gallina,Sopas,3,domicilio,60000,Jueves,entre_semana
2024-07-25,Frijoles con Pezuña,Sopas,3,mesa,50000,Jueves,entre_semana
2024-07-25,Frijoles con Pezuña,Sopas,2,domicilio,50000,Jueves,entre_semana
2024-07-25,Pata,Sopas,1,mesa,27000,Jueves,entre_semana
2024-07-25,Pata,Sopas,1,domicilio,27000,Jueves,entre_semana
2024-07-25,Cola de Buey,Sopas,3,mesa,60000,Jueves,entre_semana
2024-07-25,Cola de Buey,Sopas,4,domicilio,60000,Jueves,entre_semana
2024-07-25,Cazuela de Mariscos,Sopas,1,mesa,53000,Jueves,entre_semana
2024-07-25,Cazuela de Mariscos,Sopas,1,domicilio,53000,Jueves,entre_semana
2024-07-25,Carne Asada (Chatas),Carnes,8,mesa,56000,Jueves,entre_semana
2024-07-25,Carne Asada (Chatas),Carnes,9,domicilio,56000,Jueves,entre_semana
2024-07-25,Carne Oreada,Carnes,3,mesa,56000,Jueves,entre_semana
2024-07-25,Carne Oreada,Carnes,3,domicilio,56000,Jueves,entre_semana
2024-07-25,Cabro con Pepitoria,Carnes,10,mesa,56000,Jueves,entre_semana
2024-07-25,Cabro con Pepitoria,Carnes,11,domicilio,56000,Jueves,entre_semana
2024-07-25,Costillas de Cerdo,Carnes,5,mesa,54000,Jueves,entre_semana
2024-07-25,Costillas de Cerdo,Carnes,7,domicilio,54000,Jueves,entre_semana
2024-07-25,Lomo de Cerdo,Carnes,4,mesa,54000,Jueves,entre_semana
2024-07-25,Lomo de Cerdo,Carnes,4,domicilio,54000,Jueves,entre_semana
2024-07-25,Sobrebarriga,Carnes,9,mesa,54000,Jueves,entre_semana
2024-07-25,Sobrebarriga,Carnes,8,domicilio,54000,Jueves,entre_semana
2024-07-25,Pechuga Asada,Carnes,2,mesa,52000,Jueves,entre_semana
2024-07-25,Pechuga Asada,Carnes,4,domicilio,52000,Jueves,entre_semana
2024-07-25,Mojarra 2en1,Pescados,4,mesa,50000,Jueves,entre_semana
2024-07-25,Mojarra 2en1,Pescados,4,domicilio,50000,Jueves,entre_semana
2024-07-25,Trucha 2en1,Pescados,1,mesa,50000,Jueves,entre_semana
2024-07-25,Trucha 2en1,Pescados,1,domicilio,50000,Jueves,entre_semana
2024-07-25,Tierra Aire Mar,Pescados,1,domicilio,90000,Jueves,entre_semana
2024-07-25,Arroz con Pollo,Arroces,9,mesa,45000,Jueves,entre_semana
2024-07-25,Arroz con Pollo,Arroces,9,domicilio,45000,Jueves,entre_semana
2024-07-25,Almuerzo Ejecutivo,Corrientes,45,mesa,25000,Jueves,entre_semana
2024-07-25,Almuerzo Ejecutivo,Corrientes,36,domicilio,25000,Jueves,entre_semana
2024-07-26,Lengua en salsa,Sopas,1,mesa,60000,Viernes,entre_semana
2024-07-26,Lengua en salsa,Sopas,1,domicilio,60000,Viernes,entre_semana
2024-07-26,Sancocho de Gallina,Sopas,3,mesa,60000,Viernes,entre_semana
2024-07-26,Sancocho de Gallina,Sopas,3,domicilio,60000,Viernes,entre_semana
2024-07-26,Frijoles con Pezuña,Sopas,3,mesa,50000,Viernes,entre_semana
2024-07-26,Frijoles con Pezuña,Sopas,2,domicilio,50000,Viernes,entre_semana
2024-07-26,Pata,Sopas,1,mesa,27000,Viernes,entre_semana
2024-07-26,Pata,Sopas,1,domicilio,27000,Viernes,entre_semana
2024-07-26,Cola de Buey,Sopas,3,mesa,60000,Viernes,entre_semana
2024-07-26,Cola de Buey,Sopas,4,domicilio,60000,Viernes,entre_semana
2024-07-26,Cazuela de Mariscos,Sopas,1,mesa,53000,Viernes,entre_semana
2024-07-26,Cazuela de Mariscos,Sopas,1,domicilio,53000,Viernes,entre_semana
2024-07-26,Carne Asada (Chatas),Carnes,10,mesa,56000,Viernes,entre_semana
2024-07-26,Carne Asada (Chatas),Carnes,8,domicilio,56000,Viernes,entre_semana
2024-07-26,Carne Oreada,Carnes,3,mesa,56000,Viernes,entre_semana
2024-07-26,Carne Oreada,Carnes,3,domicilio,56000,Viernes,entre_semana
2024-07-26,Cabro con Pepitoria,Carnes,10,mesa,56000,Viernes,entre_semana
2024-07-26,Cabro con Pepitoria,Carnes,10,domicilio,56000,Viernes,entre_semana
2024-07-26,Costillas de Cerdo,Carnes,5,mesa,54000,Viernes,entre_semana
2024-07-26,Costillas de Cerdo,Carnes,5,domicilio,54000,Viernes,entre_semana
2024-07-26,Lomo de Cerdo,Carnes,4,mesa,54000,Viernes,entre_semana
2024-07-26,Lomo de Cerdo,Carnes,4,domicilio,54000,Viernes,entre_semana
2024-07-26,Sobrebarriga,Carnes,9,mesa,54000,Viernes,entre_semana
2024-07-26,Sobrebarriga,Carnes,11,domicilio,54000,Viernes,entre_semana
2024-07-26,Pechuga Asada,Carnes,2,mesa,52000,Viernes,entre_semana
2024-07-26,Pechuga Asada,Carnes,4,domicilio,52000,Viernes,entre_semana
2024-07-26,Mojarra 2en1,Pescados,5,mesa,50000,Viernes,entre_semana
2024-07-26,Mojarra 2en1,Pescados,5,domicilio,50000,Viernes,entre_semana
2024-07-26,Trucha 2en1,Pescados,1,mesa,50000,Viernes,entre_semana
2024-07-26,Trucha 2en1,Pescados,1,domicilio,50000,Viernes,entre_semana
2024-07-26,Tierra Aire Mar,Pescados,1,domicilio,90000,Viernes,entre_semana
2024-07-26,Arroz con Pollo,Arroces,8,mesa,45000,Viernes,entre_semana
2024-07-26,Arroz con Pollo,Arroces,9,domicilio,45000,Viernes,entre_semana
2024-07-26,Almuerzo Ejecutivo,Corrientes,52,mesa,25000,Viernes,entre_semana
2024-07-26,Almuerzo Ejecutivo,Corrientes,51,domicilio,25000,Viernes,entre_semana
2024-07-27,Lengua en salsa,Sopas,2,mesa,60000,Sábado,sabado
2024-07-27,Lengua en salsa,Sopas,2,domicilio,60000,Sábado,sabado
2024-07-27,Mute,Sopas,19,mesa,30000,Sábado,sabado
2024-07-27,Mute,Sopas,15,domicilio,30000,Sábado,sabado
2024-07-27,Sancocho de Gallina,Sopas,12,mesa,60000,Sábado,sabado
2024-07-27,Sancocho de Gallina,Sopas,10,domicilio,60000,Sábado,sabado
2024-07-27,Frijoles con Pezuña,Sopas,4,mesa,50000,Sábado,sabado
2024-07-27,Frijoles con Pezuña,Sopas,5,domicilio,50000,Sábado,sabado
2024-07-27,Pata,Sopas,3,mesa,27000,Sábado,sabado
2024-07-27,Pata,Sopas,2,domicilio,27000,Sábado,sabado
2024-07-27,Cola de Buey,Sopas,5,mesa,60000,Sábado,sabado
2024-07-27,Cola de Buey,Sopas,7,domicilio,60000,Sábado,sabado
2024-07-27,Cazuela de Mariscos,Sopas,2,mesa,53000,Sábado,sabado
2024-07-27,Cazuela de Mariscos,Sopas,2,domicilio,53000,Sábado,sabado
2024-07-27,Carne Asada (Chatas),Carnes,13,mesa,56000,Sábado,sabado
2024-07-27,Carne Asada (Chatas),Carnes,14,domicilio,56000,Sábado,sabado
2024-07-27,Carne Oreada,Carnes,6,mesa,56000,Sábado,sabado
2024-07-27,Carne Oreada,Carnes,3,domicilio,56000,Sábado,sabado
2024-07-27,Cabro con Pepitoria,Carnes,14,mesa,56000,Sábado,sabado
2024-07-27,Cabro con Pepitoria,Carnes,13,domicilio,56000,Sábado,sabado
2024-07-27,Costillas de Cerdo,Carnes,7,mesa,54000,Sábado,sabado
2024-07-27,Costillas de Cerdo,Carnes,11,domicilio,54000,Sábado,sabado
2024-07-27,Lomo de Cerdo,Carnes,6,mesa,54000,Sábado,sabado
2024-07-27,Lomo de Cerdo,Carnes,5,domicilio,54000,Sábado,sabado
2024-07-27,Sobrebarriga,Carnes,14,mesa,54000,Sábado,sabado
2024-07-27,Sobrebarriga,Carnes,12,domicilio,54000,Sábado,sabado
2024-07-27,Pechuga Asada,Carnes,5,mesa,52000,Sábado,sabado
2024-07-27,Pechuga Asada,Carnes,6,domicilio,52000,Sábado,sabado
2024-07-27,Mojarra 2en1,Pescados,9,mesa,50000,Sábado,sabado
2024-07-27,Mojarra 2en1,Pescados,7,domicilio,50000,Sábado,sabado
2024-07-27,Trucha 2en1,Pescados,2,mesa,50000,Sábado,sabado
2024-07-27,Trucha 2en1,Pescados,2,domicilio,50000,Sábado,sabado
2024-07-27,Tierra Aire Mar,Pescados,1,mesa,90000,Sábado,sabado
2024-07-27,Tierra Aire Mar,Pescados,1,domicilio,90000,Sábado,sabado
2024-07-27,Arroz con Pollo,Arroces,12,mesa,45000,Sábado,sabado
2024-07-27,Arroz con Pollo,Arroces,10,domicilio,45000,Sábado,sabado
2024-07-27,Almuerzo Ejecutivo,Corrientes,40,domicilio,25000,Sábado,sabado
2024-07-28,Lengua en salsa,Sopas,4,mesa,60000,Domingo,domingo
2024-07-28,Lengua en salsa,Sopas,3,domicilio,60000,Domingo,domingo
2024-07-28,Mute,Sopas,33,mesa,30000,Domingo,domingo
2024-07-28,Mute,Sopas,27,domicilio,30000,Domingo,domingo
2024-07-28,Sancocho de Gallina,Sopas,22,mesa,60000,Domingo,domingo
2024-07-28,Sancocho de Gallina,Sopas,19,domicilio,60000,Domingo,domingo
2024-07-28,Pata,Sopas,6,mesa,27000,Domingo,domingo
2024-07-28,Pata,Sopas,4,domicilio,27000,Domingo,domingo
2024-07-28,Cola de Buey,Sopas,11,mesa,60000,Domingo,domingo
2024-07-28,Cola de Buey,Sopas,15,domicilio,60000,Domingo,domingo
2024-07-28,Cazuela de Mariscos,Sopas,5,mesa,53000,Domingo,domingo
2024-07-28,Cazuela de Mariscos,Sopas,3,domicilio,53000,Domingo,domingo
2024-07-28,Carne Asada (Chatas),Carnes,33,mesa,56000,Domingo,domingo
2024-07-28,Carne Asada (Chatas),Carnes,22,domicilio,56000,Domingo,domingo
2024-07-28,Carne Oreada,Carnes,12,mesa,56000,Domingo,domingo
2024-07-28,Carne Oreada,Carnes,9,domicilio,56000,Domingo,domingo
2024-07-28,Cabro con Pepitoria,Carnes,33,mesa,56000,Domingo,domingo
2024-07-28,Cabro con Pepitoria,Carnes,28,domicilio,56000,Domingo,domingo
2024-07-28,Costillas de Cerdo,Carnes,16,mesa,54000,Domingo,domingo
2024-07-28,Costillas de Cerdo,Carnes,24,domicilio,54000,Domingo,domingo
2024-07-28,Lomo de Cerdo,Carnes,14,mesa,54000,Domingo,domingo
2024-07-28,Lomo de Cerdo,Carnes,11,domicilio,54000,Domingo,domingo
2024-07-28,Sobrebarriga,Carnes,35,mesa,54000,Domingo,domingo
2024-07-28,Sobrebarriga,Carnes,35,domicilio,54000,Domingo,domingo
2024-07-28,Pechuga Asada,Carnes,8,mesa,52000,Domingo,domingo
2024-07-28,Pechuga Asada,Carnes,12,domicilio,52000,Domingo,domingo
2024-07-28,Mojarra 2en1,Pescados,14,mesa,50000,Domingo,domingo
2024-07-28,Mojarra 2en1,Pescados,17,domicilio,50000,Domingo,domingo
2024-07-28,Trucha 2en1,Pescados,5,mesa,50000,Domingo,domingo
2024-07-28,Trucha 2en1,Pescados,4,domicilio,50000,Domingo,domingo
2024-07-28,Tierra Aire Mar,Pescados,2,mesa,90000,Domingo,domingo
2024-07-28,Tierra Aire Mar,Pescados,2,domicilio,90000,Domingo,domingo
2024-07-28,Arroz con Pollo,Arroces,20,mesa,45000,Domingo,domingo
2024-07-28,Arroz con Pollo,Arroces,29,domicilio,45000,Domingo,domingo
2024-07-30,Lengua en salsa,Sopas,1,mesa,60000,Martes,entre_semana
2024-07-30,Lengua en salsa,Sopas,1,domicilio,60000,Martes,entre_semana
2024-07-30,Sancocho de Gallina,Sopas,4,mesa,60000,Martes,entre_semana
2024-07-30,Sancocho de Gallina,Sopas,3,domicilio,60000,Martes,entre_semana
2024-07-30,Frijoles con Pezuña,Sopas,4,mesa,50000,Martes,entre_semana
2024-07-30,Frijoles con Pezuña,Sopas,2,domicilio,50000,Martes,entre_semana
2024-07-30,Pata,Sopas,1,mesa,27000,Martes,entre_semana
2024-07-30,Pata,Sopas,1,domicilio,27000,Martes,entre_semana
2024-07-30,Cola de Buey,Sopas,3,mesa,60000,Martes,entre_semana
2024-07-30,Cola de Buey,Sopas,4,domicilio,60000,Martes,entre_semana
2024-07-30,Cazuela de Mariscos,Sopas,1,mesa,53000,Martes,entre_semana
2024-07-30,Cazuela de Mariscos,Sopas,1,domicilio,53000,Martes,entre_semana
2024-07-30,Carne Asada (Chatas),Carnes,8,mesa,56000,Martes,entre_semana
2024-07-30,Carne Asada (Chatas),Carnes,9,domicilio,56000,Martes,entre_semana
2024-07-30,Carne Oreada,Carnes,3,mesa,56000,Martes,entre_semana
2024-07-30,Carne Oreada,Carnes,4,domicilio,56000,Martes,entre_semana
2024-07-30,Cabro con Pepitoria,Carnes,10,mesa,56000,Martes,entre_semana
2024-07-30,Cabro con Pepitoria,Carnes,10,domicilio,56000,Martes,entre_semana
2024-07-30,Costillas de Cerdo,Carnes,6,mesa,54000,Martes,entre_semana
2024-07-30,Costillas de Cerdo,Carnes,7,domicilio,54000,Martes,entre_semana
2024-07-30,Lomo de Cerdo,Carnes,3,mesa,54000,Martes,entre_semana
2024-07-30,Lomo de Cerdo,Carnes,4,domicilio,54000,Martes,entre_semana
2024-07-30,Sobrebarriga,Carnes,9,mesa,54000,Martes,entre_semana
2024-07-30,Sobrebarriga,Carnes,8,domicilio,54000,Martes,entre_semana
2024-07-30,Pechuga Asada,Carnes,2,mesa,52000,Martes,entre_semana
2024-07-30,Pechuga Asada,Carnes,4,domicilio,52000,Martes,entre_semana
2024-07-30,Mojarra 2en1,Pescados,4,mesa,50000,Martes,entre_semana
2024-07-30,Mojarra 2en1,Pescados,4,domicilio,50000,Martes,entre_semana
2024-07-30,Trucha 2en1,Pescados,1,mesa,50000,Martes,entre_semana
2024-07-30,Trucha 2en1,Pescados,1,domicilio,50000,Martes,entre_semana
2024-07-30,Tierra Aire Mar,Pescados,1,domicilio,90000,Martes,entre_semana
2024-07-30,Arroz con Pollo,Arroces,8,mesa,45000,Martes,entre_semana
2024-07-30,Arroz con Pollo,Arroces,6,domicilio,45000,Martes,entre_semana
2024-07-30,Almuerzo Ejecutivo,Corrientes,48,mesa,25000,Martes,entre_semana
2024-07-30,Almuerzo Ejecutivo,Corrientes,46,domicilio,25000,Martes,entre_semana
2024-07-31,Lengua en salsa,Sopas,1,mesa,60000,Miércoles,entre_semana
2024-07-31,Lengua en salsa,Sopas,1,domicilio,60000,Miércoles,entre_semana
2024-07-31,Sancocho de Gallina,Sopas,3,mesa,60000,Miércoles,entre_semana
2024-07-31,Sancocho de Gallina,Sopas,3,domicilio,60000,Miércoles,entre_semana
2024-07-31,Frijoles con Pezuña,Sopas,3,mesa,50000,Miércoles,entre_semana
2024-07-31,Frijoles con Pezuña,Sopas,2,domicilio,50000,Miércoles,entre_semana
2024-07-31,Pata,Sopas,1,mesa,27000,Miércoles,entre_semana
2024-07-31,Pata,Sopas,1,domicilio,27000,Miércoles,entre_semana
2024-07-31,Cola de Buey,Sopas,3,mesa,60000,Miércoles,entre_semana
2024-07-31,Cola de Buey,Sopas,4,domicilio,60000,Miércoles,entre_semana
2024-07-31,Cazuela de Mariscos,Sopas,1,mesa,53000,Miércoles,entre_semana
2024-07-31,Cazuela de Mariscos,Sopas,1,domicilio,53000,Miércoles,entre_semana
2024-07-31,Carne Asada (Chatas),Carnes,9,mesa,56000,Miércoles,entre_semana
2024-07-31,Carne Asada (Chatas),Carnes,9,domicilio,56000,Miércoles,entre_semana
2024-07-31,Carne Oreada,Carnes,3,mesa,56000,Miércoles,entre_semana
2024-07-31,Carne Oreada,Carnes,3,domicilio,56000,Miércoles,entre_semana
2024-07-31,Cabro con Pepitoria,Carnes,9,mesa,56000,Miércoles,entre_semana
2024-07-31,Cabro con Pepitoria,Carnes,8,domicilio,56000,Miércoles,entre_semana
2024-07-31,Costillas de Cerdo,Carnes,5,mesa,54000,Miércoles,entre_semana
2024-07-31,Costillas de Cerdo,Carnes,7,domicilio,54000,Miércoles,entre_semana
2024-07-31,Lomo de Cerdo,Carnes,4,mesa,54000,Miércoles,entre_semana
2024-07-31,Lomo de Cerdo,Carnes,5,domicilio,54000,Miércoles,entre_semana
2024-07-31,Sobrebarriga,Carnes,9,mesa,54000,Miércoles,entre_semana
2024-07-31,Sobrebarriga,Carnes,11,domicilio,54000,Miércoles,entre_semana
2024-07-31,Pechuga Asada,Carnes,2,mesa,52000,Miércoles,entre_semana
2024-07-31,Pechuga Asada,Carnes,4,domicilio,52000,Miércoles,entre_semana
2024-07-31,Mojarra 2en1,Pescados,4,mesa,50000,Miércoles,entre_semana
2024-07-31,Mojarra 2en1,Pescados,4,domicilio,50000,Miércoles,entre_semana
2024-07-31,Trucha 2en1,Pescados,1,mesa,50000,Miércoles,entre_semana
2024-07-31,Trucha 2en1,Pescados,1,domicilio,50000,Miércoles,entre_semana
2024-07-31,Tierra Aire Mar,Pescados,1,domicilio,90000,Miércoles,entre_semana
2024-07-31,Arroz con Pollo,Arroces,6,mesa,45000,Miércoles,entre_semana
2024-07-31,Arroz con Pollo,Arroces,8,domicilio,45000,Miércoles,entre_semana
2024-07-31,Almuerzo Ejecutivo,Corrientes,46,mesa,25000,Miércoles,entre_semana
2024-07-31,Almuerzo Ejecutivo,Corrientes,53,domicilio,25000,Miércoles,entre_semana
2024-08-01,Lengua en salsa,Sopas,1,mesa,60000,Jueves,entre_semana
2024-08-01,Lengua en salsa,Sopas,1,domicilio,60000,Jueves,entre_semana
2024-08-01,Sancocho de Gallina,Sopas,3,mesa,60000,Jueves,entre_semana
2024-08-01,Sancocho de Gallina,Sopas,3,domicilio,60000,Jueves,entre_semana
2024-08-01,Frijoles con Pezuña,Sopas,3,mesa,50000,Jueves,entre_semana
2024-08-01,Frijoles con Pezuña,Sopas,2,domicilio,50000,Jueves,entre_semana
2024-08-01,Pata,Sopas,1,mesa,27000,Jueves,entre_semana
2024-08-01,Pata,Sopas,1,domicilio,27000,Jueves,entre_semana
2024-08-01,Cola de Buey,Sopas,3,mesa,60000,Jueves,entre_semana
2024-08-01,Cola de Buey,Sopas,5,domicilio,60000,Jueves,entre_semana
2024-08-01,Cazuela de Mariscos,Sopas,1,mesa,53000,Jueves,entre_semana
2024-08-01,Cazuela de Mariscos,Sopas,1,domicilio,53000,Jueves,entre_semana
2024-08-01,Carne Asada (Chatas),Carnes,10,mesa,56000,Jueves,entre_semana
2024-08-01,Carne Asada (Chatas),Carnes,10,domicilio,56000,Jueves,entre_semana
2024-08-01,Carne Oreada,Carnes,3,mesa,56000,Jueves,entre_semana
2024-08-01,Carne Oreada,Carnes,4,domicilio,56000,Jueves,entre_semana
2024-08-01,Cabro con Pepitoria,Carnes,11,mesa,56000,Jueves,entre_semana
2024-08-01,Cabro con Pepitoria,Carnes,9,domicilio,56000,Jueves,entre_semana
2024-08-01,Costillas de Cerdo,Carnes,5,mesa,54000,Jueves,entre_semana
2024-08-01,Costillas de Cerdo,Carnes,5,domicilio,54000,Jueves,entre_semana
2024-08-01,Lomo de Cerdo,Carnes,3,mesa,54000,Jueves,entre_semana
2024-08-01,Lomo de Cerdo,Carnes,3,domicilio,54000,Jueves,entre_semana
2024-08-01,Sobrebarriga,Carnes,11,mesa,54000,Jueves,entre_semana
2024-08-01,Sobrebarriga,Carnes,10,domicilio,54000,Jueves,entre_semana
2024-08-01,Pechuga Asada,Carnes,2,mesa,52000,Jueves,entre_semana
2024-08-01,Pechuga Asada,Carnes,3,domicilio,52000,Jueves,entre_semana
2024-08-01,Mojarra 2en1,Pescados,4,mesa,50000,Jueves,entre_semana
2024-08-01,Mojarra 2en1,Pescados,3,domicilio,50000,Jueves,entre_semana
2024-08-01,Trucha 2en1,Pescados,1,mesa,50000,Jueves,entre_semana
2024-08-01,Trucha 2en1,Pescados,1,domicilio,50000,Jueves,entre_semana
2024-08-01,Tierra Aire Mar,Pescados,1,domicilio,90000,Jueves,entre_semana
2024-08-01,Arroz con Pollo,Arroces,8,mesa,45000,Jueves,entre_semana
2024-08-01,Arroz con Pollo,Arroces,7,domicilio,45000,Jueves,entre_semana
2024-08-01,Almuerzo Ejecutivo,Corrientes,47,mesa,25000,Jueves,entre_semana
2024-08-01,Almuerzo Ejecutivo,Corrientes,46,domicilio,25000,Jueves,entre_semana
2024-08-02,Lengua en salsa,Sopas,1,mesa,60000,Viernes,entre_semana
2024-08-02,Lengua en salsa,Sopas,1,domicilio,60000,Viernes,entre_semana
2024-08-02,Sancocho de Gallina,Sopas,3,mesa,60000,Viernes,entre_semana
2024-08-02,Sancocho de Gallina,Sopas,2,domicilio,60000,Viernes,entre_semana
2024-08-02,Frijoles con Pezuña,Sopas,3,mesa,50000,Viernes,entre_semana
2024-08-02,Frijoles con Pezuña,Sopas,2,domicilio,50000,Viernes,entre_semana
2024-08-02,Pata,Sopas,1,mesa,27000,Viernes,entre_semana
2024-08-02,Pata,Sopas,1,domicilio,27000,Viernes,entre_semana
2024-08-02,Cola de Buey,Sopas,3,mesa,60000,Viernes,entre_semana
2024-08-02,Cola de Buey,Sopas,3,domicilio,60000,Viernes,entre_semana
2024-08-02,Cazuela de Mariscos,Sopas,1,mesa,53000,Viernes,entre_semana
2024-08-02,Cazuela de Mariscos,Sopas,1,domicilio,53000,Viernes,entre_semana
2024-08-02,Carne Asada (Chatas),Carnes,9,mesa,56000,Viernes,entre_semana
2024-08-02,Carne Asada (Chatas),Carnes,8,domicilio,56000,Viernes,entre_semana
2024-08-02,Carne Oreada,Carnes,3,mesa,56000,Viernes,entre_semana
2024-08-02,Carne Oreada,Carnes,3,domicilio,56000,Viernes,entre_semana
2024-08-02,Cabro con Pepitoria,Carnes,8,mesa,56000,Viernes,entre_semana
2024-08-02,Cabro con Pepitoria,Carnes,9,domicilio,56000,Viernes,entre_semana
2024-08-02,Costillas de Cerdo,Carnes,6,mesa,54000,Viernes,entre_semana
2024-08-02,Costillas de Cerdo,Carnes,7,domicilio,54000,Viernes,entre_semana
2024-08-02,Lomo de Cerdo,Carnes,3,mesa,54000,Viernes,entre_semana
2024-08-02,Lomo de Cerdo,Carnes,4,domicilio,54000,Viernes,entre_semana
2024-08-02,Sobrebarriga,Carnes,9,mesa,54000,Viernes,entre_semana
2024-08-02,Sobrebarriga,Carnes,12,domicilio,54000,Viernes,entre_semana
2024-08-02,Pechuga Asada,Carnes,2,mesa,52000,Viernes,entre_semana
2024-08-02,Pechuga Asada,Carnes,3,domicilio,52000,Viernes,entre_semana
2024-08-02,Mojarra 2en1,Pescados,3,mesa,50000,Viernes,entre_semana
2024-08-02,Mojarra 2en1,Pescados,4,domicilio,50000,Viernes,entre_semana
2024-08-02,Trucha 2en1,Pescados,1,mesa,50000,Viernes,entre_semana
2024-08-02,Trucha 2en1,Pescados,1,domicilio,50000,Viernes,entre_semana
2024-08-02,Tierra Aire Mar,Pescados,1,domicilio,90000,Viernes,entre_semana
2024-08-02,Arroz con Pollo,Arroces,9,mesa,45000,Viernes,entre_semana
2024-08-02,Arroz con Pollo,Arroces,8,domicilio,45000,Viernes,entre_semana
2024-08-02,Almuerzo Ejecutivo,Corrientes,46,mesa,25000,Viernes,entre_semana
2024-08-02,Almuerzo Ejecutivo,Corrientes,54,domicilio,25000,Viernes,entre_semana
2024-08-03,Lengua en salsa,Sopas,2,mesa,60000,Sábado,sabado
2024-08-03,Lengua en salsa,Sopas,2,domicilio,60000,Sábado,sabado
2024-08-03,Mute,Sopas,17,mesa,30000,Sábado,sabado
2024-08-03,Mute,Sopas,12,domicilio,30000,Sábado,sabado
2024-08-03,Sancocho de Gallina,Sopas,13,mesa,60000,Sábado,sabado
2024-08-03,Sancocho de Gallina,Sopas,11,domicilio,60000,Sábado,sabado
2024-08-03,Frijoles con Pezuña,Sopas,4,mesa,50000,Sábado,sabado
2024-08-03,Frijoles con Pezuña,Sopas,4,domicilio,50000,Sábado,sabado
2024-08-03,Pata,Sopas,3,mesa,27000,Sábado,sabado
2024-08-03,Pata,Sopas,2,domicilio,27000,Sábado,sabado
2024-08-03,Cola de Buey,Sopas,5,mesa,60000,Sábado,sabado
2024-08-03,Cola de Buey,Sopas,9,domicilio,60000,Sábado,sabado
2024-08-03,Cazuela de Mariscos,Sopas,2,mesa,53000,Sábado,sabado
2024-08-03,Cazuela de Mariscos,Sopas,2,domicilio,53000,Sábado,sabado
2024-08-03,Carne Asada (Chatas),Carnes,15,mesa,56000,Sábado,sabado
2024-08-03,Carne Asada (Chatas),Carnes,12,domicilio,56000,Sábado,sabado
2024-08-03,Carne Oreada,Carnes,6,mesa,56000,Sábado,sabado
2024-08-03,Carne Oreada,Carnes,4,domicilio,56000,Sábado,sabado
2024-08-03,Cabro con Pepitoria,Carnes,12,mesa,56000,Sábado,sabado
2024-08-03,Cabro con Pepitoria,Carnes,17,domicilio,56000,Sábado,sabado
2024-08-03,Costillas de Cerdo,Carnes,9,mesa,54000,Sábado,sabado
2024-08-03,Costillas de Cerdo,Carnes,12,domicilio,54000,Sábado,sabado
2024-08-03,Lomo de Cerdo,Carnes,8,mesa,54000,Sábado,sabado
2024-08-03,Lomo de Cerdo,Carnes,6,domicilio,54000,Sábado,sabado
2024-08-03,Sobrebarriga,Carnes,14,mesa,54000,Sábado,sabado
2024-08-03,Sobrebarriga,Carnes,13,domicilio,54000,Sábado,sabado
2024-08-03,Pechuga Asada,Carnes,4,mesa,52000,Sábado,sabado
2024-08-03,Pechuga Asada,Carnes,5,domicilio,52000,Sábado,sabado
2024-08-03,Mojarra 2en1,Pescados,8,mesa,50000,Sábado,sabado
2024-08-03,Mojarra 2en1,Pescados,6,domicilio,50000,Sábado,sabado
2024-08-03,Trucha 2en1,Pescados,2,mesa,50000,Sábado,sabado
2024-08-03,Trucha 2en1,Pescados,2,domicilio,50000,Sábado,sabado
2024-08-03,Tierra Aire Mar,Pescados,1,mesa,90000,Sábado,sabado
2024-08-03,Tierra Aire Mar,Pescados,1,domicilio,90000,Sábado,sabado
2024-08-03,Arroz con Pollo,Arroces,13,mesa,45000,Sábado,sabado
2024-08-03,Arroz con Pollo,Arroces,10,domicilio,45000,Sábado,sabado
2024-08-03,Almuerzo Ejecutivo,Corrientes,37,domicilio,25000,Sábado,sabado
2024-08-04,Lengua en salsa,Sopas,4,mesa,60000,Domingo,domingo
2024-08-04,Lengua en salsa,Sopas,3,domicilio,60000,Domingo,domingo
2024-08-04,Mute,Sopas,45,mesa,30000,Domingo,domingo
2024-08-04,Mute,Sopas,34,domicilio,30000,Domingo,domingo
2024-08-04,Sancocho de Gallina,Sopas,23,mesa,60000,Domingo,domingo
2024-08-04,Sancocho de Gallina,Sopas,20,domicilio,60000,Domingo,domingo
2024-08-04,Pata,Sopas,5,mesa,27000,Domingo,domingo
2024-08-04,Pata,Sopas,4,domicilio,27000,Domingo,domingo
2024-08-04,Cola de Buey,Sopas,9,mesa,60000,Domingo,domingo
2024-08-04,Cola de Buey,Sopas,16,domicilio,60000,Domingo,domingo
2024-08-04,Cazuela de Mariscos,Sopas,5,mesa,53000,Domingo,domingo
2024-08-04,Cazuela de Mariscos,Sopas,3,domicilio,53000,Domingo,domingo
2024-08-04,Carne Asada (Chatas),Carnes,27,mesa,56000,Domingo,domingo
2024-08-04,Carne Asada (Chatas),Carnes,31,domicilio,56000,Domingo,domingo
2024-08-04,Carne Oreada,Carnes,11,mesa,56000,Domingo,domingo
2024-08-04,Carne Oreada,Carnes,8,domicilio,56000,Domingo,domingo
2024-08-04,Cabro con Pepitoria,Carnes,32,mesa,56000,Domingo,domingo
2024-08-04,Cabro con Pepitoria,Carnes,27,domicilio,56000,Domingo,domingo
2024-08-04,Costillas de Cerdo,Carnes,15,mesa,54000,Domingo,domingo
2024-08-04,Costillas de Cerdo,Carnes,21,domicilio,54000,Domingo,domingo
2024-08-04,Lomo de Cerdo,Carnes,13,mesa,54000,Domingo,domingo
2024-08-04,Lomo de Cerdo,Carnes,10,domicilio,54000,Domingo,domingo
2024-08-04,Sobrebarriga,Carnes,26,mesa,54000,Domingo,domingo
2024-08-04,Sobrebarriga,Carnes,25,domicilio,54000,Domingo,domingo
2024-08-04,Pechuga Asada,Carnes,8,mesa,52000,Domingo,domingo
2024-08-04,Pechuga Asada,Carnes,11,domicilio,52000,Domingo,domingo
2024-08-04,Mojarra 2en1,Pescados,13,mesa,50000,Domingo,domingo
2024-08-04,Mojarra 2en1,Pescados,14,domicilio,50000,Domingo,domingo
2024-08-04,Trucha 2en1,Pescados,4,mesa,50000,Domingo,domingo
2024-08-04,Trucha 2en1,Pescados,3,domicilio,50000,Domingo,domingo
2024-08-04,Tierra Aire Mar,Pescados,2,mesa,90000,Domingo,domingo
2024-08-04,Tierra Aire Mar,Pescados,2,domicilio,90000,Domingo,domingo
2024-08-04,Arroz con Pollo,Arroces,27,mesa,45000,Domingo,domingo
2024-08-04,Arroz con Pollo,Arroces,25,domicilio,45000,Domingo,domingo
2024-08-06,Lengua en salsa,Sopas,1,mesa,60000,Martes,entre_semana
2024-08-06,Lengua en salsa,Sopas,1,domicilio,60000,Martes,entre_semana
2024-08-06,Sancocho de Gallina,Sopas,3,mesa,60000,Martes,entre_semana
2024-08-06,Sancocho de Gallina,Sopas,3,domicilio,60000,Martes,entre_semana
2024-08-06,Frijoles con Pezuña,Sopas,2,mesa,50000,Martes,entre_semana
2024-08-06,Frijoles con Pezuña,Sopas,2,domicilio,50000,Martes,entre_semana
2024-08-06,Pata,Sopas,1,mesa,27000,Martes,entre_semana
2024-08-06,Pata,Sopas,1,domicilio,27000,Martes,entre_semana
2024-08-06,Cola de Buey,Sopas,3,mesa,60000,Martes,entre_semana
2024-08-06,Cola de Buey,Sopas,3,domicilio,60000,Martes,entre_semana
2024-08-06,Cazuela de Mariscos,Sopas,1,mesa,53000,Martes,entre_semana
2024-08-06,Cazuela de Mariscos,Sopas,1,domicilio,53000,Martes,entre_semana
2024-08-06,Carne Asada (Chatas),Carnes,8,mesa,56000,Martes,entre_semana
2024-08-06,Carne Asada (Chatas),Carnes,8,domicilio,56000,Martes,entre_semana
2024-08-06,Carne Oreada,Carnes,4,mesa,56000,Martes,entre_semana
2024-08-06,Carne Oreada,Carnes,3,domicilio,56000,Martes,entre_semana
2024-08-06,Cabro con Pepitoria,Carnes,9,mesa,56000,Martes,entre_semana
2024-08-06,Cabro con Pepitoria,Carnes,7,domicilio,56000,Martes,entre_semana
2024-08-06,Costillas de Cerdo,Carnes,5,mesa,54000,Martes,entre_semana
2024-08-06,Costillas de Cerdo,Carnes,6,domicilio,54000,Martes,entre_semana
2024-08-06,Lomo de Cerdo,Carnes,4,mesa,54000,Martes,entre_semana
2024-08-06,Lomo de Cerdo,Carnes,3,domicilio,54000,Martes,entre_semana
2024-08-06,Sobrebarriga,Carnes,10,mesa,54000,Martes,entre_semana
2024-08-06,Sobrebarriga,Carnes,12,domicilio,54000,Martes,entre_semana
2024-08-06,Pechuga Asada,Carnes,2,mesa,52000,Martes,entre_semana
2024-08-06,Pechuga Asada,Carnes,3,domicilio,52000,Martes,entre_semana
2024-08-06,Mojarra 2en1,Pescados,5,mesa,50000,Martes,entre_semana
2024-08-06,Mojarra 2en1,Pescados,4,domicilio,50000,Martes,entre_semana
2024-08-06,Trucha 2en1,Pescados,1,mesa,50000,Martes,entre_semana
2024-08-06,Trucha 2en1,Pescados,1,domicilio,50000,Martes,entre_semana
2024-08-06,Tierra Aire Mar,Pescados,1,domicilio,90000,Martes,entre_semana
2024-08-06,Arroz con Pollo,Arroces,7,mesa,45000,Martes,entre_semana
2024-08-06,Arroz con Pollo,Arroces,9,domicilio,45000,Martes,entre_semana
2024-08-06,Almuerzo Ejecutivo,Corrientes,42,mesa,25000,Martes,entre_semana
2024-08-06,Almuerzo Ejecutivo,Corrientes,44,domicilio,25000,Martes,entre_semana
2024-08-07,Lengua en salsa,Sopas,3,mesa,60000,Miércoles,festivo
2024-08-07,Lengua en salsa,Sopas,2,domicilio,60000,Miércoles,festivo
2024-08-07,Mute,Sopas,20,mesa,30000,Miércoles,festivo
2024-08-07,Mute,Sopas,19,domicilio,30000,Miércoles,festivo
2024-08-07,Sancocho de Gallina,Sopas,16,mesa,60000,Miércoles,festivo
2024-08-07,Sancocho de Gallina,Sopas,12,domicilio,60000,Miércoles,festivo
2024-08-07,Pata,Sopas,3,mesa,27000,Miércoles,festivo
2024-08-07,Pata,Sopas,2,domicilio,27000,Miércoles,festivo
2024-08-07,Cola de Buey,Sopas,6,mesa,60000,Miércoles,festivo
2024-08-07,Cola de Buey,Sopas,8,domicilio,60000,Miércoles,festivo
2024-08-07,Cazuela de Mariscos,Sopas,3,mesa,53000,Miércoles,festivo
2024-08-07,Cazuela de Mariscos,Sopas,2,domicilio,53000,Miércoles,festivo
2024-08-07,Carne Asada (Chatas),Carnes,22,mesa,56000,Miércoles,festivo
2024-08-07,Carne Asada (Chatas),Carnes,20,domicilio,56000,Miércoles,festivo
2024-08-07,Carne Oreada,Carnes,6,mesa,56000,Miércoles,festivo
2024-08-07,Carne Oreada,Carnes,6,domicilio,56000,Miércoles,festivo
2024-08-07,Cabro con Pepitoria,Carnes,19,mesa,56000,Miércoles,festivo
2024-08-07,Cabro con Pepitoria,Carnes,18,domicilio,56000,Miércoles,festivo
2024-08-07,Costillas de Cerdo,Carnes,10,mesa,54000,Miércoles,festivo
2024-08-07,Costillas de Cerdo,Carnes,14,domicilio,54000,Miércoles,festivo
2024-08-07,Lomo de Cerdo,Carnes,11,mesa,54000,Miércoles,festivo
2024-08-07,Lomo de Cerdo,Carnes,8,domicilio,54000,Miércoles,festivo
2024-08-07,Sobrebarriga,Carnes,18,mesa,54000,Miércoles,festivo
2024-08-07,Sobrebarriga,Carnes,16,domicilio,54000,Miércoles,festivo
2024-08-07,Pechuga Asada,Carnes,5,mesa,52000,Miércoles,festivo
2024-08-07,Pechuga Asada,Carnes,10,domicilio,52000,Miércoles,festivo
2024-08-07,Mojarra 2en1,Pescados,9,mesa,50000,Miércoles,festivo
2024-08-07,Mojarra 2en1,Pescados,11,domicilio,50000,Miércoles,festivo
2024-08-07,Trucha 2en1,Pescados,3,mesa,50000,Miércoles,festivo
2024-08-07,Trucha 2en1,Pescados,3,domicilio,50000,Miércoles,festivo
2024-08-07,Tierra Aire Mar,Pescados,1,mesa,90000,Miércoles,festivo
2024-08-07,Tierra Aire Mar,Pescados,1,domicilio,90000,Miércoles,festivo
2024-08-07,Arroz con Pollo,Arroces,15,mesa,45000,Miércoles,festivo
2024-08-07,Arroz con Pollo,Arroces,14,domicilio,45000,Miércoles,festivo
2024-08-08,Lengua en salsa,Sopas,1,mesa,60000,Jueves,entre_semana
2024-08-08,Lengua en salsa,Sopas,1,domicilio,60000,Jueves,entre_semana
2024-08-08,Sancocho de Gallina,Sopas,3,mesa,60000,Jueves,entre_semana
2024-08-08,Sancocho de Gallina,Sopas,3,domicilio,60000,Jueves,entre_semana
2024-08-08,Frijoles con Pezuña,Sopas,3,mesa,50000,Jueves,entre_semana
2024-08-08,Frijoles con Pezuña,Sopas,2,domicilio,50000,Jueves,entre_semana
2024-08-08,Pata,Sopas,1,mesa,27000,Jueves,entre_semana
2024-08-08,Pata,Sopas,1,domicilio,27000,Jueves,entre_semana
2024-08-08,Cola de Buey,Sopas,3,mesa,60000,Jueves,entre_semana
2024-08-08,Cola de Buey,Sopas,4,domicilio,60000,Jueves,entre_semana
2024-08-08,Cazuela de Mariscos,Sopas,1,mesa,53000,Jueves,entre_semana
2024-08-08,Cazuela de Mariscos,Sopas,1,domicilio,53000,Jueves,entre_semana
2024-08-08,Carne Asada (Chatas),Carnes,8,mesa,56000,Jueves,entre_semana
2024-08-08,Carne Asada (Chatas),Carnes,10,domicilio,56000,Jueves,entre_semana
2024-08-08,Carne Oreada,Carnes,3,mesa,56000,Jueves,entre_semana
2024-08-08,Carne Oreada,Carnes,3,domicilio,56000,Jueves,entre_semana
2024-08-08,Cabro con Pepitoria,Carnes,10,mesa,56000,Jueves,entre_semana
2024-08-08,Cabro con Pepitoria,Carnes,10,domicilio,56000,Jueves,entre_semana
2024-08-08,Costillas de Cerdo,Carnes,5,mesa,54000,Jueves,entre_semana
2024-08-08,Costillas de Cerdo,Carnes,6,domicilio,54000,Jueves,entre_semana
2024-08-08,Lomo de Cerdo,Carnes,3,mesa,54000,Jueves,entre_semana
2024-08-08,Lomo de Cerdo,Carnes,4,domicilio,54000,Jueves,entre_semana
2024-08-08,Sobrebarriga,Carnes,10,mesa,54000,Jueves,entre_semana
2024-08-08,Sobrebarriga,Carnes,9,domicilio,54000,Jueves,entre_semana
2024-08-08,Pechuga Asada,Carnes,2,mesa,52000,Jueves,entre_semana
2024-08-08,Pechuga Asada,Carnes,4,domicilio,52000,Jueves,entre_semana
2024-08-08,Mojarra 2en1,Pescados,4,mesa,50000,Jueves,entre_semana
2024-08-08,Mojarra 2en1,Pescados,3,domicilio,50000,Jueves,entre_semana
2024-08-08,Trucha 2en1,Pescados,1,mesa,50000,Jueves,entre_semana
2024-08-08,Trucha 2en1,Pescados,1,domicilio,50000,Jueves,entre_semana
2024-08-08,Tierra Aire Mar,Pescados,1,domicilio,90000,Jueves,entre_semana
2024-08-08,Arroz con Pollo,Arroces,9,mesa,45000,Jueves,entre_semana
2024-08-08,Arroz con Pollo,Arroces,8,domicilio,45000,Jueves,entre_semana
2024-08-08,Almuerzo Ejecutivo,Corrientes,37,mesa,25000,Jueves,entre_semana
2024-08-08,Almuerzo Ejecutivo,Corrientes,40,domicilio,25000,Jueves,entre_semana
2024-08-09,Lengua en salsa,Sopas,1,mesa,60000,Viernes,entre_semana
2024-08-09,Lengua en salsa,Sopas,1,domicilio,60000,Viernes,entre_semana
2024-08-09,Sancocho de Gallina,Sopas,3,mesa,60000,Viernes,entre_semana
2024-08-09,Sancocho de Gallina,Sopas,4,domicilio,60000,Viernes,entre_semana
2024-08-09,Frijoles con Pezuña,Sopas,3,mesa,50000,Viernes,entre_semana
2024-08-09,Frijoles con Pezuña,Sopas,2,domicilio,50000,Viernes,entre_semana
2024-08-09,Pata,Sopas,1,mesa,27000,Viernes,entre_semana
2024-08-09,Pata,Sopas,1,domicilio,27000,Viernes,entre_semana
2024-08-09,Cola de Buey,Sopas,4,mesa,60000,Viernes,entre_semana
2024-08-09,Cola de Buey,Sopas,5,domicilio,60000,Viernes,entre_semana
2024-08-09,Cazuela de Mariscos,Sopas,1,mesa,53000,Viernes,entre_semana
2024-08-09,Cazuela de Mariscos,Sopas,1,domicilio,53000,Viernes,entre_semana
2024-08-09,Carne Asada (Chatas),Carnes,8,mesa,56000,Viernes,entre_semana
2024-08-09,Carne Asada (Chatas),Carnes,10,domicilio,56000,Viernes,entre_semana
2024-08-09,Carne Oreada,Carnes,3,mesa,56000,Viernes,entre_semana
2024-08-09,Carne Oreada,Carnes,3,domicilio,56000,Viernes,entre_semana
2024-08-09,Cabro con Pepitoria,Carnes,7,mesa,56000,Viernes,entre_semana
2024-08-09,Cabro con Pepitoria,Carnes,9,domicilio,56000,Viernes,entre_semana
2024-08-09,Costillas de Cerdo,Carnes,5,mesa,54000,Viernes,entre_semana
2024-08-09,Costillas de Cerdo,Carnes,5,domicilio,54000,Viernes,entre_semana
2024-08-09,Lomo de Cerdo,Carnes,3,mesa,54000,Viernes,entre_semana
2024-08-09,Lomo de Cerdo,Carnes,3,domicilio,54000,Viernes,entre_semana
2024-08-09,Sobrebarriga,Carnes,9,mesa,54000,Viernes,entre_semana
2024-08-09,Sobrebarriga,Carnes,8,domicilio,54000,Viernes,entre_semana
2024-08-09,Pechuga Asada,Carnes,2,mesa,52000,Viernes,entre_semana
2024-08-09,Pechuga Asada,Carnes,5,domicilio,52000,Viernes,entre_semana
2024-08-09,Mojarra 2en1,Pescados,4,mesa,50000,Viernes,entre_semana
2024-08-09,Mojarra 2en1,Pescados,4,domicilio,50000,Viernes,entre_semana
2024-08-09,Trucha 2en1,Pescados,1,mesa,50000,Viernes,entre_semana
2024-08-09,Trucha 2en1,Pescados,1,domicilio,50000,Viernes,entre_semana
2024-08-09,Tierra Aire Mar,Pescados,1,domicilio,90000,Viernes,entre_semana
2024-08-09,Arroz con Pollo,Arroces,7,mesa,45000,Viernes,entre_semana
2024-08-09,Arroz con Pollo,Arroces,7,domicilio,45000,Viernes,entre_semana
2024-08-09,Almuerzo Ejecutivo,Corrientes,41,mesa,25000,Viernes,entre_semana
2024-08-09,Almuerzo Ejecutivo,Corrientes,51,domicilio,25000,Viernes,entre_semana
2024-08-10,Lengua en salsa,Sopas,2,mesa,60000,Sábado,sabado
2024-08-10,Lengua en salsa,Sopas,2,domicilio,60000,Sábado,sabado
2024-08-10,Mute,Sopas,21,mesa,30000,Sábado,sabado
2024-08-10,Mute,Sopas,13,domicilio,30000,Sábado,sabado
2024-08-10,Sancocho de Gallina,Sopas,13,mesa,60000,Sábado,sabado
2024-08-10,Sancocho de Gallina,Sopas,9,domicilio,60000,Sábado,sabado
2024-08-10,Frijoles con Pezuña,Sopas,5,mesa,50000,Sábado,sabado
2024-08-10,Frijoles con Pezuña,Sopas,4,domicilio,50000,Sábado,sabado
2024-08-10,Pata,Sopas,3,mesa,27000,Sábado,sabado
2024-08-10,Pata,Sopas,2,domicilio,27000,Sábado,sabado
2024-08-10,Cola de Buey,Sopas,4,mesa,60000,Sábado,sabado
2024-08-10,Cola de Buey,Sopas,7,domicilio,60000,Sábado,sabado
2024-08-10,Cazuela de Mariscos,Sopas,2,mesa,53000,Sábado,sabado
2024-08-10,Cazuela de Mariscos,Sopas,2,domicilio,53000,Sábado,sabado
2024-08-10,Carne Asada (Chatas),Carnes,16,mesa,56000,Sábado,sabado
2024-08-10,Carne Asada (Chatas),Carnes,17,domicilio,56000,Sábado,sabado
2024-08-10,Carne Oreada,Carnes,7,mesa,56000,Sábado,sabado
2024-08-10,Carne Oreada,Carnes,5,domicilio,56000,Sábado,sabado
2024-08-10,Cabro con Pepitoria,Carnes,14,mesa,56000,Sábado,sabado
2024-08-10,Cabro con Pepitoria,Carnes,15,domicilio,56000,Sábado,sabado
2024-08-10,Costillas de Cerdo,Carnes,9,mesa,54000,Sábado,sabado
2024-08-10,Costillas de Cerdo,Carnes,10,domicilio,54000,Sábado,sabado
2024-08-10,Lomo de Cerdo,Carnes,8,mesa,54000,Sábado,sabado
2024-08-10,Lomo de Cerdo,Carnes,7,domicilio,54000,Sábado,sabado
2024-08-10,Sobrebarriga,Carnes,18,mesa,54000,Sábado,sabado
2024-08-10,Sobrebarriga,Carnes,15,domicilio,54000,Sábado,sabado
2024-08-10,Pechuga Asada,Carnes,4,mesa,52000,Sábado,sabado
2024-08-10,Pechuga Asada,Carnes,6,domicilio,52000,Sábado,sabado
2024-08-10,Mojarra 2en1,Pescados,6,mesa,50000,Sábado,sabado
2024-08-10,Mojarra 2en1,Pescados,6,domicilio,50000,Sábado,sabado
2024-08-10,Trucha 2en1,Pescados,2,mesa,50000,Sábado,sabado
2024-08-10,Trucha 2en1,Pescados,2,domicilio,50000,Sábado,sabado
2024-08-10,Tierra Aire Mar,Pescados,1,mesa,90000,Sábado,sabado
2024-08-10,Tierra Aire Mar,Pescados,1,domicilio,90000,Sábado,sabado
2024-08-10,Arroz con Pollo,Arroces,12,mesa,45000,Sábado,sabado
2024-08-10,Arroz con Pollo,Arroces,11,domicilio,45000,Sábado,sabado
2024-08-10,Almuerzo Ejecutivo,Corrientes,40,domicilio,25000,Sábado,sabado
2024-08-11,Lengua en salsa,Sopas,3,mesa,60000,Domingo,domingo
2024-08-11,Lengua en salsa,Sopas,3,domicilio,60000,Domingo,domingo
2024-08-11,Mute,Sopas,36,mesa,30000,Domingo,domingo
2024-08-11,Mute,Sopas,25,domicilio,30000,Domingo,domingo
2024-08-11,Sancocho de Gallina,Sopas,27,mesa,60000,Domingo,domingo
2024-08-11,Sancocho de Gallina,Sopas,23,domicilio,60000,Domingo,domingo
2024-08-11,Pata,Sopas,5,mesa,27000,Domingo,domingo
2024-08-11,Pata,Sopas,5,domicilio,27000,Domingo,domingo
2024-08-11,Cola de Buey,Sopas,10,mesa,60000,Domingo,domingo
2024-08-11,Cola de Buey,Sopas,14,domicilio,60000,Domingo,domingo
2024-08-11,Cazuela de Mariscos,Sopas,5,mesa,53000,Domingo,domingo
2024-08-11,Cazuela de Mariscos,Sopas,3,domicilio,53000,Domingo,domingo
2024-08-11,Carne Asada (Chatas),Carnes,33,mesa,56000,Domingo,domingo
2024-08-11,Carne Asada (Chatas),Carnes,29,domicilio,56000,Domingo,domingo
2024-08-11,Carne Oreada,Carnes,13,mesa,56000,Domingo,domingo
2024-08-11,Carne Oreada,Carnes,9,domicilio,56000,Domingo,domingo
2024-08-11,Cabro con Pepitoria,Carnes,25,mesa,56000,Domingo,domingo
2024-08-11,Cabro con Pepitoria,Carnes,30,domicilio,56000,Domingo,domingo
2024-08-11,Costillas de Cerdo,Carnes,17,mesa,54000,Domingo,domingo
2024-08-11,Costillas de Cerdo,Carnes,18,domicilio,54000,Domingo,domingo
2024-08-11,Lomo de Cerdo,Carnes,11,mesa,54000,Domingo,domingo
2024-08-11,Lomo de Cerdo,Carnes,11,domicilio,54000,Domingo,domingo
2024-08-11,Sobrebarriga,Carnes,31,mesa,54000,Domingo,domingo
2024-08-11,Sobrebarriga,Carnes,26,domicilio,54000,Domingo,domingo
2024-08-11,Pechuga Asada,Carnes,7,mesa,52000,Domingo,domingo
2024-08-11,Pechuga Asada,Carnes,14,domicilio,52000,Domingo,domingo
2024-08-11,Mojarra 2en1,Pescados,16,mesa,50000,Domingo,domingo
2024-08-11,Mojarra 2en1,Pescados,16,domicilio,50000,Domingo,domingo
2024-08-11,Trucha 2en1,Pescados,4,mesa,50000,Domingo,domingo
2024-08-11,Trucha 2en1,Pescados,4,domicilio,50000,Domingo,domingo
2024-08-11,Tierra Aire Mar,Pescados,2,mesa,90000,Domingo,domingo
2024-08-11,Tierra Aire Mar,Pescados,2,domicilio,90000,Domingo,domingo
2024-08-11,Arroz con Pollo,Arroces,25,mesa,45000,Domingo,domingo
2024-08-11,Arroz con Pollo,Arroces,26,domicilio,45000,Domingo,domingo
2024-08-13,Lengua en salsa,Sopas,1,mesa,60000,Martes,entre_semana
2024-08-13,Lengua en salsa,Sopas,1,domicilio,60000,Martes,entre_semana
2024-08-13,Sancocho de Gallina,Sopas,3,mesa,60000,Martes,entre_semana
2024-08-13,Sancocho de Gallina,Sopas,3,domicilio,60000,Martes,entre_semana
2024-08-13,Frijoles con Pezuña,Sopas,3,mesa,50000,Martes,entre_semana
2024-08-13,Frijoles con Pezuña,Sopas,2,domicilio,50000,Martes,entre_semana
2024-08-13,Pata,Sopas,1,mesa,27000,Martes,entre_semana
2024-08-13,Pata,Sopas,1,domicilio,27000,Martes,entre_semana
2024-08-13,Cola de Buey,Sopas,3,mesa,60000,Martes,entre_semana
2024-08-13,Cola de Buey,Sopas,4,domicilio,60000,Martes,entre_semana
2024-08-13,Cazuela de Mariscos,Sopas,1,mesa,53000,Martes,entre_semana
2024-08-13,Cazuela de Mariscos,Sopas,1,domicilio,53000,Martes,entre_semana
2024-08-13,Carne Asada (Chatas),Carnes,9,mesa,56000,Martes,entre_semana
2024-08-13,Carne Asada (Chatas),Carnes,9,domicilio,56000,Martes,entre_semana
2024-08-13,Carne Oreada,Carnes,3,mesa,56000,Martes,entre_semana
2024-08-13,Carne Oreada,Carnes,3,domicilio,56000,Martes,entre_semana
2024-08-13,Cabro con Pepitoria,Carnes,10,mesa,56000,Martes,entre_semana
2024-08-13,Cabro con Pepitoria,Carnes,8,domicilio,56000,Martes,entre_semana
2024-08-13,Costillas de Cerdo,Carnes,6,mesa,54000,Martes,entre_semana
2024-08-13,Costillas de Cerdo,Carnes,6,domicilio,54000,Martes,entre_semana
2024-08-13,Lomo de Cerdo,Carnes,4,mesa,54000,Martes,entre_semana
2024-08-13,Lomo de Cerdo,Carnes,4,domicilio,54000,Martes,entre_semana
2024-08-13,Sobrebarriga,Carnes,8,mesa,54000,Martes,entre_semana
2024-08-13,Sobrebarriga,Carnes,9,domicilio,54000,Martes,entre_semana
2024-08-13,Pechuga Asada,Carnes,2,mesa,52000,Martes,entre_semana
2024-08-13,Pechuga Asada,Carnes,4,domicilio,52000,Martes,entre_semana
2024-08-13,Mojarra 2en1,Pescados,4,mesa,50000,Martes,entre_semana
2024-08-13,Mojarra 2en1,Pescados,4,domicilio,50000,Martes,entre_semana
2024-08-13,Trucha 2en1,Pescados,1,mesa,50000,Martes,entre_semana
2024-08-13,Trucha 2en1,Pescados,1,domicilio,50000,Martes,entre_semana
2024-08-13,Tierra Aire Mar,Pescados,1,domicilio,90000,Martes,entre_semana
2024-08-13,Arroz con Pollo,Arroces,8,mesa,45000,Martes,entre_semana
2024-08-13,Arroz con Pollo,Arroces,8,domicilio,45000,Martes,entre_semana
2024-08-13,Almuerzo Ejecutivo,Corrientes,40,mesa,25000,Martes,entre_semana
2024-08-13,Almuerzo Ejecutivo,Corrientes,49,domicilio,25000,Martes,entre_semana
2024-08-14,Lengua en salsa,Sopas,1,mesa,60000,Miércoles,entre_semana
2024-08-14,Lengua en salsa,Sopas,1,domicilio,60000,Miércoles,entre_semana
2024-08-14,Sancocho de Gallina,Sopas,3,mesa,60000,Miércoles,entre_semana
2024-08-14,Sancocho de Gallina,Sopas,3,domicilio,60000,Miércoles,entre_semana
2024-08-14,Frijoles con Pezuña,Sopas,3,mesa,50000,Miércoles,entre_semana
2024-08-14,Frijoles con Pezuña,Sopas,2,domicilio,50000,Miércoles,entre_semana
2024-08-14,Pata,Sopas,1,mesa,27000,Miércoles,entre_semana
2024-08-14,Pata,Sopas,1,domicilio,27000,Miércoles,entre_semana
2024-08-14,Cola de Buey,Sopas,3,mesa,60000,Miércoles,entre_semana
2024-08-14,Cola de Buey,Sopas,4,domicilio,60000,Miércoles,entre_semana
2024-08-14,Cazuela de Mariscos,Sopas,1,mesa,53000,Miércoles,entre_semana
2024-08-14,Cazuela de Mariscos,Sopas,1,domicilio,53000,Miércoles,entre_semana
2024-08-14,Carne Asada (Chatas),Carnes,8,mesa,56000,Miércoles,entre_semana
2024-08-14,Carne Asada (Chatas),Carnes,11,domicilio,56000,Miércoles,entre_semana
2024-08-14,Carne Oreada,Carnes,3,mesa,56000,Miércoles,entre_semana
2024-08-14,Carne Oreada,Carnes,3,domicilio,56000,Miércoles,entre_semana
2024-08-14,Cabro con Pepitoria,Carnes,8,mesa,56000,Miércoles,entre_semana
2024-08-14,Cabro con Pepitoria,Carnes,9,domicilio,56000,Miércoles,entre_semana
2024-08-14,Costillas de Cerdo,Carnes,6,mesa,54000,Miércoles,entre_semana
2024-08-14,Costillas de Cerdo,Carnes,7,domicilio,54000,Miércoles,entre_semana
2024-08-14,Lomo de Cerdo,Carnes,4,mesa,54000,Miércoles,entre_semana
2024-08-14,Lomo de Cerdo,Carnes,4,domicilio,54000,Miércoles,entre_semana
2024-08-14,Sobrebarriga,Carnes,11,mesa,54000,Miércoles,entre_semana
2024-08-14,Sobrebarriga,Carnes,9,domicilio,54000,Miércoles,entre_semana
2024-08-14,Pechuga Asada,Carnes,2,mesa,52000,Miércoles,entre_semana
2024-08-14,Pechuga Asada,Carnes,4,domicilio,52000,Miércoles,entre_semana
2024-08-14,Mojarra 2en1,Pescados,4,mesa,50000,Miércoles,entre_semana
2024-08-14,Mojarra 2en1,Pescados,4,domicilio,50000,Miércoles,entre_semana
2024-08-14,Trucha 2en1,Pescados,1,mesa,50000,Miércoles,entre_semana
2024-08-14,Trucha 2en1,Pescados,1,domicilio,50000,Miércoles,entre_semana
2024-08-14,Tierra Aire Mar,Pescados,1,domicilio,90000,Miércoles,entre_semana
2024-08-14,Arroz con Pollo,Arroces,8,mesa,45000,Miércoles,entre_semana
2024-08-14,Arroz con Pollo,Arroces,7,domicilio,45000,Miércoles,entre_semana
2024-08-14,Almuerzo Ejecutivo,Corrientes,42,mesa,25000,Miércoles,entre_semana
2024-08-14,Almuerzo Ejecutivo,Corrientes,46,domicilio,25000,Miércoles,entre_semana
2024-08-15,Lengua en salsa,Sopas,1,mesa,60000,Jueves,entre_semana
2024-08-15,Lengua en salsa,Sopas,1,domicilio,60000,Jueves,entre_semana
2024-08-15,Sancocho de Gallina,Sopas,2,mesa,60000,Jueves,entre_semana
2024-08-15,Sancocho de Gallina,Sopas,3,domicilio,60000,Jueves,entre_semana
2024-08-15,Frijoles con Pezuña,Sopas,3,mesa,50000,Jueves,entre_semana
2024-08-15,Frijoles con Pezuña,Sopas,2,domicilio,50000,Jueves,entre_semana
2024-08-15,Pata,Sopas,1,mesa,27000,Jueves,entre_semana
2024-08-15,Pata,Sopas,1,domicilio,27000,Jueves,entre_semana
2024-08-15,Cola de Buey,Sopas,3,mesa,60000,Jueves,entre_semana
2024-08-15,Cola de Buey,Sopas,3,domicilio,60000,Jueves,entre_semana
2024-08-15,Cazuela de Mariscos,Sopas,1,mesa,53000,Jueves,entre_semana
2024-08-15,Cazuela de Mariscos,Sopas,1,domicilio,53000,Jueves,entre_semana
2024-08-15,Carne Asada (Chatas),Carnes,10,mesa,56000,Jueves,entre_semana
2024-08-15,Carne Asada (Chatas),Carnes,9,domicilio,56000,Jueves,entre_semana
2024-08-15,Carne Oreada,Carnes,3,mesa,56000,Jueves,entre_semana
2024-08-15,Carne Oreada,Carnes,3,domicilio,56000,Jueves,entre_semana
2024-08-15,Cabro con Pepitoria,Carnes,9,mesa,56000,Jueves,entre_semana
2024-08-15,Cabro con Pepitoria,Carnes,8,domicilio,56000,Jueves,entre_semana
2024-08-15,Costillas de Cerdo,Carnes,5,mesa,54000,Jueves,entre_semana
2024-08-15,Costillas de Cerdo,Carnes,5,domicilio,54000,Jueves,entre_semana
2024-08-15,Lomo de Cerdo,Carnes,3,mesa,54000,Jueves,entre_semana
2024-08-15,Lomo de Cerdo,Carnes,4,domicilio,54000,Jueves,entre_semana
2024-08-15,Sobrebarriga,Carnes,9,mesa,54000,Jueves,entre_semana
2024-08-15,Sobrebarriga,Carnes,11,domicilio,54000,Jueves,entre_semana
2024-08-15,Pechuga Asada,Carnes,2,mesa,52000,Jueves,entre_semana
2024-08-15,Pechuga Asada,Carnes,5,domicilio,52000,Jueves,entre_semana
2024-08-15,Mojarra 2en1,Pescados,3,mesa,50000,Jueves,entre_semana
2024-08-15,Mojarra 2en1,Pescados,3,domicilio,50000,Jueves,entre_semana
2024-08-15,Trucha 2en1,Pescados,1,mesa,50000,Jueves,entre_semana
2024-08-15,Trucha 2en1,Pescados,1,domicilio,50000,Jueves,entre_semana
2024-08-15,Tierra Aire Mar,Pescados,1,domicilio,90000,Jueves,entre_semana
2024-08-15,Arroz con Pollo,Arroces,8,mesa,45000,Jueves,entre_semana
2024-08-15,Arroz con Pollo,Arroces,7,domicilio,45000,Jueves,entre_semana
2024-08-15,Almuerzo Ejecutivo,Corrientes,44,mesa,25000,Jueves,entre_semana
2024-08-15,Almuerzo Ejecutivo,Corrientes,52,domicilio,25000,Jueves,entre_semana
2024-08-16,Lengua en salsa,Sopas,1,mesa,60000,Viernes,entre_semana
2024-08-16,Lengua en salsa,Sopas,1,domicilio,60000,Viernes,entre_semana
2024-08-16,Sancocho de Gallina,Sopas,4,mesa,60000,Viernes,entre_semana
2024-08-16,Sancocho de Gallina,Sopas,3,domicilio,60000,Viernes,entre_semana
2024-08-16,Frijoles con Pezuña,Sopas,3,mesa,50000,Viernes,entre_semana
2024-08-16,Frijoles con Pezuña,Sopas,2,domicilio,50000,Viernes,entre_semana
2024-08-16,Pata,Sopas,1,mesa,27000,Viernes,entre_semana
2024-08-16,Pata,Sopas,1,domicilio,27000,Viernes,entre_semana
2024-08-16,Cola de Buey,Sopas,4,mesa,60000,Viernes,entre_semana
2024-08-16,Cola de Buey,Sopas,4,domicilio,60000,Viernes,entre_semana
2024-08-16,Cazuela de Mariscos,Sopas,1,mesa,53000,Viernes,entre_semana
2024-08-16,Cazuela de Mariscos,Sopas,1,domicilio,53000,Viernes,entre_semana
2024-08-16,Carne Asada (Chatas),Carnes,8,mesa,56000,Viernes,entre_semana
2024-08-16,Carne Asada (Chatas),Carnes,7,domicilio,56000,Viernes,entre_semana
2024-08-16,Carne Oreada,Carnes,3,mesa,56000,Viernes,entre_semana
2024-08-16,Carne Oreada,Carnes,3,domicilio,56000,Viernes,entre_semana
2024-08-16,Cabro con Pepitoria,Carnes,7,mesa,56000,Viernes,entre_semana
2024-08-16,Cabro con Pepitoria,Carnes,9,domicilio,56000,Viernes,entre_semana
2024-08-16,Costillas de Cerdo,Carnes,6,mesa,54000,Viernes,entre_semana
2024-08-16,Costillas de Cerdo,Carnes,5,domicilio,54000,Viernes,entre_semana
2024-08-16,Lomo de Cerdo,Carnes,4,mesa,54000,Viernes,entre_semana
2024-08-16,Lomo de Cerdo,Carnes,3,domicilio,54000,Viernes,entre_semana
2024-08-16,Sobrebarriga,Carnes,11,mesa,54000,Viernes,entre_semana
2024-08-16,Sobrebarriga,Carnes,12,domicilio,54000,Viernes,entre_semana
2024-08-16,Pechuga Asada,Carnes,2,mesa,52000,Viernes,entre_semana
2024-08-16,Pechuga Asada,Carnes,4,domicilio,52000,Viernes,entre_semana
2024-08-16,Mojarra 2en1,Pescados,4,mesa,50000,Viernes,entre_semana
2024-08-16,Mojarra 2en1,Pescados,4,domicilio,50000,Viernes,entre_semana
2024-08-16,Trucha 2en1,Pescados,1,mesa,50000,Viernes,entre_semana
2024-08-16,Trucha 2en1,Pescados,1,domicilio,50000,Viernes,entre_semana
2024-08-16,Tierra Aire Mar,Pescados,1,domicilio,90000,Viernes,entre_semana
2024-08-16,Arroz con Pollo,Arroces,9,mesa,45000,Viernes,entre_semana
2024-08-16,Arroz con Pollo,Arroces,7,domicilio,45000,Viernes,entre_semana
2024-08-16,Almuerzo Ejecutivo,Corrientes,45,mesa,25000,Viernes,entre_semana
2024-08-16,Almuerzo Ejecutivo,Corrientes,54,domicilio,25000,Viernes,entre_semana
2024-08-17,Lengua en salsa,Sopas,2,mesa,60000,Sábado,sabado
2024-08-17,Lengua en salsa,Sopas,2,domicilio,60000,Sábado,sabado
2024-08-17,Mute,Sopas,18,mesa,30000,Sábado,sabado
2024-08-17,Mute,Sopas,17,domicilio,30000,Sábado,sabado
2024-08-17,Sancocho de Gallina,Sopas,13,mesa,60000,Sábado,sabado
2024-08-17,Sancocho de Gallina,Sopas,9,domicilio,60000,Sábado,sabado
2024-08-17,Frijoles con Pezuña,Sopas,4,mesa,50000,Sábado,sabado
2024-08-17,Frijoles con Pezuña,Sopas,4,domicilio,50000,Sábado,sabado
2024-08-17,Pata,Sopas,3,mesa,27000,Sábado,sabado
2024-08-17,Pata,Sopas,2,domicilio,27000,Sábado,sabado
2024-08-17,Cola de Buey,Sopas,5,mesa,60000,Sábado,sabado
2024-08-17,Cola de Buey,Sopas,8,domicilio,60000,Sábado,sabado
2024-08-17,Cazuela de Mariscos,Sopas,2,mesa,53000,Sábado,sabado
2024-08-17,Cazuela de Mariscos,Sopas,2,domicilio,53000,Sábado,sabado
2024-08-17,Carne Asada (Chatas),Carnes,14,mesa,56000,Sábado,sabado
2024-08-17,Carne Asada (Chatas),Carnes,16,domicilio,56000,Sábado,sabado
2024-08-17,Carne Oreada,Carnes,6,mesa,56000,Sábado,sabado
2024-08-17,Carne Oreada,Carnes,4,domicilio,56000,Sábado,sabado
2024-08-17,Cabro con Pepitoria,Carnes,13,mesa,56000,Sábado,sabado
2024-08-17,Cabro con Pepitoria,Carnes,13,domicilio,56000,Sábado,sabado
2024-08-17,Costillas de Cerdo,Carnes,6,mesa,54000,Sábado,sabado
2024-08-17,Costillas de Cerdo,Carnes,11,domicilio,54000,Sábado,sabado
2024-08-17,Lomo de Cerdo,Carnes,8,mesa,54000,Sábado,sabado
2024-08-17,Lomo de Cerdo,Carnes,6,domicilio,54000,Sábado,sabado
2024-08-17,Sobrebarriga,Carnes,15,mesa,54000,Sábado,sabado
2024-08-17,Sobrebarriga,Carnes,12,domicilio,54000,Sábado,sabado
2024-08-17,Pechuga Asada,Carnes,5,mesa,52000,Sábado,sabado
2024-08-17,Pechuga Asada,Carnes,7,domicilio,52000,Sábado,sabado
2024-08-17,Mojarra 2en1,Pescados,8,mesa,50000,Sábado,sabado
2024-08-17,Mojarra 2en1,Pescados,6,domicilio,50000,Sábado,sabado
2024-08-17,Trucha 2en1,Pescados,2,mesa,50000,Sábado,sabado
2024-08-17,Trucha 2en1,Pescados,2,domicilio,50000,Sábado,sabado
2024-08-17,Tierra Aire Mar,Pescados,1,mesa,90000,Sábado,sabado
2024-08-17,Tierra Aire Mar,Pescados,1,domicilio,90000,Sábado,sabado
2024-08-17,Arroz con Pollo,Arroces,12,mesa,45000,Sábado,sabado
2024-08-17,Arroz con Pollo,Arroces,12,domicilio,45000,Sábado,sabado
2024-08-17,Almuerzo Ejecutivo,Corrientes,38,domicilio,25000,Sábado,sabado
2024-08-18,Lengua en salsa,Sopas,3,mesa,60000,Domingo,domingo
2024-08-18,Lengua en salsa,Sopas,3,domicilio,60000,Domingo,domingo
2024-08-18,Mute,Sopas,38,mesa,30000,Domingo,domingo
2024-08-18,Mute,Sopas,29,domicilio,30000,Domingo,domingo
2024-08-18,Sancocho de Gallina,Sopas,23,mesa,60000,Domingo,domingo
2024-08-18,Sancocho de Gallina,Sopas,19,domicilio,60000,Domingo,domingo
2024-08-18,Pata,Sopas,5,mesa,27000,Domingo,domingo
2024-08-18,Pata,Sopas,4,domicilio,27000,Domingo,domingo
2024-08-18,Cola de Buey,Sopas,12,mesa,60000,Domingo,domingo
2024-08-18,Cola de Buey,Sopas,17,domicilio,60000,Domingo,domingo
2024-08-18,Cazuela de Mariscos,Sopas,4,mesa,53000,Domingo,domingo
2024-08-18,Cazuela de Mariscos,Sopas,3,domicilio,53000,Domingo,domingo
2024-08-18,Carne Asada (Chatas),Carnes,31,mesa,56000,Domingo,domingo
2024-08-18,Carne Asada (Chatas),Carnes,30,domicilio,56000,Domingo,domingo
2024-08-18,Carne Oreada,Carnes,11,mesa,56000,Domingo,domingo
2024-08-18,Carne Oreada,Carnes,10,domicilio,56000,Domingo,domingo
2024-08-18,Cabro con Pepitoria,Carnes,24,mesa,56000,Domingo,domingo
2024-08-18,Cabro con Pepitoria,Carnes,25,domicilio,56000,Domingo,domingo
2024-08-18,Costillas de Cerdo,Carnes,16,mesa,54000,Domingo,domingo
2024-08-18,Costillas de Cerdo,Carnes,21,domicilio,54000,Domingo,domingo
2024-08-18,Lomo de Cerdo,Carnes,12,mesa,54000,Domingo,domingo
2024-08-18,Lomo de Cerdo,Carnes,13,domicilio,54000,Domingo,domingo
2024-08-18,Sobrebarriga,Carnes,26,mesa,54000,Domingo,domingo
2024-08-18,Sobrebarriga,Carnes,24,domicilio,54000,Domingo,domingo
2024-08-18,Pechuga Asada,Carnes,7,mesa,52000,Domingo,domingo
2024-08-18,Pechuga Asada,Carnes,12,domicilio,52000,Domingo,domingo
2024-08-18,Mojarra 2en1,Pescados,13,mesa,50000,Domingo,domingo
2024-08-18,Mojarra 2en1,Pescados,13,domicilio,50000,Domingo,domingo
2024-08-18,Trucha 2en1,Pescados,4,mesa,50000,Domingo,domingo
2024-08-18,Trucha 2en1,Pescados,4,domicilio,50000,Domingo,domingo
2024-08-18,Tierra Aire Mar,Pescados,2,mesa,90000,Domingo,domingo
2024-08-18,Tierra Aire Mar,Pescados,2,domicilio,90000,Domingo,domingo
2024-08-18,Arroz con Pollo,Arroces,22,mesa,45000,Domingo,domingo
2024-08-18,Arroz con Pollo,Arroces,25,domicilio,45000,Domingo,domingo
2024-08-20,Lengua en salsa,Sopas,1,mesa,60000,Martes,entre_semana
2024-08-20,Lengua en salsa,Sopas,1,domicilio,60000,Martes,entre_semana
2024-08-20,Sancocho de Gallina,Sopas,3,mesa,60000,Martes,entre_semana
2024-08-20,Sancocho de Gallina,Sopas,4,domicilio,60000,Martes,entre_semana
2024-08-20,Frijoles con Pezuña,Sopas,3,mesa,50000,Martes,entre_semana
2024-08-20,Frijoles con Pezuña,Sopas,2,domicilio,50000,Martes,entre_semana
2024-08-20,Pata,Sopas,1,mesa,27000,Martes,entre_semana
2024-08-20,Pata,Sopas,1,domicilio,27000,Martes,entre_semana
2024-08-20,Cola de Buey,Sopas,4,mesa,60000,Martes,entre_semana
2024-08-20,Cola de Buey,Sopas,3,domicilio,60000,Martes,entre_semana
2024-08-20,Cazuela de Mariscos,Sopas,1,mesa,53000,Martes,entre_semana
2024-08-20,Cazuela de Mariscos,Sopas,1,domicilio,53000,Martes,entre_semana
2024-08-20,Carne Asada (Chatas),Carnes,9,mesa,56000,Martes,entre_semana
2024-08-20,Carne Asada (Chatas),Carnes,8,domicilio,56000,Martes,entre_semana
2024-08-20,Carne Oreada,Carnes,3,mesa,56000,Martes,entre_semana
2024-08-20,Carne Oreada,Carnes,3,domicilio,56000,Martes,entre_semana
2024-08-20,Cabro con Pepitoria,Carnes,10,mesa,56000,Martes,entre_semana
2024-08-20,Cabro con Pepitoria,Carnes,8,domicilio,56000,Martes,entre_semana
2024-08-20,Costillas de Cerdo,Carnes,6,mesa,54000,Martes,entre_semana
2024-08-20,Costillas de Cerdo,Carnes,5,domicilio,54000,Martes,entre_semana
2024-08-20,Lomo de Cerdo,Carnes,4,mesa,54000,Martes,entre_semana
2024-08-20,Lomo de Cerdo,Carnes,4,domicilio,54000,Martes,entre_semana
2024-08-20,Sobrebarriga,Carnes,11,mesa,54000,Martes,entre_semana
2024-08-20,Sobrebarriga,Carnes,8,domicilio,54000,Martes,entre_semana
2024-08-20,Pechuga Asada,Carnes,2,mesa,52000,Martes,entre_semana
2024-08-20,Pechuga Asada,Carnes,4,domicilio,52000,Martes,entre_semana
2024-08-20,Mojarra 2en1,Pescados,4,mesa,50000,Martes,entre_semana
2024-08-20,Mojarra 2en1,Pescados,5,domicilio,50000,Martes,entre_semana
2024-08-20,Trucha 2en1,Pescados,1,mesa,50000,Martes,entre_semana
2024-08-20,Trucha 2en1,Pescados,1,domicilio,50000,Martes,entre_semana
2024-08-20,Tierra Aire Mar,Pescados,1,domicilio,90000,Martes,entre_semana
2024-08-20,Arroz con Pollo,Arroces,8,mesa,45000,Martes,entre_semana
2024-08-20,Arroz con Pollo,Arroces,7,domicilio,45000,Martes,entre_semana
2024-08-20,Almuerzo Ejecutivo,Corrientes,53,mesa,25000,Martes,entre_semana
2024-08-20,Almuerzo Ejecutivo,Corrientes,45,domicilio,25000,Martes,entre_semana
2024-08-21,Lengua en salsa,Sopas,1,mesa,60000,Miércoles,entre_semana
2024-08-21,Lengua en salsa,Sopas,1,domicilio,60000,Miércoles,entre_semana
2024-08-21,Sancocho de Gallina,Sopas,3,mesa,60000,Miércoles,entre_semana
2024-08-21,Sancocho de Gallina,Sopas,3,domicilio,60000,Miércoles,entre_semana
2024-08-21,Frijoles con Pezuña,Sopas,3,mesa,50000,Miércoles,entre_semana
2024-08-21,Frijoles con Pezuña,Sopas,2,domicilio,50000,Miércoles,entre_semana
2024-08-21,Pata,Sopas,1,mesa,27000,Miércoles,entre_semana
2024-08-21,Pata,Sopas,1,domicilio,27000,Miércoles,entre_semana
2024-08-21,Cola de Buey,Sopas,3,mesa,60000,Miércoles,entre_semana
2024-08-21,Cola de Buey,Sopas,3,domicilio,60000,Miércoles,entre_semana
2024-08-21,Cazuela de Mariscos,Sopas,1,mesa,53000,Miércoles,entre_semana
2024-08-21,Cazuela de Mariscos,Sopas,1,domicilio,53000,Miércoles,entre_semana
2024-08-21,Carne Asada (Chatas),Carnes,10,mesa,56000,Miércoles,entre_semana
2024-08-21,Carne Asada (Chatas),Carnes,7,domicilio,56000,Miércoles,entre_semana
2024-08-21,Carne Oreada,Carnes,2,mesa,56000,Miércoles,entre_semana
2024-08-21,Carne Oreada,Carnes,3,domicilio,56000,Miércoles,entre_semana
2024-08-21,Cabro con Pepitoria,Carnes,9,mesa,56000,Miércoles,entre_semana
2024-08-21,Cabro con Pepitoria,Carnes,9,domicilio,56000,Miércoles,entre_semana
2024-08-21,Costillas de Cerdo,Carnes,5,mesa,54000,Miércoles,entre_semana
2024-08-21,Costillas de Cerdo,Carnes,5,domicilio,54000,Miércoles,entre_semana
2024-08-21,Lomo de Cerdo,Carnes,3,mesa,54000,Miércoles,entre_semana
2024-08-21,Lomo de Cerdo,Carnes,3,domicilio,54000,Miércoles,entre_semana
2024-08-21,Sobrebarriga,Carnes,10,mesa,54000,Miércoles,entre_semana
2024-08-21,Sobrebarriga,Carnes,12,domicilio,54000,Miércoles,entre_semana
2024-08-21,Pechuga Asada,Carnes,2,mesa,52000,Miércoles,entre_semana
2024-08-21,Pechuga Asada,Carnes,4,domicilio,52000,Miércoles,entre_semana
2024-08-21,Mojarra 2en1,Pescados,3,mesa,50000,Miércoles,entre_semana
2024-08-21,Mojarra 2en1,Pescados,4,domicilio,50000,Miércoles,entre_semana
2024-08-21,Trucha 2en1,Pescados,1,mesa,50000,Miércoles,entre_semana
2024-08-21,Trucha 2en1,Pescados,1,domicilio,50000,Miércoles,entre_semana
2024-08-21,Tierra Aire Mar,Pescados,1,domicilio,90000,Miércoles,entre_semana
2024-08-21,Arroz con Pollo,Arroces,10,mesa,45000,Miércoles,entre_semana
2024-08-21,Arroz con Pollo,Arroces,9,domicilio,45000,Miércoles,entre_semana
2024-08-21,Almuerzo Ejecutivo,Corrientes,50,mesa,25000,Miércoles,entre_semana
2024-08-21,Almuerzo Ejecutivo,Corrientes,50,domicilio,25000,Miércoles,entre_semana
2024-08-22,Lengua en salsa,Sopas,1,mesa,60000,Jueves,entre_semana
2024-08-22,Lengua en salsa,Sopas,1,domicilio,60000,Jueves,entre_semana
2024-08-22,Sancocho de Gallina,Sopas,3,mesa,60000,Jueves,entre_semana
2024-08-22,Sancocho de Gallina,Sopas,3,domicilio,60000,Jueves,entre_semana
2024-08-22,Frijoles con Pezuña,Sopas,3,mesa,50000,Jueves,entre_semana
2024-08-22,Frijoles con Pezuña,Sopas,2,domicilio,50000,Jueves,entre_semana
2024-08-22,Pata,Sopas,1,mesa,27000,Jueves,entre_semana
2024-08-22,Pata,Sopas,1,domicilio,27000,Jueves,entre_semana
2024-08-22,Cola de Buey,Sopas,3,mesa,60000,Jueves,entre_semana
2024-08-22,Cola de Buey,Sopas,4,domicilio,60000,Jueves,entre_semana
2024-08-22,Cazuela de Mariscos,Sopas,1,mesa,53000,Jueves,entre_semana
2024-08-22,Cazuela de Mariscos,Sopas,1,domicilio,53000,Jueves,entre_semana
2024-08-22,Carne Asada (Chatas),Carnes,8,mesa,56000,Jueves,entre_semana
2024-08-22,Carne Asada (Chatas),Carnes,10,domicilio,56000,Jueves,entre_semana
2024-08-22,Carne Oreada,Carnes,3,mesa,56000,Jueves,entre_semana
2024-08-22,Carne Oreada,Carnes,3,domicilio,56000,Jueves,entre_semana
2024-08-22,Cabro con Pepitoria,Carnes,10,mesa,56000,Jueves,entre_semana
2024-08-22,Cabro con Pepitoria,Carnes,9,domicilio,56000,Jueves,entre_semana
2024-08-22,Costillas de Cerdo,Carnes,4,mesa,54000,Jueves,entre_semana
2024-08-22,Costillas de Cerdo,Carnes,5,domicilio,54000,Jueves,entre_semana
2024-08-22,Lomo de Cerdo,Carnes,4,mesa,54000,Jueves,entre_semana
2024-08-22,Lomo de Cerdo,Carnes,4,domicilio,54000,Jueves,entre_semana
2024-08-22,Sobrebarriga,Carnes,9,mesa,54000,Jueves,entre_semana
2024-08-22,Sobrebarriga,Carnes,8,domicilio,54000,Jueves,entre_semana
2024-08-22,Pechuga Asada,Carnes,2,mesa,52000,Jueves,entre_semana
2024-08-22,Pechuga Asada,Carnes,4,domicilio,52000,Jueves,entre_semana
2024-08-22,Mojarra 2en1,Pescados,3,mesa,50000,Jueves,entre_semana
2024-08-22,Mojarra 2en1,Pescados,3,domicilio,50000,Jueves,entre_semana
2024-08-22,Trucha 2en1,Pescados,1,mesa,50000,Jueves,entre_semana
2024-08-22,Trucha 2en1,Pescados,1,domicilio,50000,Jueves,entre_semana
2024-08-22,Tierra Aire Mar,Pescados,1,domicilio,90000,Jueves,entre_semana
2024-08-22,Arroz con Pollo,Arroces,9,mesa,45000,Jueves,entre_semana
2024-08-22,Arroz con Pollo,Arroces,8,domicilio,45000,Jueves,entre_semana
2024-08-22,Almuerzo Ejecutivo,Corrientes,43,mesa,25000,Jueves,entre_semana
2024-08-22,Almuerzo Ejecutivo,Corrientes,45,domicilio,25000,Jueves,entre_semana
2024-08-23,Lengua en salsa,Sopas,1,mesa,60000,Viernes,entre_semana
2024-08-23,Lengua en salsa,Sopas,1,domicilio,60000,Viernes,entre_semana
2024-08-23,Sancocho de Gallina,Sopas,3,mesa,60000,Viernes,entre_semana
2024-08-23,Sancocho de Gallina,Sopas,3,domicilio,60000,Viernes,entre_semana
2024-08-23,Frijoles con Pezuña,Sopas,3,mesa,50000,Viernes,entre_semana
2024-08-23,Frijoles con Pezuña,Sopas,2,domicilio,50000,Viernes,entre_semana
2024-08-23,Pata,Sopas,1,mesa,27000,Viernes,entre_semana
2024-08-23,Pata,Sopas,1,domicilio,27000,Viernes,entre_semana
2024-08-23,Cola de Buey,Sopas,3,mesa,60000,Viernes,entre_semana
2024-08-23,Cola de Buey,Sopas,3,domicilio,60000,Viernes,entre_semana
2024-08-23,Cazuela de Mariscos,Sopas,1,mesa,53000,Viernes,entre_semana
2024-08-23,Cazuela de Mariscos,Sopas,1,domicilio,53000,Viernes,entre_semana
2024-08-23,Carne Asada (Chatas),Carnes,9,mesa,56000,Viernes,entre_semana
2024-08-23,Carne Asada (Chatas),Carnes,8,domicilio,56000,Viernes,entre_semana
2024-08-23,Carne Oreada,Carnes,3,mesa,56000,Viernes,entre_semana
2024-08-23,Carne Oreada,Carnes,3,domicilio,56000,Viernes,entre_semana
2024-08-23,Cabro con Pepitoria,Carnes,10,mesa,56000,Viernes,entre_semana
2024-08-23,Cabro con Pepitoria,Carnes,9,domicilio,56000,Viernes,entre_semana
2024-08-23,Costillas de Cerdo,Carnes,5,mesa,54000,Viernes,entre_semana
2024-08-23,Costillas de Cerdo,Carnes,5,domicilio,54000,Viernes,entre_semana
2024-08-23,Lomo de Cerdo,Carnes,4,mesa,54000,Viernes,entre_semana
2024-08-23,Lomo de Cerdo,Carnes,4,domicilio,54000,Viernes,entre_semana
2024-08-23,Sobrebarriga,Carnes,8,mesa,54000,Viernes,entre_semana
2024-08-23,Sobrebarriga,Carnes,12,domicilio,54000,Viernes,entre_semana
2024-08-23,Pechuga Asada,Carnes,2,mesa,52000,Viernes,entre_semana
2024-08-23,Pechuga Asada,Carnes,4,domicilio,52000,Viernes,entre_semana
2024-08-23,Mojarra 2en1,Pescados,5,mesa,50000,Viernes,entre_semana
2024-08-23,Mojarra 2en1,Pescados,3,domicilio,50000,Viernes,entre_semana
2024-08-23,Trucha 2en1,Pescados,1,mesa,50000,Viernes,entre_semana
2024-08-23,Trucha 2en1,Pescados,1,domicilio,50000,Viernes,entre_semana
2024-08-23,Tierra Aire Mar,Pescados,1,domicilio,90000,Viernes,entre_semana
2024-08-23,Arroz con Pollo,Arroces,8,mesa,45000,Viernes,entre_semana
2024-08-23,Arroz con Pollo,Arroces,8,domicilio,45000,Viernes,entre_semana
2024-08-23,Almuerzo Ejecutivo,Corrientes,49,mesa,25000,Viernes,entre_semana
2024-08-23,Almuerzo Ejecutivo,Corrientes,51,domicilio,25000,Viernes,entre_semana
2024-08-24,Lengua en salsa,Sopas,2,mesa,60000,Sábado,sabado
2024-08-24,Lengua en salsa,Sopas,2,domicilio,60000,Sábado,sabado
2024-08-24,Mute,Sopas,15,mesa,30000,Sábado,sabado
2024-08-24,Mute,Sopas,13,domicilio,30000,Sábado,sabado
2024-08-24,Sancocho de Gallina,Sopas,14,mesa,60000,Sábado,sabado
2024-08-24,Sancocho de Gallina,Sopas,12,domicilio,60000,Sábado,sabado
2024-08-24,Frijoles con Pezuña,Sopas,3,mesa,50000,Sábado,sabado
2024-08-24,Frijoles con Pezuña,Sopas,4,domicilio,50000,Sábado,sabado
2024-08-24,Pata,Sopas,3,mesa,27000,Sábado,sabado
2024-08-24,Pata,Sopas,2,domicilio,27000,Sábado,sabado
2024-08-24,Cola de Buey,Sopas,5,mesa,60000,Sábado,sabado
2024-08-24,Cola de Buey,Sopas,7,domicilio,60000,Sábado,sabado
2024-08-24,Cazuela de Mariscos,Sopas,2,mesa,53000,Sábado,sabado
2024-08-24,Cazuela de Mariscos,Sopas,2,domicilio,53000,Sábado,sabado
2024-08-24,Carne Asada (Chatas),Carnes,15,mesa,56000,Sábado,sabado
2024-08-24,Carne Asada (Chatas),Carnes,14,domicilio,56000,Sábado,sabado
2024-08-24,Carne Oreada,Carnes,5,mesa,56000,Sábado,sabado
2024-08-24,Carne Oreada,Carnes,4,domicilio,56000,Sábado,sabado
2024-08-24,Cabro con Pepitoria,Carnes,13,mesa,56000,Sábado,sabado
2024-08-24,Cabro con Pepitoria,Carnes,14,domicilio,56000,Sábado,sabado
2024-08-24,Costillas de Cerdo,Carnes,9,mesa,54000,Sábado,sabado
2024-08-24,Costillas de Cerdo,Carnes,12,domicilio,54000,Sábado,sabado
2024-08-24,Lomo de Cerdo,Carnes,6,mesa,54000,Sábado,sabado
2024-08-24,Lomo de Cerdo,Carnes,5,domicilio,54000,Sábado,sabado
2024-08-24,Sobrebarriga,Carnes,14,mesa,54000,Sábado,sabado
2024-08-24,Sobrebarriga,Carnes,14,domicilio,54000,Sábado,sabado
2024-08-24,Pechuga Asada,Carnes,3,mesa,52000,Sábado,sabado
2024-08-24,Pechuga Asada,Carnes,7,domicilio,52000,Sábado,sabado
2024-08-24,Mojarra 2en1,Pescados,8,mesa,50000,Sábado,sabado
2024-08-24,Mojarra 2en1,Pescados,7,domicilio,50000,Sábado,sabado
2024-08-24,Trucha 2en1,Pescados,2,mesa,50000,Sábado,sabado
2024-08-24,Trucha 2en1,Pescados,2,domicilio,50000,Sábado,sabado
2024-08-24,Tierra Aire Mar,Pescados,1,mesa,90000,Sábado,sabado
2024-08-24,Tierra Aire Mar,Pescados,1,domicilio,90000,Sábado,sabado
2024-08-24,Arroz con Pollo,Arroces,14,mesa,45000,Sábado,sabado
2024-08-24,Arroz con Pollo,Arroces,12,domicilio,45000,Sábado,sabado
2024-08-24,Almuerzo Ejecutivo,Corrientes,42,domicilio,25000,Sábado,sabado
2024-08-25,Lengua en salsa,Sopas,4,mesa,60000,Domingo,domingo
2024-08-25,Lengua en salsa,Sopas,3,domicilio,60000,Domingo,domingo
2024-08-25,Mute,Sopas,44,mesa,30000,Domingo,domingo
2024-08-25,Mute,Sopas,35,domicilio,30000,Domingo,domingo
2024-08-25,Sancocho de Gallina,Sopas,23,mesa,60000,Domingo,domingo
2024-08-25,Sancocho de Gallina,Sopas,24,domicilio,60000,Domingo,domingo
2024-08-25,Pata,Sopas,6,mesa,27000,Domingo,domingo
2024-08-25,Pata,Sopas,4,domicilio,27000,Domingo,domingo
2024-08-25,Cola de Buey,Sopas,11,mesa,60000,Domingo,domingo
2024-08-25,Cola de Buey,Sopas,18,domicilio,60000,Domingo,domingo
2024-08-25,Cazuela de Mariscos,Sopas,4,mesa,53000,Domingo,domingo
2024-08-25,Cazuela de Mariscos,Sopas,3,domicilio,53000,Domingo,domingo
2024-08-25,Carne Asada (Chatas),Carnes,34,mesa,56000,Domingo,domingo
2024-08-25,Carne Asada (Chatas),Carnes,25,domicilio,56000,Domingo,domingo
2024-08-25,Carne Oreada,Carnes,10,mesa,56000,Domingo,domingo
2024-08-25,Carne Oreada,Carnes,8,domicilio,56000,Domingo,domingo
2024-08-25,Cabro con Pepitoria,Carnes,32,mesa,56000,Domingo,domingo
2024-08-25,Cabro con Pepitoria,Carnes,22,domicilio,56000,Domingo,domingo
2024-08-25,Costillas de Cerdo,Carnes,17,mesa,54000,Domingo,domingo
2024-08-25,Costillas de Cerdo,Carnes,22,domicilio,54000,Domingo,domingo
2024-08-25,Lomo de Cerdo,Carnes,12,mesa,54000,Domingo,domingo
2024-08-25,Lomo de Cerdo,Carnes,12,domicilio,54000,Domingo,domingo
2024-08-25,Sobrebarriga,Carnes,31,mesa,54000,Domingo,domingo
2024-08-25,Sobrebarriga,Carnes,35,domicilio,54000,Domingo,domingo
2024-08-25,Pechuga Asada,Carnes,7,mesa,52000,Domingo,domingo
2024-08-25,Pechuga Asada,Carnes,10,domicilio,52000,Domingo,domingo
2024-08-25,Mojarra 2en1,Pescados,14,mesa,50000,Domingo,domingo
2024-08-25,Mojarra 2en1,Pescados,13,domicilio,50000,Domingo,domingo
2024-08-25,Trucha 2en1,Pescados,4,mesa,50000,Domingo,domingo
2024-08-25,Trucha 2en1,Pescados,4,domicilio,50000,Domingo,domingo
2024-08-25,Tierra Aire Mar,Pescados,2,mesa,90000,Domingo,domingo
2024-08-25,Tierra Aire Mar,Pescados,2,domicilio,90000,Domingo,domingo
2024-08-25,Arroz con Pollo,Arroces,21,mesa,45000,Domingo,domingo
2024-08-25,Arroz con Pollo,Arroces,24,domicilio,45000,Domingo,domingo
2024-08-27,Lengua en salsa,Sopas,1,mesa,60000,Martes,entre_semana
2024-08-27,Lengua en salsa,Sopas,1,domicilio,60000,Martes,entre_semana
2024-08-27,Sancocho de Gallina,Sopas,3,mesa,60000,Martes,entre_semana
2024-08-27,Sancocho de Gallina,Sopas,3,domicilio,60000,Martes,entre_semana
2024-08-27,Frijoles con Pezuña,Sopas,3,mesa,50000,Martes,entre_semana
2024-08-27,Frijoles con Pezuña,Sopas,2,domicilio,50000,Martes,entre_semana
2024-08-27,Pata,Sopas,1,mesa,27000,Martes,entre_semana
2024-08-27,Pata,Sopas,1,domicilio,27000,Martes,entre_semana
2024-08-27,Cola de Buey,Sopas,3,mesa,60000,Martes,entre_semana
2024-08-27,Cola de Buey,Sopas,4,domicilio,60000,Martes,entre_semana
2024-08-27,Cazuela de Mariscos,Sopas,1,mesa,53000,Martes,entre_semana
2024-08-27,Cazuela de Mariscos,Sopas,1,domicilio,53000,Martes,entre_semana
2024-08-27,Carne Asada (Chatas),Carnes,9,mesa,56000,Martes,entre_semana
2024-08-27,Carne Asada (Chatas),Carnes,7,domicilio,56000,Martes,entre_semana
2024-08-27,Carne Oreada,Carnes,2,mesa,56000,Martes,entre_semana
2024-08-27,Carne Oreada,Carnes,3,domicilio,56000,Martes,entre_semana
2024-08-27,Cabro con Pepitoria,Carnes,8,mesa,56000,Martes,entre_semana
2024-08-27,Cabro con Pepitoria,Carnes,10,domicilio,56000,Martes,entre_semana
2024-08-27,Costillas de Cerdo,Carnes,5,mesa,54000,Martes,entre_semana
2024-08-27,Costillas de Cerdo,Carnes,7,domicilio,54000,Martes,entre_semana
2024-08-27,Lomo de Cerdo,Carnes,5,mesa,54000,Martes,entre_semana
2024-08-27,Lomo de Cerdo,Carnes,4,domicilio,54000,Martes,entre_semana
2024-08-27,Sobrebarriga,Carnes,11,mesa,54000,Martes,entre_semana
2024-08-27,Sobrebarriga,Carnes,10,domicilio,54000,Martes,entre_semana
2024-08-27,Pechuga Asada,Carnes,2,mesa,52000,Martes,entre_semana
2024-08-27,Pechuga Asada,Carnes,4,domicilio,52000,Martes,entre_semana
2024-08-27,Mojarra 2en1,Pescados,4,mesa,50000,Martes,entre_semana
2024-08-27,Mojarra 2en1,Pescados,4,domicilio,50000,Martes,entre_semana
2024-08-27,Trucha 2en1,Pescados,1,mesa,50000,Martes,entre_semana
2024-08-27,Trucha 2en1,Pescados,1,domicilio,50000,Martes,entre_semana
2024-08-27,Tierra Aire Mar,Pescados,1,domicilio,90000,Martes,entre_semana
2024-08-27,Arroz con Pollo,Arroces,7,mesa,45000,Martes,entre_semana
2024-08-27,Arroz con Pollo,Arroces,7,domicilio,45000,Martes,entre_semana
2024-08-27,Almuerzo Ejecutivo,Corrientes,49,mesa,25000,Martes,entre_semana
2024-08-27,Almuerzo Ejecutivo,Corrientes,43,domicilio,25000,Martes,entre_semana
2024-08-28,Lengua en salsa,Sopas,1,mesa,60000,Miércoles,entre_semana
2024-08-28,Lengua en salsa,Sopas,1,domicilio,60000,Miércoles,entre_semana
2024-08-28,Sancocho de Gallina,Sopas,3,mesa,60000,Miércoles,entre_semana
2024-08-28,Sancocho de Gallina,Sopas,3,domicilio,60000,Miércoles,entre_semana
2024-08-28,Frijoles con Pezuña,Sopas,3,mesa,50000,Miércoles,entre_semana
2024-08-28,Frijoles con Pezuña,Sopas,2,domicilio,50000,Miércoles,entre_semana
2024-08-28,Pata,Sopas,1,mesa,27000,Miércoles,entre_semana
2024-08-28,Pata,Sopas,1,domicilio,27000,Miércoles,entre_semana
2024-08-28,Cola de Buey,Sopas,3,mesa,60000,Miércoles,entre_semana
2024-08-28,Cola de Buey,Sopas,3,domicilio,60000,Miércoles,entre_semana
2024-08-28,Cazuela de Mariscos,Sopas,1,mesa,53000,Miércoles,entre_semana
2024-08-28,Cazuela de Mariscos,Sopas,1,domicilio,53000,Miércoles,entre_semana
2024-08-28,Carne Asada (Chatas),Carnes,9,mesa,56000,Miércoles,entre_semana
2024-08-28,Carne Asada (Chatas),Carnes,10,domicilio,56000,Miércoles,entre_semana
2024-08-28,Carne Oreada,Carnes,3,mesa,56000,Miércoles,entre_semana
2024-08-28,Carne Oreada,Carnes,3,domicilio,56000,Miércoles,entre_semana
2024-08-28,Cabro con Pepitoria,Carnes,9,mesa,56000,Miércoles,entre_semana
2024-08-28,Cabro con Pepitoria,Carnes,9,domicilio,56000,Miércoles,entre_semana
2024-08-28,Costillas de Cerdo,Carnes,5,mesa,54000,Miércoles,entre_semana
2024-08-28,Costillas de Cerdo,Carnes,5,domicilio,54000,Miércoles,entre_semana
2024-08-28,Lomo de Cerdo,Carnes,4,mesa,54000,Miércoles,entre_semana
2024-08-28,Lomo de Cerdo,Carnes,4,domicilio,54000,Miércoles,entre_semana
2024-08-28,Sobrebarriga,Carnes,9,mesa,54000,Miércoles,entre_semana
2024-08-28,Sobrebarriga,Carnes,8,domicilio,54000,Miércoles,entre_semana
2024-08-28,Pechuga Asada,Carnes,2,mesa,52000,Miércoles,entre_semana
2024-08-28,Pechuga Asada,Carnes,4,domicilio,52000,Miércoles,entre_semana
2024-08-28,Mojarra 2en1,Pescados,5,mesa,50000,Miércoles,entre_semana
2024-08-28,Mojarra 2en1,Pescados,3,domicilio,50000,Miércoles,entre_semana
2024-08-28,Trucha 2en1,Pescados,1,mesa,50000,Miércoles,entre_semana
2024-08-28,Trucha 2en1,Pescados,1,domicilio,50000,Miércoles,entre_semana
2024-08-28,Tierra Aire Mar,Pescados,1,domicilio,90000,Miércoles,entre_semana
2024-08-28,Arroz con Pollo,Arroces,8,mesa,45000,Miércoles,entre_semana
2024-08-28,Arroz con Pollo,Arroces,6,domicilio,45000,Miércoles,entre_semana
2024-08-28,Almuerzo Ejecutivo,Corrientes,41,mesa,25000,Miércoles,entre_semana
2024-08-28,Almuerzo Ejecutivo,Corrientes,54,domicilio,25000,Miércoles,entre_semana
2024-08-29,Lengua en salsa,Sopas,1,mesa,60000,Jueves,entre_semana
2024-08-29,Lengua en salsa,Sopas,1,domicilio,60000,Jueves,entre_semana
2024-08-29,Sancocho de Gallina,Sopas,3,mesa,60000,Jueves,entre_semana
2024-08-29,Sancocho de Gallina,Sopas,3,domicilio,60000,Jueves,entre_semana
2024-08-29,Frijoles con Pezuña,Sopas,2,mesa,50000,Jueves,entre_semana
2024-08-29,Frijoles con Pezuña,Sopas,2,domicilio,50000,Jueves,entre_semana
2024-08-29,Pata,Sopas,1,mesa,27000,Jueves,entre_semana
2024-08-29,Pata,Sopas,1,domicilio,27000,Jueves,entre_semana
2024-08-29,Cola de Buey,Sopas,3,mesa,60000,Jueves,entre_semana
2024-08-29,Cola de Buey,Sopas,5,domicilio,60000,Jueves,entre_semana
2024-08-29,Cazuela de Mariscos,Sopas,1,mesa,53000,Jueves,entre_semana
2024-08-29,Cazuela de Mariscos,Sopas,1,domicilio,53000,Jueves,entre_semana
2024-08-29,Carne Asada (Chatas),Carnes,11,mesa,56000,Jueves,entre_semana
2024-08-29,Carne Asada (Chatas),Carnes,11,domicilio,56000,Jueves,entre_semana
2024-08-29,Carne Oreada,Carnes,3,mesa,56000,Jueves,entre_semana
2024-08-29,Carne Oreada,Carnes,3,domicilio,56000,Jueves,entre_semana
2024-08-29,Cabro con Pepitoria,Carnes,7,mesa,56000,Jueves,entre_semana
2024-08-29,Cabro con Pepitoria,Carnes,10,domicilio,56000,Jueves,entre_semana
2024-08-29,Costillas de Cerdo,Carnes,4,mesa,54000,Jueves,entre_semana
2024-08-29,Costillas de Cerdo,Carnes,6,domicilio,54000,Jueves,entre_semana
2024-08-29,Lomo de Cerdo,Carnes,3,mesa,54000,Jueves,entre_semana
2024-08-29,Lomo de Cerdo,Carnes,4,domicilio,54000,Jueves,entre_semana
2024-08-29,Sobrebarriga,Carnes,10,mesa,54000,Jueves,entre_semana
2024-08-29,Sobrebarriga,Carnes,9,domicilio,54000,Jueves,entre_semana
2024-08-29,Pechuga Asada,Carnes,2,mesa,52000,Jueves,entre_semana
2024-08-29,Pechuga Asada,Carnes,4,domicilio,52000,Jueves,entre_semana
2024-08-29,Mojarra 2en1,Pescados,4,mesa,50000,Jueves,entre_semana
2024-08-29,Mojarra 2en1,Pescados,4,domicilio,50000,Jueves,entre_semana
2024-08-29,Trucha 2en1,Pescados,1,mesa,50000,Jueves,entre_semana
2024-08-29,Trucha 2en1,Pescados,1,domicilio,50000,Jueves,entre_semana
2024-08-29,Tierra Aire Mar,Pescados,1,domicilio,90000,Jueves,entre_semana
2024-08-29,Arroz con Pollo,Arroces,9,mesa,45000,Jueves,entre_semana
2024-08-29,Arroz con Pollo,Arroces,7,domicilio,45000,Jueves,entre_semana
2024-08-29,Almuerzo Ejecutivo,Corrientes,39,mesa,25000,Jueves,entre_semana
2024-08-29,Almuerzo Ejecutivo,Corrientes,41,domicilio,25000,Jueves,entre_semana
2024-08-30,Lengua en salsa,Sopas,1,mesa,60000,Viernes,entre_semana
2024-08-30,Lengua en salsa,Sopas,1,domicilio,60000,Viernes,entre_semana
2024-08-30,Sancocho de Gallina,Sopas,2,mesa,60000,Viernes,entre_semana
2024-08-30,Sancocho de Gallina,Sopas,3,domicilio,60000,Viernes,entre_semana
2024-08-30,Frijoles con Pezuña,Sopas,2,mesa,50000,Viernes,entre_semana
2024-08-30,Frijoles con Pezuña,Sopas,2,domicilio,50000,Viernes,entre_semana
2024-08-30,Pata,Sopas,1,mesa,27000,Viernes,entre_semana
2024-08-30,Pata,Sopas,1,domicilio,27000,Viernes,entre_semana
2024-08-30,Cola de Buey,Sopas,3,mesa,60000,Viernes,entre_semana
2024-08-30,Cola de Buey,Sopas,5,domicilio,60000,Viernes,entre_semana
2024-08-30,Cazuela de Mariscos,Sopas,1,mesa,53000,Viernes,entre_semana
2024-08-30,Cazuela de Mariscos,Sopas,1,domicilio,53000,Viernes,entre_semana
2024-08-30,Carne Asada (Chatas),Carnes,10,mesa,56000,Viernes,entre_semana
2024-08-30,Carne Asada (Chatas),Carnes,8,domicilio,56000,Viernes,entre_semana
2024-08-30,Carne Oreada,Carnes,3,mesa,56000,Viernes,entre_semana
2024-08-30,Carne Oreada,Carnes,4,domicilio,56000,Viernes,entre_semana
2024-08-30,Cabro con Pepitoria,Carnes,8,mesa,56000,Viernes,entre_semana
2024-08-30,Cabro con Pepitoria,Carnes,8,domicilio,56000,Viernes,entre_semana
2024-08-30,Costillas de Cerdo,Carnes,6,mesa,54000,Viernes,entre_semana
2024-08-30,Costillas de Cerdo,Carnes,6,domicilio,54000,Viernes,entre_semana
2024-08-30,Lomo de Cerdo,Carnes,3,mesa,54000,Viernes,entre_semana
2024-08-30,Lomo de Cerdo,Carnes,4,domicilio,54000,Viernes,entre_semana
2024-08-30,Sobrebarriga,Carnes,10,mesa,54000,Viernes,entre_semana
2024-08-30,Sobrebarriga,Carnes,12,domicilio,54000,Viernes,entre_semana
2024-08-30,Pechuga Asada,Carnes,2,mesa,52000,Viernes,entre_semana
2024-08-30,Pechuga Asada,Carnes,4,domicilio,52000,Viernes,entre_semana
2024-08-30,Mojarra 2en1,Pescados,4,mesa,50000,Viernes,entre_semana
2024-08-30,Mojarra 2en1,Pescados,4,domicilio,50000,Viernes,entre_semana
2024-08-30,Trucha 2en1,Pescados,1,mesa,50000,Viernes,entre_semana
2024-08-30,Trucha 2en1,Pescados,1,domicilio,50000,Viernes,entre_semana
2024-08-30,Tierra Aire Mar,Pescados,1,domicilio,90000,Viernes,entre_semana
2024-08-30,Arroz con Pollo,Arroces,8,mesa,45000,Viernes,entre_semana
2024-08-30,Arroz con Pollo,Arroces,7,domicilio,45000,Viernes,entre_semana
2024-08-30,Almuerzo Ejecutivo,Corrientes,54,mesa,25000,Viernes,entre_semana
2024-08-30,Almuerzo Ejecutivo,Corrientes,45,domicilio,25000,Viernes,entre_semana
2024-08-31,Lengua en salsa,Sopas,2,mesa,60000,Sábado,sabado
2024-08-31,Lengua en salsa,Sopas,2,domicilio,60000,Sábado,sabado
2024-08-31,Mute,Sopas,21,mesa,30000,Sábado,sabado
2024-08-31,Mute,Sopas,16,domicilio,30000,Sábado,sabado
2024-08-31,Sancocho de Gallina,Sopas,14,mesa,60000,Sábado,sabado
2024-08-31,Sancocho de Gallina,Sopas,8,domicilio,60000,Sábado,sabado
2024-08-31,Frijoles con Pezuña,Sopas,4,mesa,50000,Sábado,sabado
2024-08-31,Frijoles con Pezuña,Sopas,4,domicilio,50000,Sábado,sabado
2024-08-31,Pata,Sopas,3,mesa,27000,Sábado,sabado
2024-08-31,Pata,Sopas,2,domicilio,27000,Sábado,sabado
2024-08-31,Cola de Buey,Sopas,5,mesa,60000,Sábado,sabado
2024-08-31,Cola de Buey,Sopas,7,domicilio,60000,Sábado,sabado
2024-08-31,Cazuela de Mariscos,Sopas,2,mesa,53000,Sábado,sabado
2024-08-31,Cazuela de Mariscos,Sopas,2,domicilio,53000,Sábado,sabado
2024-08-31,Carne Asada (Chatas),Carnes,15,mesa,56000,Sábado,sabado
2024-08-31,Carne Asada (Chatas),Carnes,15,domicilio,56000,Sábado,sabado
2024-08-31,Carne Oreada,Carnes,5,mesa,56000,Sábado,sabado
2024-08-31,Carne Oreada,Carnes,4,domicilio,56000,Sábado,sabado
2024-08-31,Cabro con Pepitoria,Carnes,12,mesa,56000,Sábado,sabado
2024-08-31,Cabro con Pepitoria,Carnes,17,domicilio,56000,Sábado,sabado
2024-08-31,Costillas de Cerdo,Carnes,9,mesa,54000,Sábado,sabado
2024-08-31,Costillas de Cerdo,Carnes,9,domicilio,54000,Sábado,sabado
2024-08-31,Lomo de Cerdo,Carnes,7,mesa,54000,Sábado,sabado
2024-08-31,Lomo de Cerdo,Carnes,5,domicilio,54000,Sábado,sabado
2024-08-31,Sobrebarriga,Carnes,13,mesa,54000,Sábado,sabado
2024-08-31,Sobrebarriga,Carnes,15,domicilio,54000,Sábado,sabado
2024-08-31,Pechuga Asada,Carnes,4,mesa,52000,Sábado,sabado
2024-08-31,Pechuga Asada,Carnes,7,domicilio,52000,Sábado,sabado
2024-08-31,Mojarra 2en1,Pescados,7,mesa,50000,Sábado,sabado
2024-08-31,Mojarra 2en1,Pescados,8,domicilio,50000,Sábado,sabado
2024-08-31,Trucha 2en1,Pescados,2,mesa,50000,Sábado,sabado
2024-08-31,Trucha 2en1,Pescados,2,domicilio,50000,Sábado,sabado
2024-08-31,Tierra Aire Mar,Pescados,1,mesa,90000,Sábado,sabado
2024-08-31,Tierra Aire Mar,Pescados,1,domicilio,90000,Sábado,sabado
2024-08-31,Arroz con Pollo,Arroces,11,mesa,45000,Sábado,sabado
2024-08-31,Arroz con Pollo,Arroces,14,domicilio,45000,Sábado,sabado
2024-08-31,Almuerzo Ejecutivo,Corrientes,37,domicilio,25000,Sábado,sabado
2024-09-01,Lengua en salsa,Sopas,4,mesa,60000,Domingo,domingo
2024-09-01,Lengua en salsa,Sopas,4,domicilio,60000,Domingo,domingo
2024-09-01,Mute,Sopas,34,mesa,30000,Domingo,domingo
2024-09-01,Mute,Sopas,28,domicilio,30000,Domingo,domingo
2024-09-01,Sancocho de Gallina,Sopas,29,mesa,60000,Domingo,domingo
2024-09-01,Sancocho de Gallina,Sopas,22,domicilio,60000,Domingo,domingo
2024-09-01,Pata,Sopas,7,mesa,27000,Domingo,domingo
2024-09-01,Pata,Sopas,5,domicilio,27000,Domingo,domingo
2024-09-01,Cola de Buey,Sopas,10,mesa,60000,Domingo,domingo
2024-09-01,Cola de Buey,Sopas,14,domicilio,60000,Domingo,domingo
2024-09-01,Cazuela de Mariscos,Sopas,4,mesa,53000,Domingo,domingo
2024-09-01,Cazuela de Mariscos,Sopas,4,domicilio,53000,Domingo,domingo
2024-09-01,Carne Asada (Chatas),Carnes,32,mesa,56000,Domingo,domingo
2024-09-01,Carne Asada (Chatas),Carnes,32,domicilio,56000,Domingo,domingo
2024-09-01,Carne Oreada,Carnes,10,mesa,56000,Domingo,domingo
2024-09-01,Carne Oreada,Carnes,10,domicilio,56000,Domingo,domingo
2024-09-01,Cabro con Pepitoria,Carnes,24,mesa,56000,Domingo,domingo
2024-09-01,Cabro con Pepitoria,Carnes,24,domicilio,56000,Domingo,domingo
2024-09-01,Costillas de Cerdo,Carnes,17,mesa,54000,Domingo,domingo
2024-09-01,Costillas de Cerdo,Carnes,21,domicilio,54000,Domingo,domingo
2024-09-01,Lomo de Cerdo,Carnes,12,mesa,54000,Domingo,domingo
2024-09-01,Lomo de Cerdo,Carnes,12,domicilio,54000,Domingo,domingo
2024-09-01,Sobrebarriga,Carnes,27,mesa,54000,Domingo,domingo
2024-09-01,Sobrebarriga,Carnes,27,domicilio,54000,Domingo,domingo
2024-09-01,Pechuga Asada,Carnes,9,mesa,52000,Domingo,domingo
2024-09-01,Pechuga Asada,Carnes,11,domicilio,52000,Domingo,domingo
2024-09-01,Mojarra 2en1,Pescados,16,mesa,50000,Domingo,domingo
2024-09-01,Mojarra 2en1,Pescados,15,domicilio,50000,Domingo,domingo
2024-09-01,Trucha 2en1,Pescados,4,mesa,50000,Domingo,domingo
2024-09-01,Trucha 2en1,Pescados,4,domicilio,50000,Domingo,domingo
2024-09-01,Tierra Aire Mar,Pescados,2,mesa,90000,Domingo,domingo
2024-09-01,Tierra Aire Mar,Pescados,2,domicilio,90000,Domingo,domingo
2024-09-01,Arroz con Pollo,Arroces,29,mesa,45000,Domingo,domingo
2024-09-01,Arroz con Pollo,Arroces,25,domicilio,45000,Domingo,domingo
2024-09-03,Lengua en salsa,Sopas,1,mesa,60000,Martes,entre_semana
2024-09-03,Lengua en salsa,Sopas,1,domicilio,60000,Martes,entre_semana
2024-09-03,Sancocho de Gallina,Sopas,2,mesa,60000,Martes,entre_semana
2024-09-03,Sancocho de Gallina,Sopas,3,domicilio,60000,Martes,entre_semana
2024-09-03,Frijoles con Pezuña,Sopas,2,mesa,50000,Martes,entre_semana
2024-09-03,Frijoles con Pezuña,Sopas,2,domicilio,50000,Martes,entre_semana
2024-09-03,Pata,Sopas,1,mesa,27000,Martes,entre_semana
2024-09-03,Pata,Sopas,1,domicilio,27000,Martes,entre_semana
2024-09-03,Cola de Buey,Sopas,4,mesa,60000,Martes,entre_semana
2024-09-03,Cola de Buey,Sopas,4,domicilio,60000,Martes,entre_semana
2024-09-03,Cazuela de Mariscos,Sopas,1,mesa,53000,Martes,entre_semana
2024-09-03,Cazuela de Mariscos,Sopas,1,domicilio,53000,Martes,entre_semana
2024-09-03,Carne Asada (Chatas),Carnes,11,mesa,56000,Martes,entre_semana
2024-09-03,Carne Asada (Chatas),Carnes,10,domicilio,56000,Martes,entre_semana
2024-09-03,Carne Oreada,Carnes,3,mesa,56000,Martes,entre_semana
2024-09-03,Carne Oreada,Carnes,3,domicilio,56000,Martes,entre_semana
2024-09-03,Cabro con Pepitoria,Carnes,9,mesa,56000,Martes,entre_semana
2024-09-03,Cabro con Pepitoria,Carnes,8,domicilio,56000,Martes,entre_semana
2024-09-03,Costillas de Cerdo,Carnes,5,mesa,54000,Martes,entre_semana
2024-09-03,Costillas de Cerdo,Carnes,5,domicilio,54000,Martes,entre_semana
2024-09-03,Lomo de Cerdo,Carnes,4,mesa,54000,Martes,entre_semana
2024-09-03,Lomo de Cerdo,Carnes,4,domicilio,54000,Martes,entre_semana
2024-09-03,Sobrebarriga,Carnes,9,mesa,54000,Martes,entre_semana
2024-09-03,Sobrebarriga,Carnes,10,domicilio,54000,Martes,entre_semana
2024-09-03,Pechuga Asada,Carnes,2,mesa,52000,Martes,entre_semana
2024-09-03,Pechuga Asada,Carnes,4,domicilio,52000,Martes,entre_semana
2024-09-03,Mojarra 2en1,Pescados,4,mesa,50000,Martes,entre_semana
2024-09-03,Mojarra 2en1,Pescados,5,domicilio,50000,Martes,entre_semana
2024-09-03,Trucha 2en1,Pescados,1,mesa,50000,Martes,entre_semana
2024-09-03,Trucha 2en1,Pescados,1,domicilio,50000,Martes,entre_semana
2024-09-03,Tierra Aire Mar,Pescados,1,domicilio,90000,Martes,entre_semana
2024-09-03,Arroz con Pollo,Arroces,7,mesa,45000,Martes,entre_semana
2024-09-03,Arroz con Pollo,Arroces,10,domicilio,45000,Martes,entre_semana
2024-09-03,Almuerzo Ejecutivo,Corrientes,45,mesa,25000,Martes,entre_semana
2024-09-03,Almuerzo Ejecutivo,Corrientes,43,domicilio,25000,Martes,entre_semana
2024-09-04,Lengua en salsa,Sopas,1,mesa,60000,Miércoles,entre_semana
2024-09-04,Lengua en salsa,Sopas,1,domicilio,60000,Miércoles,entre_semana
2024-09-04,Sancocho de Gallina,Sopas,3,mesa,60000,Miércoles,entre_semana
2024-09-04,Sancocho de Gallina,Sopas,3,domicilio,60000,Miércoles,entre_semana
2024-09-04,Frijoles con Pezuña,Sopas,2,mesa,50000,Miércoles,entre_semana
2024-09-04,Frijoles con Pezuña,Sopas,2,domicilio,50000,Miércoles,entre_semana
2024-09-04,Pata,Sopas,1,mesa,27000,Miércoles,entre_semana
2024-09-04,Pata,Sopas,1,domicilio,27000,Miércoles,entre_semana
2024-09-04,Cola de Buey,Sopas,3,mesa,60000,Miércoles,entre_semana
2024-09-04,Cola de Buey,Sopas,4,domicilio,60000,Miércoles,entre_semana
2024-09-04,Cazuela de Mariscos,Sopas,1,mesa,53000,Miércoles,entre_semana
2024-09-04,Cazuela de Mariscos,Sopas,1,domicilio,53000,Miércoles,entre_semana
2024-09-04,Carne Asada (Chatas),Carnes,7,mesa,56000,Miércoles,entre_semana
2024-09-04,Carne Asada (Chatas),Carnes,9,domicilio,56000,Miércoles,entre_semana
2024-09-04,Carne Oreada,Carnes,3,mesa,56000,Miércoles,entre_semana
2024-09-04,Carne Oreada,Carnes,3,domicilio,56000,Miércoles,entre_semana
2024-09-04,Cabro con Pepitoria,Carnes,9,mesa,56000,Miércoles,entre_semana
2024-09-04,Cabro con Pepitoria,Carnes,10,domicilio,56000,Miércoles,entre_semana
2024-09-04,Costillas de Cerdo,Carnes,4,mesa,54000,Miércoles,entre_semana
2024-09-04,Costillas de Cerdo,Carnes,7,domicilio,54000,Miércoles,entre_semana
2024-09-04,Lomo de Cerdo,Carnes,5,mesa,54000,Miércoles,entre_semana
2024-09-04,Lomo de Cerdo,Carnes,4,domicilio,54000,Miércoles,entre_semana
2024-09-04,Sobrebarriga,Carnes,9,mesa,54000,Miércoles,entre_semana
2024-09-04,Sobrebarriga,Carnes,10,domicilio,54000,Miércoles,entre_semana
2024-09-04,Pechuga Asada,Carnes,2,mesa,52000,Miércoles,entre_semana
2024-09-04,Pechuga Asada,Carnes,3,domicilio,52000,Miércoles,entre_semana
2024-09-04,Mojarra 2en1,Pescados,4,mesa,50000,Miércoles,entre_semana
2024-09-04,Mojarra 2en1,Pescados,4,domicilio,50000,Miércoles,entre_semana
2024-09-04,Trucha 2en1,Pescados,1,mesa,50000,Miércoles,entre_semana
2024-09-04,Trucha 2en1,Pescados,1,domicilio,50000,Miércoles,entre_semana
2024-09-04,Tierra Aire Mar,Pescados,1,domicilio,90000,Miércoles,entre_semana
2024-09-04,Arroz con Pollo,Arroces,9,mesa,45000,Miércoles,entre_semana
2024-09-04,Arroz con Pollo,Arroces,9,domicilio,45000,Miércoles,entre_semana
2024-09-04,Almuerzo Ejecutivo,Corrientes,49,mesa,25000,Miércoles,entre_semana
2024-09-04,Almuerzo Ejecutivo,Corrientes,38,domicilio,25000,Miércoles,entre_semana
2024-09-05,Lengua en salsa,Sopas,1,mesa,60000,Jueves,entre_semana
2024-09-05,Lengua en salsa,Sopas,1,domicilio,60000,Jueves,entre_semana
2024-09-05,Sancocho de Gallina,Sopas,3,mesa,60000,Jueves,entre_semana
2024-09-05,Sancocho de Gallina,Sopas,3,domicilio,60000,Jueves,entre_semana
2024-09-05,Frijoles con Pezuña,Sopas,3,mesa,50000,Jueves,entre_semana
2024-09-05,Frijoles con Pezuña,Sopas,2,domicilio,50000,Jueves,entre_semana
2024-09-05,Pata,Sopas,1,mesa,27000,Jueves,entre_semana
2024-09-05,Pata,Sopas,1,domicilio,27000,Jueves,entre_semana
2024-09-05,Cola de Buey,Sopas,3,mesa,60000,Jueves,entre_semana
2024-09-05,Cola de Buey,Sopas,4,domicilio,60000,Jueves,entre_semana
2024-09-05,Cazuela de Mariscos,Sopas,1,mesa,53000,Jueves,entre_semana
2024-09-05,Cazuela de Mariscos,Sopas,1,domicilio,53000,Jueves,entre_semana
2024-09-05,Carne Asada (Chatas),Carnes,9,mesa,56000,Jueves,entre_semana
2024-09-05,Carne Asada (Chatas),Carnes,10,domicilio,56000,Jueves,entre_semana
2024-09-05,Carne Oreada,Carnes,3,mesa,56000,Jueves,entre_semana
2024-09-05,Carne Oreada,Carnes,3,domicilio,56000,Jueves,entre_semana
2024-09-05,Cabro con Pepitoria,Carnes,8,mesa,56000,Jueves,entre_semana
2024-09-05,Cabro con Pepitoria,Carnes,10,domicilio,56000,Jueves,entre_semana
2024-09-05,Costillas de Cerdo,Carnes,5,mesa,54000,Jueves,entre_semana
2024-09-05,Costillas de Cerdo,Carnes,6,domicilio,54000,Jueves,entre_semana
2024-09-05,Lomo de Cerdo,Carnes,4,mesa,54000,Jueves,entre_semana
2024-09-05,Lomo de Cerdo,Carnes,4,domicilio,54000,Jueves,entre_semana
2024-09-05,Sobrebarriga,Carnes,11,mesa,54000,Jueves,entre_semana
2024-09-05,Sobrebarriga,Carnes,8,domicilio,54000,Jueves,entre_semana
2024-09-05,Pechuga Asada,Carnes,2,mesa,52000,Jueves,entre_semana
2024-09-05,Pechuga Asada,Carnes,4,domicilio,52000,Jueves,entre_semana
2024-09-05,Mojarra 2en1,Pescados,4,mesa,50000,Jueves,entre_semana
2024-09-05,Mojarra 2en1,Pescados,4,domicilio,50000,Jueves,entre_semana
2024-09-05,Trucha 2en1,Pescados,1,mesa,50000,Jueves,entre_semana
2024-09-05,Trucha 2en1,Pescados,1,domicilio,50000,Jueves,entre_semana
2024-09-05,Tierra Aire Mar,Pescados,1,domicilio,90000,Jueves,entre_semana
2024-09-05,Arroz con Pollo,Arroces,9,mesa,45000,Jueves,entre_semana
2024-09-05,Arroz con Pollo,Arroces,7,domicilio,45000,Jueves,entre_semana
2024-09-05,Almuerzo Ejecutivo,Corrientes,47,mesa,25000,Jueves,entre_semana
2024-09-05,Almuerzo Ejecutivo,Corrientes,45,domicilio,25000,Jueves,entre_semana
2024-09-06,Lengua en salsa,Sopas,1,mesa,60000,Viernes,entre_semana
2024-09-06,Lengua en salsa,Sopas,1,domicilio,60000,Viernes,entre_semana
2024-09-06,Sancocho de Gallina,Sopas,3,mesa,60000,Viernes,entre_semana
2024-09-06,Sancocho de Gallina,Sopas,3,domicilio,60000,Viernes,entre_semana
2024-09-06,Frijoles con Pezuña,Sopas,3,mesa,50000,Viernes,entre_semana
2024-09-06,Frijoles con Pezuña,Sopas,2,domicilio,50000,Viernes,entre_semana
2024-09-06,Pata,Sopas,1,mesa,27000,Viernes,entre_semana
2024-09-06,Pata,Sopas,1,domicilio,27000,Viernes,entre_semana
2024-09-06,Cola de Buey,Sopas,2,mesa,60000,Viernes,entre_semana
2024-09-06,Cola de Buey,Sopas,3,domicilio,60000,Viernes,entre_semana
2024-09-06,Cazuela de Mariscos,Sopas,1,mesa,53000,Viernes,entre_semana
2024-09-06,Cazuela de Mariscos,Sopas,1,domicilio,53000,Viernes,entre_semana
2024-09-06,Carne Asada (Chatas),Carnes,10,mesa,56000,Viernes,entre_semana
2024-09-06,Carne Asada (Chatas),Carnes,10,domicilio,56000,Viernes,entre_semana
2024-09-06,Carne Oreada,Carnes,3,mesa,56000,Viernes,entre_semana
2024-09-06,Carne Oreada,Carnes,3,domicilio,56000,Viernes,entre_semana
2024-09-06,Cabro con Pepitoria,Carnes,11,mesa,56000,Viernes,entre_semana
2024-09-06,Cabro con Pepitoria,Carnes,7,domicilio,56000,Viernes,entre_semana
2024-09-06,Costillas de Cerdo,Carnes,5,mesa,54000,Viernes,entre_semana
2024-09-06,Costillas de Cerdo,Carnes,5,domicilio,54000,Viernes,entre_semana
2024-09-06,Lomo de Cerdo,Carnes,4,mesa,54000,Viernes,entre_semana
2024-09-06,Lomo de Cerdo,Carnes,4,domicilio,54000,Viernes,entre_semana
2024-09-06,Sobrebarriga,Carnes,11,mesa,54000,Viernes,entre_semana
2024-09-06,Sobrebarriga,Carnes,10,domicilio,54000,Viernes,entre_semana
2024-09-06,Pechuga Asada,Carnes,2,mesa,52000,Viernes,entre_semana
2024-09-06,Pechuga Asada,Carnes,3,domicilio,52000,Viernes,entre_semana
2024-09-06,Mojarra 2en1,Pescados,4,mesa,50000,Viernes,entre_semana
2024-09-06,Mojarra 2en1,Pescados,4,domicilio,50000,Viernes,entre_semana
2024-09-06,Trucha 2en1,Pescados,1,mesa,50000,Viernes,entre_semana
2024-09-06,Trucha 2en1,Pescados,1,domicilio,50000,Viernes,entre_semana
2024-09-06,Tierra Aire Mar,Pescados,1,domicilio,90000,Viernes,entre_semana
2024-09-06,Arroz con Pollo,Arroces,8,mesa,45000,Viernes,entre_semana
2024-09-06,Arroz con Pollo,Arroces,7,domicilio,45000,Viernes,entre_semana
2024-09-06,Almuerzo Ejecutivo,Corrientes,44,mesa,25000,Viernes,entre_semana
2024-09-06,Almuerzo Ejecutivo,Corrientes,46,domicilio,25000,Viernes,entre_semana
2024-09-07,Lengua en salsa,Sopas,2,mesa,60000,Sábado,sabado
2024-09-07,Lengua en salsa,Sopas,2,domicilio,60000,Sábado,sabado
2024-09-07,Mute,Sopas,19,mesa,30000,Sábado,sabado
2024-09-07,Mute,Sopas,13,domicilio,30000,Sábado,sabado
2024-09-07,Sancocho de Gallina,Sopas,12,mesa,60000,Sábado,sabado
2024-09-07,Sancocho de Gallina,Sopas,10,domicilio,60000,Sábado,sabado
2024-09-07,Frijoles con Pezuña,Sopas,4,mesa,50000,Sábado,sabado
2024-09-07,Frijoles con Pezuña,Sopas,4,domicilio,50000,Sábado,sabado
2024-09-07,Pata,Sopas,3,mesa,27000,Sábado,sabado
2024-09-07,Pata,Sopas,2,domicilio,27000,Sábado,sabado
2024-09-07,Cola de Buey,Sopas,5,mesa,60000,Sábado,sabado
2024-09-07,Cola de Buey,Sopas,10,domicilio,60000,Sábado,sabado
2024-09-07,Cazuela de Mariscos,Sopas,2,mesa,53000,Sábado,sabado
2024-09-07,Cazuela de Mariscos,Sopas,2,domicilio,53000,Sábado,sabado
2024-09-07,Carne Asada (Chatas),Carnes,16,mesa,56000,Sábado,sabado
2024-09-07,Carne Asada (Chatas),Carnes,17,domicilio,56000,Sábado,sabado
2024-09-07,Carne Oreada,Carnes,5,mesa,56000,Sábado,sabado
2024-09-07,Carne Oreada,Carnes,4,domicilio,56000,Sábado,sabado
2024-09-07,Cabro con Pepitoria,Carnes,13,mesa,56000,Sábado,sabado
2024-09-07,Cabro con Pepitoria,Carnes,14,domicilio,56000,Sábado,sabado
2024-09-07,Costillas de Cerdo,Carnes,10,mesa,54000,Sábado,sabado
2024-09-07,Costillas de Cerdo,Carnes,9,domicilio,54000,Sábado,sabado
2024-09-07,Lomo de Cerdo,Carnes,6,mesa,54000,Sábado,sabado
2024-09-07,Lomo de Cerdo,Carnes,6,domicilio,54000,Sábado,sabado
2024-09-07,Sobrebarriga,Carnes,15,mesa,54000,Sábado,sabado
2024-09-07,Sobrebarriga,Carnes,16,domicilio,54000,Sábado,sabado
2024-09-07,Pechuga Asada,Carnes,4,mesa,52000,Sábado,sabado
2024-09-07,Pechuga Asada,Carnes,5,domicilio,52000,Sábado,sabado
2024-09-07,Mojarra 2en1,Pescados,8,mesa,50000,Sábado,sabado
2024-09-07,Mojarra 2en1,Pescados,8,domicilio,50000,Sábado,sabado
2024-09-07,Trucha 2en1,Pescados,2,mesa,50000,Sábado,sabado
2024-09-07,Trucha 2en1,Pescados,2,domicilio,50000,Sábado,sabado
2024-09-07,Tierra Aire Mar,Pescados,1,mesa,90000,Sábado,sabado
2024-09-07,Tierra Aire Mar,Pescados,1,domicilio,90000,Sábado,sabado
2024-09-07,Arroz con Pollo,Arroces,11,mesa,45000,Sábado,sabado
2024-09-07,Arroz con Pollo,Arroces,14,domicilio,45000,Sábado,sabado
2024-09-07,Almuerzo Ejecutivo,Corrientes,48,domicilio,25000,Sábado,sabado
2024-09-08,Lengua en salsa,Sopas,4,mesa,60000,Domingo,domingo
2024-09-08,Lengua en salsa,Sopas,3,domicilio,60000,Domingo,domingo
2024-09-08,Mute,Sopas,41,mesa,30000,Domingo,domingo
2024-09-08,Mute,Sopas,32,domicilio,30000,Domingo,domingo
2024-09-08,Sancocho de Gallina,Sopas,20,mesa,60000,Domingo,domingo
2024-09-08,Sancocho de Gallina,Sopas,18,domicilio,60000,Domingo,domingo
2024-09-08,Pata,Sopas,5,mesa,27000,Domingo,domingo
2024-09-08,Pata,Sopas,4,domicilio,27000,Domingo,domingo
2024-09-08,Cola de Buey,Sopas,9,mesa,60000,Domingo,domingo
2024-09-08,Cola de Buey,Sopas,15,domicilio,60000,Domingo,domingo
2024-09-08,Cazuela de Mariscos,Sopas,4,mesa,53000,Domingo,domingo
2024-09-08,Cazuela de Mariscos,Sopas,2,domicilio,53000,Domingo,domingo
2024-09-08,Carne Asada (Chatas),Carnes,30,mesa,56000,Domingo,domingo
2024-09-08,Carne Asada (Chatas),Carnes,25,domicilio,56000,Domingo,domingo
2024-09-08,Carne Oreada,Carnes,12,mesa,56000,Domingo,domingo
2024-09-08,Carne Oreada,Carnes,9,domicilio,56000,Domingo,domingo
2024-09-08,Cabro con Pepitoria,Carnes,23,mesa,56000,Domingo,domingo
2024-09-08,Cabro con Pepitoria,Carnes,23,domicilio,56000,Domingo,domingo
2024-09-08,Costillas de Cerdo,Carnes,14,mesa,54000,Domingo,domingo
2024-09-08,Costillas de Cerdo,Carnes,19,domicilio,54000,Domingo,domingo
2024-09-08,Lomo de Cerdo,Carnes,14,mesa,54000,Domingo,domingo
2024-09-08,Lomo de Cerdo,Carnes,14,domicilio,54000,Domingo,domingo
2024-09-08,Sobrebarriga,Carnes,34,mesa,54000,Domingo,domingo
2024-09-08,Sobrebarriga,Carnes,32,domicilio,54000,Domingo,domingo
2024-09-08,Pechuga Asada,Carnes,8,mesa,52000,Domingo,domingo
2024-09-08,Pechuga Asada,Carnes,13,domicilio,52000,Domingo,domingo
2024-09-08,Mojarra 2en1,Pescados,17,mesa,50000,Domingo,domingo
2024-09-08,Mojarra 2en1,Pescados,15,domicilio,50000,Domingo,domingo
2024-09-08,Trucha 2en1,Pescados,4,mesa,50000,Domingo,domingo
2024-09-08,Trucha 2en1,Pescados,4,domicilio,50000,Domingo,domingo
2024-09-08,Tierra Aire Mar,Pescados,2,mesa,90000,Domingo,domingo
2024-09-08,Tierra Aire Mar,Pescados,2,domicilio,90000,Domingo,domingo
2024-09-08,Arroz con Pollo,Arroces,28,mesa,45000,Domingo,domingo
2024-09-08,Arroz con Pollo,Arroces,23,domicilio,45000,Domingo,domingo
2024-09-10,Lengua en salsa,Sopas,1,mesa,60000,Martes,entre_semana
2024-09-10,Lengua en salsa,Sopas,1,domicilio,60000,Martes,entre_semana
2024-09-10,Sancocho de Gallina,Sopas,3,mesa,60000,Martes,entre_semana
2024-09-10,Sancocho de Gallina,Sopas,3,domicilio,60000,Martes,entre_semana
2024-09-10,Frijoles con Pezuña,Sopas,3,mesa,50000,Martes,entre_semana
2024-09-10,Frijoles con Pezuña,Sopas,2,domicilio,50000,Martes,entre_semana
2024-09-10,Pata,Sopas,1,mesa,27000,Martes,entre_semana
2024-09-10,Pata,Sopas,1,domicilio,27000,Martes,entre_semana
2024-09-10,Cola de Buey,Sopas,4,mesa,60000,Martes,entre_semana
2024-09-10,Cola de Buey,Sopas,4,domicilio,60000,Martes,entre_semana
2024-09-10,Cazuela de Mariscos,Sopas,1,mesa,53000,Martes,entre_semana
2024-09-10,Cazuela de Mariscos,Sopas,1,domicilio,53000,Martes,entre_semana
2024-09-10,Carne Asada (Chatas),Carnes,9,mesa,56000,Martes,entre_semana
2024-09-10,Carne Asada (Chatas),Carnes,10,domicilio,56000,Martes,entre_semana
2024-09-10,Carne Oreada,Carnes,3,mesa,56000,Martes,entre_semana
2024-09-10,Carne Oreada,Carnes,3,domicilio,56000,Martes,entre_semana
2024-09-10,Cabro con Pepitoria,Carnes,9,mesa,56000,Martes,entre_semana
2024-09-10,Cabro con Pepitoria,Carnes,10,domicilio,56000,Martes,entre_semana
2024-09-10,Costillas de Cerdo,Carnes,6,mesa,54000,Martes,entre_semana
2024-09-10,Costillas de Cerdo,Carnes,6,domicilio,54000,Martes,entre_semana
2024-09-10,Lomo de Cerdo,Carnes,4,mesa,54000,Martes,entre_semana
2024-09-10,Lomo de Cerdo,Carnes,3,domicilio,54000,Martes,entre_semana
2024-09-10,Sobrebarriga,Carnes,10,mesa,54000,Martes,entre_semana
2024-09-10,Sobrebarriga,Carnes,10,domicilio,54000,Martes,entre_semana
2024-09-10,Pechuga Asada,Carnes,2,mesa,52000,Martes,entre_semana
2024-09-10,Pechuga Asada,Carnes,4,domicilio,52000,Martes,entre_semana
2024-09-10,Mojarra 2en1,Pescados,5,mesa,50000,Martes,entre_semana
2024-09-10,Mojarra 2en1,Pescados,4,domicilio,50000,Martes,entre_semana
2024-09-10,Trucha 2en1,Pescados,1,mesa,50000,Martes,entre_semana
2024-09-10,Trucha 2en1,Pescados,1,domicilio,50000,Martes,entre_semana
2024-09-10,Tierra Aire Mar,Pescados,1,domicilio,90000,Martes,entre_semana
2024-09-10,Arroz con Pollo,Arroces,9,mesa,45000,Martes,entre_semana
2024-09-10,Arroz con Pollo,Arroces,8,domicilio,45000,Martes,entre_semana
2024-09-10,Almuerzo Ejecutivo,Corrientes,36,mesa,25000,Martes,entre_semana
2024-09-10,Almuerzo Ejecutivo,Corrientes,45,domicilio,25000,Martes,entre_semana
2024-09-11,Lengua en salsa,Sopas,1,mesa,60000,Miércoles,entre_semana
2024-09-11,Lengua en salsa,Sopas,1,domicilio,60000,Miércoles,entre_semana
2024-09-11,Sancocho de Gallina,Sopas,4,mesa,60000,Miércoles,entre_semana
2024-09-11,Sancocho de Gallina,Sopas,3,domicilio,60000,Miércoles,entre_semana
2024-09-11,Frijoles con Pezuña,Sopas,3,mesa,50000,Miércoles,entre_semana
2024-09-11,Frijoles con Pezuña,Sopas,2,domicilio,50000,Miércoles,entre_semana
2024-09-11,Pata,Sopas,1,mesa,27000,Miércoles,entre_semana
2024-09-11,Pata,Sopas,1,domicilio,27000,Miércoles,entre_semana
2024-09-11,Cola de Buey,Sopas,3,mesa,60000,Miércoles,entre_semana
2024-09-11,Cola de Buey,Sopas,5,domicilio,60000,Miércoles,entre_semana
2024-09-11,Cazuela de Mariscos,Sopas,1,mesa,53000,Miércoles,entre_semana
2024-09-11,Cazuela de Mariscos,Sopas,1,domicilio,53000,Miércoles,entre_semana
2024-09-11,Carne Asada (Chatas),Carnes,10,mesa,56000,Miércoles,entre_semana
2024-09-11,Carne Asada (Chatas),Carnes,9,domicilio,56000,Miércoles,entre_semana
2024-09-11,Carne Oreada,Carnes,3,mesa,56000,Miércoles,entre_semana
2024-09-11,Carne Oreada,Carnes,3,domicilio,56000,Miércoles,entre_semana
2024-09-11,Cabro con Pepitoria,Carnes,7,mesa,56000,Miércoles,entre_semana
2024-09-11,Cabro con Pepitoria,Carnes,11,domicilio,56000,Miércoles,entre_semana
2024-09-11,Costillas de Cerdo,Carnes,5,mesa,54000,Miércoles,entre_semana
2024-09-11,Costillas de Cerdo,Carnes,6,domicilio,54000,Miércoles,entre_semana
2024-09-11,Lomo de Cerdo,Carnes,3,mesa,54000,Miércoles,entre_semana
2024-09-11,Lomo de Cerdo,Carnes,4,domicilio,54000,Miércoles,entre_semana
2024-09-11,Sobrebarriga,Carnes,8,mesa,54000,Miércoles,entre_semana
2024-09-11,Sobrebarriga,Carnes,10,domicilio,54000,Miércoles,entre_semana
2024-09-11,Pechuga Asada,Carnes,2,mesa,52000,Miércoles,entre_semana
2024-09-11,Pechuga Asada,Carnes,4,domicilio,52000,Miércoles,entre_semana
2024-09-11,Mojarra 2en1,Pescados,4,mesa,50000,Miércoles,entre_semana
2024-09-11,Mojarra 2en1,Pescados,4,domicilio,50000,Miércoles,entre_semana
2024-09-11,Trucha 2en1,Pescados,1,mesa,50000,Miércoles,entre_semana
2024-09-11,Trucha 2en1,Pescados,1,domicilio,50000,Miércoles,entre_semana
2024-09-11,Tierra Aire Mar,Pescados,1,domicilio,90000,Miércoles,entre_semana
2024-09-11,Arroz con Pollo,Arroces,7,mesa,45000,Miércoles,entre_semana
2024-09-11,Arroz con Pollo,Arroces,8,domicilio,45000,Miércoles,entre_semana
2024-09-11,Almuerzo Ejecutivo,Corrientes,38,mesa,25000,Miércoles,entre_semana
2024-09-11,Almuerzo Ejecutivo,Corrientes,39,domicilio,25000,Miércoles,entre_semana
2024-09-12,Lengua en salsa,Sopas,1,mesa,60000,Jueves,entre_semana
2024-09-12,Lengua en salsa,Sopas,1,domicilio,60000,Jueves,entre_semana
2024-09-12,Sancocho de Gallina,Sopas,3,mesa,60000,Jueves,entre_semana
2024-09-12,Sancocho de Gallina,Sopas,3,domicilio,60000,Jueves,entre_semana
2024-09-12,Frijoles con Pezuña,Sopas,3,mesa,50000,Jueves,entre_semana
2024-09-12,Frijoles con Pezuña,Sopas,2,domicilio,50000,Jueves,entre_semana
2024-09-12,Pata,Sopas,1,mesa,27000,Jueves,entre_semana
2024-09-12,Pata,Sopas,1,domicilio,27000,Jueves,entre_semana
2024-09-12,Cola de Buey,Sopas,3,mesa,60000,Jueves,entre_semana
2024-09-12,Cola de Buey,Sopas,4,domicilio,60000,Jueves,entre_semana
2024-09-12,Cazuela de Mariscos,Sopas,1,mesa,53000,Jueves,entre_semana
2024-09-12,Cazuela de Mariscos,Sopas,1,domicilio,53000,Jueves,entre_semana
2024-09-12,Carne Asada (Chatas),Carnes,9,mesa,56000,Jueves,entre_semana
2024-09-12,Carne Asada (Chatas),Carnes,8,domicilio,56000,Jueves,entre_semana
2024-09-12,Carne Oreada,Carnes,3,mesa,56000,Jueves,entre_semana
2024-09-12,Carne Oreada,Carnes,3,domicilio,56000,Jueves,entre_semana
2024-09-12,Cabro con Pepitoria,Carnes,9,mesa,56000,Jueves,entre_semana
2024-09-12,Cabro con Pepitoria,Carnes,10,domicilio,56000,Jueves,entre_semana
2024-09-12,Costillas de Cerdo,Carnes,4,mesa,54000,Jueves,entre_semana
2024-09-12,Costillas de Cerdo,Carnes,5,domicilio,54000,Jueves,entre_semana
2024-09-12,Lomo de Cerdo,Carnes,4,mesa,54000,Jueves,entre_semana
2024-09-12,Lomo de Cerdo,Carnes,3,domicilio,54000,Jueves,entre_semana
2024-09-12,Sobrebarriga,Carnes,10,mesa,54000,Jueves,entre_semana
2024-09-12,Sobrebarriga,Carnes,10,domicilio,54000,Jueves,entre_semana
2024-09-12,Pechuga Asada,Carnes,2,mesa,52000,Jueves,entre_semana
2024-09-12,Pechuga Asada,Carnes,4,domicilio,52000,Jueves,entre_semana
2024-09-12,Mojarra 2en1,Pescados,4,mesa,50000,Jueves,entre_semana
2024-09-12,Mojarra 2en1,Pescados,4,domicilio,50000,Jueves,entre_semana
2024-09-12,Trucha 2en1,Pescados,1,mesa,50000,Jueves,entre_semana
2024-09-12,Trucha 2en1,Pescados,1,domicilio,50000,Jueves,entre_semana
2024-09-12,Tierra Aire Mar,Pescados,1,domicilio,90000,Jueves,entre_semana
2024-09-12,Arroz con Pollo,Arroces,10,mesa,45000,Jueves,entre_semana
2024-09-12,Arroz con Pollo,Arroces,9,domicilio,45000,Jueves,entre_semana
2024-09-12,Almuerzo Ejecutivo,Corrientes,44,mesa,25000,Jueves,entre_semana
2024-09-12,Almuerzo Ejecutivo,Corrientes,38,domicilio,25000,Jueves,entre_semana
2024-09-13,Lengua en salsa,Sopas,1,mesa,60000,Viernes,entre_semana
2024-09-13,Lengua en salsa,Sopas,1,domicilio,60000,Viernes,entre_semana
2024-09-13,Sancocho de Gallina,Sopas,3,mesa,60000,Viernes,entre_semana
2024-09-13,Sancocho de Gallina,Sopas,3,domicilio,60000,Viernes,entre_semana
2024-09-13,Frijoles con Pezuña,Sopas,3,mesa,50000,Viernes,entre_semana
2024-09-13,Frijoles con Pezuña,Sopas,2,domicilio,50000,Viernes,entre_semana
2024-09-13,Pata,Sopas,1,mesa,27000,Viernes,entre_semana
2024-09-13,Pata,Sopas,1,domicilio,27000,Viernes,entre_semana
2024-09-13,Cola de Buey,Sopas,3,mesa,60000,Viernes,entre_semana
2024-09-13,Cola de Buey,Sopas,5,domicilio,60000,Viernes,entre_semana
2024-09-13,Cazuela de Mariscos,Sopas,1,mesa,53000,Viernes,entre_semana
2024-09-13,Cazuela de Mariscos,Sopas,1,domicilio,53000,Viernes,entre_semana
2024-09-13,Carne Asada (Chatas),Carnes,9,mesa,56000,Viernes,entre_semana
2024-09-13,Carne Asada (Chatas),Carnes,10,domicilio,56000,Viernes,entre_semana
2024-09-13,Carne Oreada,Carnes,3,mesa,56000,Viernes,entre_semana
2024-09-13,Carne Oreada,Carnes,3,domicilio,56000,Viernes,entre_semana
2024-09-13,Cabro con Pepitoria,Carnes,10,mesa,56000,Viernes,entre_semana
2024-09-13,Cabro con Pepitoria,Carnes,9,domicilio,56000,Viernes,entre_semana
2024-09-13,Costillas de Cerdo,Carnes,4,mesa,54000,Viernes,entre_semana
2024-09-13,Costillas de Cerdo,Carnes,6,domicilio,54000,Viernes,entre_semana
2024-09-13,Lomo de Cerdo,Carnes,4,mesa,54000,Viernes,entre_semana
2024-09-13,Lomo de Cerdo,Carnes,4,domicilio,54000,Viernes,entre_semana
2024-09-13,Sobrebarriga,Carnes,9,mesa,54000,Viernes,entre_semana
2024-09-13,Sobrebarriga,Carnes,11,domicilio,54000,Viernes,entre_semana
2024-09-13,Pechuga Asada,Carnes,2,mesa,52000,Viernes,entre_semana
2024-09-13,Pechuga Asada,Carnes,3,domicilio,52000,Viernes,entre_semana
2024-09-13,Mojarra 2en1,Pescados,3,mesa,50000,Viernes,entre_semana
2024-09-13,Mojarra 2en1,Pescados,5,domicilio,50000,Viernes,entre_semana
2024-09-13,Trucha 2en1,Pescados,1,mesa,50000,Viernes,entre_semana
2024-09-13,Trucha 2en1,Pescados,1,domicilio,50000,Viernes,entre_semana
2024-09-13,Tierra Aire Mar,Pescados,1,domicilio,90000,Viernes,entre_semana
2024-09-13,Arroz con Pollo,Arroces,8,mesa,45000,Viernes,entre_semana
2024-09-13,Arroz con Pollo,Arroces,8,domicilio,45000,Viernes,entre_semana
2024-09-13,Almuerzo Ejecutivo,Corrientes,43,mesa,25000,Viernes,entre_semana
2024-09-13,Almuerzo Ejecutivo,Corrientes,47,domicilio,25000,Viernes,entre_semana
2024-09-14,Lengua en salsa,Sopas,2,mesa,60000,Sábado,sabado
2024-09-14,Lengua en salsa,Sopas,2,domicilio,60000,Sábado,sabado
2024-09-14,Mute,Sopas,17,mesa,30000,Sábado,sabado
2024-09-14,Mute,Sopas,13,domicilio,30000,Sábado,sabado
2024-09-14,Sancocho de Gallina,Sopas,14,mesa,60000,Sábado,sabado
2024-09-14,Sancocho de Gallina,Sopas,10,domicilio,60000,Sábado,sabado
2024-09-14,Frijoles con Pezuña,Sopas,4,mesa,50000,Sábado,sabado
2024-09-14,Frijoles con Pezuña,Sopas,4,domicilio,50000,Sábado,sabado
2024-09-14,Pata,Sopas,3,mesa,27000,Sábado,sabado
2024-09-14,Pata,Sopas,2,domicilio,27000,Sábado,sabado
2024-09-14,Cola de Buey,Sopas,4,mesa,60000,Sábado,sabado
2024-09-14,Cola de Buey,Sopas,9,domicilio,60000,Sábado,sabado
2024-09-14,Cazuela de Mariscos,Sopas,2,mesa,53000,Sábado,sabado
2024-09-14,Cazuela de Mariscos,Sopas,2,domicilio,53000,Sábado,sabado
2024-09-14,Carne Asada (Chatas),Carnes,14,mesa,56000,Sábado,sabado
2024-09-14,Carne Asada (Chatas),Carnes,14,domicilio,56000,Sábado,sabado
2024-09-14,Carne Oreada,Carnes,6,mesa,56000,Sábado,sabado
2024-09-14,Carne Oreada,Carnes,4,domicilio,56000,Sábado,sabado
2024-09-14,Cabro con Pepitoria,Carnes,14,mesa,56000,Sábado,sabado
2024-09-14,Cabro con Pepitoria,Carnes,16,domicilio,56000,Sábado,sabado
2024-09-14,Costillas de Cerdo,Carnes,7,mesa,54000,Sábado,sabado
2024-09-14,Costillas de Cerdo,Carnes,12,domicilio,54000,Sábado,sabado
2024-09-14,Lomo de Cerdo,Carnes,6,mesa,54000,Sábado,sabado
2024-09-14,Lomo de Cerdo,Carnes,5,domicilio,54000,Sábado,sabado
2024-09-14,Sobrebarriga,Carnes,17,mesa,54000,Sábado,sabado
2024-09-14,Sobrebarriga,Carnes,17,domicilio,54000,Sábado,sabado
2024-09-14,Pechuga Asada,Carnes,4,mesa,52000,Sábado,sabado
2024-09-14,Pechuga Asada,Carnes,6,domicilio,52000,Sábado,sabado
2024-09-14,Mojarra 2en1,Pescados,9,mesa,50000,Sábado,sabado
2024-09-14,Mojarra 2en1,Pescados,6,domicilio,50000,Sábado,sabado
2024-09-14,Trucha 2en1,Pescados,2,mesa,50000,Sábado,sabado
2024-09-14,Trucha 2en1,Pescados,2,domicilio,50000,Sábado,sabado
2024-09-14,Tierra Aire Mar,Pescados,1,mesa,90000,Sábado,sabado
2024-09-14,Tierra Aire Mar,Pescados,1,domicilio,90000,Sábado,sabado
2024-09-14,Arroz con Pollo,Arroces,10,mesa,45000,Sábado,sabado
2024-09-14,Arroz con Pollo,Arroces,10,domicilio,45000,Sábado,sabado
2024-09-14,Almuerzo Ejecutivo,Corrientes,41,domicilio,25000,Sábado,sabado
2024-09-15,Lengua en salsa,Sopas,4,mesa,60000,Domingo,domingo
2024-09-15,Lengua en salsa,Sopas,3,domicilio,60000,Domingo,domingo
2024-09-15,Mute,Sopas,35,mesa,30000,Domingo,domingo
2024-09-15,Mute,Sopas,32,domicilio,30000,Domingo,domingo
2024-09-15,Sancocho de Gallina,Sopas,23,mesa,60000,Domingo,domingo
2024-09-15,Sancocho de Gallina,Sopas,21,domicilio,60000,Domingo,domingo
2024-09-15,Pata,Sopas,7,mesa,27000,Domingo,domingo
2024-09-15,Pata,Sopas,4,domicilio,27000,Domingo,domingo
2024-09-15,Cola de Buey,Sopas,12,mesa,60000,Domingo,domingo
2024-09-15,Cola de Buey,Sopas,15,domicilio,60000,Domingo,domingo
2024-09-15,Cazuela de Mariscos,Sopas,5,mesa,53000,Domingo,domingo
2024-09-15,Cazuela de Mariscos,Sopas,3,domicilio,53000,Domingo,domingo
2024-09-15,Carne Asada (Chatas),Carnes,23,mesa,56000,Domingo,domingo
2024-09-15,Carne Asada (Chatas),Carnes,22,domicilio,56000,Domingo,domingo
2024-09-15,Carne Oreada,Carnes,13,mesa,56000,Domingo,domingo
2024-09-15,Carne Oreada,Carnes,9,domicilio,56000,Domingo,domingo
2024-09-15,Cabro con Pepitoria,Carnes,24,mesa,56000,Domingo,domingo
2024-09-15,Cabro con Pepitoria,Carnes,25,domicilio,56000,Domingo,domingo
2024-09-15,Costillas de Cerdo,Carnes,14,mesa,54000,Domingo,domingo
2024-09-15,Costillas de Cerdo,Carnes,20,domicilio,54000,Domingo,domingo
2024-09-15,Lomo de Cerdo,Carnes,11,mesa,54000,Domingo,domingo
2024-09-15,Lomo de Cerdo,Carnes,13,domicilio,54000,Domingo,domingo
2024-09-15,Sobrebarriga,Carnes,34,mesa,54000,Domingo,domingo
2024-09-15,Sobrebarriga,Carnes,28,domicilio,54000,Domingo,domingo
2024-09-15,Pechuga Asada,Carnes,9,mesa,52000,Domingo,domingo
2024-09-15,Pechuga Asada,Carnes,14,domicilio,52000,Domingo,domingo
2024-09-15,Mojarra 2en1,Pescados,13,mesa,50000,Domingo,domingo
2024-09-15,Mojarra 2en1,Pescados,16,domicilio,50000,Domingo,domingo
2024-09-15,Trucha 2en1,Pescados,4,mesa,50000,Domingo,domingo
2024-09-15,Trucha 2en1,Pescados,4,domicilio,50000,Domingo,domingo
2024-09-15,Tierra Aire Mar,Pescados,2,mesa,90000,Domingo,domingo
2024-09-15,Tierra Aire Mar,Pescados,2,domicilio,90000,Domingo,domingo
2024-09-15,Arroz con Pollo,Arroces,25,mesa,45000,Domingo,domingo
2024-09-15,Arroz con Pollo,Arroces,27,domicilio,45000,Domingo,domingo
2024-09-17,Lengua en salsa,Sopas,1,mesa,60000,Martes,entre_semana
2024-09-17,Lengua en salsa,Sopas,1,domicilio,60000,Martes,entre_semana
2024-09-17,Sancocho de Gallina,Sopas,3,mesa,60000,Martes,entre_semana
2024-09-17,Sancocho de Gallina,Sopas,4,domicilio,60000,Martes,entre_semana
2024-09-17,Frijoles con Pezuña,Sopas,3,mesa,50000,Martes,entre_semana
2024-09-17,Frijoles con Pezuña,Sopas,2,domicilio,50000,Martes,entre_semana
2024-09-17,Pata,Sopas,1,mesa,27000,Martes,entre_semana
2024-09-17,Pata,Sopas,1,domicilio,27000,Martes,entre_semana
2024-09-17,Cola de Buey,Sopas,3,mesa,60000,Martes,entre_semana
2024-09-17,Cola de Buey,Sopas,3,domicilio,60000,Martes,entre_semana
2024-09-17,Cazuela de Mariscos,Sopas,1,mesa,53000,Martes,entre_semana
2024-09-17,Cazuela de Mariscos,Sopas,1,domicilio,53000,Martes,entre_semana
2024-09-17,Carne Asada (Chatas),Carnes,9,mesa,56000,Martes,entre_semana
2024-09-17,Carne Asada (Chatas),Carnes,9,domicilio,56000,Martes,entre_semana
2024-09-17,Carne Oreada,Carnes,4,mesa,56000,Martes,entre_semana
2024-09-17,Carne Oreada,Carnes,3,domicilio,56000,Martes,entre_semana
2024-09-17,Cabro con Pepitoria,Carnes,10,mesa,56000,Martes,entre_semana
2024-09-17,Cabro con Pepitoria,Carnes,9,domicilio,56000,Martes,entre_semana
2024-09-17,Costillas de Cerdo,Carnes,5,mesa,54000,Martes,entre_semana
2024-09-17,Costillas de Cerdo,Carnes,7,domicilio,54000,Martes,entre_semana
2024-09-17,Lomo de Cerdo,Carnes,4,mesa,54000,Martes,entre_semana
2024-09-17,Lomo de Cerdo,Carnes,4,domicilio,54000,Martes,entre_semana
2024-09-17,Sobrebarriga,Carnes,9,mesa,54000,Martes,entre_semana
2024-09-17,Sobrebarriga,Carnes,10,domicilio,54000,Martes,entre_semana
2024-09-17,Pechuga Asada,Carnes,2,mesa,52000,Martes,entre_semana
2024-09-17,Pechuga Asada,Carnes,4,domicilio,52000,Martes,entre_semana
2024-09-17,Mojarra 2en1,Pescados,4,mesa,50000,Martes,entre_semana
2024-09-17,Mojarra 2en1,Pescados,3,domicilio,50000,Martes,entre_semana
2024-09-17,Trucha 2en1,Pescados,1,mesa,50000,Martes,entre_semana
2024-09-17,Trucha 2en1,Pescados,1,domicilio,50000,Martes,entre_semana
2024-09-17,Tierra Aire Mar,Pescados,1,domicilio,90000,Martes,entre_semana
2024-09-17,Arroz con Pollo,Arroces,8,mesa,45000,Martes,entre_semana
2024-09-17,Arroz con Pollo,Arroces,8,domicilio,45000,Martes,entre_semana
2024-09-17,Almuerzo Ejecutivo,Corrientes,46,mesa,25000,Martes,entre_semana
2024-09-17,Almuerzo Ejecutivo,Corrientes,43,domicilio,25000,Martes,entre_semana
2024-09-18,Lengua en salsa,Sopas,1,mesa,60000,Miércoles,entre_semana
2024-09-18,Lengua en salsa,Sopas,1,domicilio,60000,Miércoles,entre_semana
2024-09-18,Sancocho de Gallina,Sopas,3,mesa,60000,Miércoles,entre_semana
2024-09-18,Sancocho de Gallina,Sopas,3,domicilio,60000,Miércoles,entre_semana
2024-09-18,Frijoles con Pezuña,Sopas,3,mesa,50000,Miércoles,entre_semana
2024-09-18,Frijoles con Pezuña,Sopas,2,domicilio,50000,Miércoles,entre_semana
2024-09-18,Pata,Sopas,1,mesa,27000,Miércoles,entre_semana
2024-09-18,Pata,Sopas,1,domicilio,27000,Miércoles,entre_semana
2024-09-18,Cola de Buey,Sopas,4,mesa,60000,Miércoles,entre_semana
2024-09-18,Cola de Buey,Sopas,5,domicilio,60000,Miércoles,entre_semana
2024-09-18,Cazuela de Mariscos,Sopas,1,mesa,53000,Miércoles,entre_semana
2024-09-18,Cazuela de Mariscos,Sopas,1,domicilio,53000,Miércoles,entre_semana
2024-09-18,Carne Asada (Chatas),Carnes,7,mesa,56000,Miércoles,entre_semana
2024-09-18,Carne Asada (Chatas),Carnes,10,domicilio,56000,Miércoles,entre_semana
2024-09-18,Carne Oreada,Carnes,3,mesa,56000,Miércoles,entre_semana
2024-09-18,Carne Oreada,Carnes,3,domicilio,56000,Miércoles,entre_semana
2024-09-18,Cabro con Pepitoria,Carnes,10,mesa,56000,Miércoles,entre_semana
2024-09-18,Cabro con Pepitoria,Carnes,11,domicilio,56000,Miércoles,entre_semana
2024-09-18,Costillas de Cerdo,Carnes,4,mesa,54000,Miércoles,entre_semana
2024-09-18,Costillas de Cerdo,Carnes,6,domicilio,54000,Miércoles,entre_semana
2024-09-18,Lomo de Cerdo,Carnes,4,mesa,54000,Miércoles,entre_semana
2024-09-18,Lomo de Cerdo,Carnes,4,domicilio,54000,Miércoles,entre_semana
2024-09-18,Sobrebarriga,Carnes,8,mesa,54000,Miércoles,entre_semana
2024-09-18,Sobrebarriga,Carnes,9,domicilio,54000,Miércoles,entre_semana
2024-09-18,Pechuga Asada,Carnes,2,mesa,52000,Miércoles,entre_semana
2024-09-18,Pechuga Asada,Carnes,4,domicilio,52000,Miércoles,entre_semana
2024-09-18,Mojarra 2en1,Pescados,4,mesa,50000,Miércoles,entre_semana
2024-09-18,Mojarra 2en1,Pescados,4,domicilio,50000,Miércoles,entre_semana
2024-09-18,Trucha 2en1,Pescados,1,mesa,50000,Miércoles,entre_semana
2024-09-18,Trucha 2en1,Pescados,1,domicilio,50000,Miércoles,entre_semana
2024-09-18,Tierra Aire Mar,Pescados,1,domicilio,90000,Miércoles,entre_semana
2024-09-18,Arroz con Pollo,Arroces,7,mesa,45000,Miércoles,entre_semana
2024-09-18,Arroz con Pollo,Arroces,7,domicilio,45000,Miércoles,entre_semana
2024-09-18,Almuerzo Ejecutivo,Corrientes,53,mesa,25000,Miércoles,entre_semana
2024-09-18,Almuerzo Ejecutivo,Corrientes,49,domicilio,25000,Miércoles,entre_semana
2024-09-19,Lengua en salsa,Sopas,1,mesa,60000,Jueves,entre_semana
2024-09-19,Lengua en salsa,Sopas,1,domicilio,60000,Jueves,entre_semana
2024-09-19,Sancocho de Gallina,Sopas,2,mesa,60000,Jueves,entre_semana
2024-09-19,Sancocho de Gallina,Sopas,3,domicilio,60000,Jueves,entre_semana
2024-09-19,Frijoles con Pezuña,Sopas,3,mesa,50000,Jueves,entre_semana
2024-09-19,Frijoles con Pezuña,Sopas,2,domicilio,50000,Jueves,entre_semana
2024-09-19,Pata,Sopas,1,mesa,27000,Jueves,entre_semana
2024-09-19,Pata,Sopas,1,domicilio,27000,Jueves,entre_semana
2024-09-19,Cola de Buey,Sopas,3,mesa,60000,Jueves,entre_semana
2024-09-19,Cola de Buey,Sopas,4,domicilio,60000,Jueves,entre_semana
2024-09-19,Cazuela de Mariscos,Sopas,1,mesa,53000,Jueves,entre_semana
2024-09-19,Cazuela de Mariscos,Sopas,1,domicilio,53000,Jueves,entre_semana
2024-09-19,Carne Asada (Chatas),Carnes,10,mesa,56000,Jueves,entre_semana
2024-09-19,Carne Asada (Chatas),Carnes,8,domicilio,56000,Jueves,entre_semana
2024-09-19,Carne Oreada,Carnes,3,mesa,56000,Jueves,entre_semana
2024-09-19,Carne Oreada,Carnes,3,domicilio,56000,Jueves,entre_semana
2024-09-19,Cabro con Pepitoria,Carnes,10,mesa,56000,Jueves,entre_semana
2024-09-19,Cabro con Pepitoria,Carnes,7,domicilio,56000,Jueves,entre_semana
2024-09-19,Costillas de Cerdo,Carnes,4,mesa,54000,Jueves,entre_semana
2024-09-19,Costillas de Cerdo,Carnes,5,domicilio,54000,Jueves,entre_semana
2024-09-19,Lomo de Cerdo,Carnes,4,mesa,54000,Jueves,entre_semana
2024-09-19,Lomo de Cerdo,Carnes,3,domicilio,54000,Jueves,entre_semana
2024-09-19,Sobrebarriga,Carnes,10,mesa,54000,Jueves,entre_semana
2024-09-19,Sobrebarriga,Carnes,11,domicilio,54000,Jueves,entre_semana
2024-09-19,Pechuga Asada,Carnes,2,mesa,52000,Jueves,entre_semana
2024-09-19,Pechuga Asada,Carnes,4,domicilio,52000,Jueves,entre_semana
2024-09-19,Mojarra 2en1,Pescados,4,mesa,50000,Jueves,entre_semana
2024-09-19,Mojarra 2en1,Pescados,4,domicilio,50000,Jueves,entre_semana
2024-09-19,Trucha 2en1,Pescados,1,mesa,50000,Jueves,entre_semana
2024-09-19,Trucha 2en1,Pescados,1,domicilio,50000,Jueves,entre_semana
2024-09-19,Tierra Aire Mar,Pescados,1,domicilio,90000,Jueves,entre_semana
2024-09-19,Arroz con Pollo,Arroces,9,mesa,45000,Jueves,entre_semana
2024-09-19,Arroz con Pollo,Arroces,7,domicilio,45000,Jueves,entre_semana
2024-09-19,Almuerzo Ejecutivo,Corrientes,45,mesa,25000,Jueves,entre_semana
2024-09-19,Almuerzo Ejecutivo,Corrientes,54,domicilio,25000,Jueves,entre_semana
2024-09-20,Lengua en salsa,Sopas,1,mesa,60000,Viernes,entre_semana
2024-09-20,Lengua en salsa,Sopas,1,domicilio,60000,Viernes,entre_semana
2024-09-20,Sancocho de Gallina,Sopas,3,mesa,60000,Viernes,entre_semana
2024-09-20,Sancocho de Gallina,Sopas,3,domicilio,60000,Viernes,entre_semana
2024-09-20,Frijoles con Pezuña,Sopas,3,mesa,50000,Viernes,entre_semana
2024-09-20,Frijoles con Pezuña,Sopas,2,domicilio,50000,Viernes,entre_semana
2024-09-20,Pata,Sopas,1,mesa,27000,Viernes,entre_semana
2024-09-20,Pata,Sopas,1,domicilio,27000,Viernes,entre_semana
2024-09-20,Cola de Buey,Sopas,3,mesa,60000,Viernes,entre_semana
2024-09-20,Cola de Buey,Sopas,3,domicilio,60000,Viernes,entre_semana
2024-09-20,Cazuela de Mariscos,Sopas,1,mesa,53000,Viernes,entre_semana
2024-09-20,Cazuela de Mariscos,Sopas,1,domicilio,53000,Viernes,entre_semana
2024-09-20,Carne Asada (Chatas),Carnes,8,mesa,56000,Viernes,entre_semana
2024-09-20,Carne Asada (Chatas),Carnes,10,domicilio,56000,Viernes,entre_semana
2024-09-20,Carne Oreada,Carnes,3,mesa,56000,Viernes,entre_semana
2024-09-20,Carne Oreada,Carnes,3,domicilio,56000,Viernes,entre_semana
2024-09-20,Cabro con Pepitoria,Carnes,9,mesa,56000,Viernes,entre_semana
2024-09-20,Cabro con Pepitoria,Carnes,10,domicilio,56000,Viernes,entre_semana
2024-09-20,Costillas de Cerdo,Carnes,5,mesa,54000,Viernes,entre_semana
2024-09-20,Costillas de Cerdo,Carnes,5,domicilio,54000,Viernes,entre_semana
2024-09-20,Lomo de Cerdo,Carnes,5,mesa,54000,Viernes,entre_semana
2024-09-20,Lomo de Cerdo,Carnes,3,domicilio,54000,Viernes,entre_semana
2024-09-20,Sobrebarriga,Carnes,12,mesa,54000,Viernes,entre_semana
2024-09-20,Sobrebarriga,Carnes,10,domicilio,54000,Viernes,entre_semana
2024-09-20,Pechuga Asada,Carnes,2,mesa,52000,Viernes,entre_semana
2024-09-20,Pechuga Asada,Carnes,5,domicilio,52000,Viernes,entre_semana
2024-09-20,Mojarra 2en1,Pescados,4,mesa,50000,Viernes,entre_semana
2024-09-20,Mojarra 2en1,Pescados,3,domicilio,50000,Viernes,entre_semana
2024-09-20,Trucha 2en1,Pescados,1,mesa,50000,Viernes,entre_semana
2024-09-20,Trucha 2en1,Pescados,1,domicilio,50000,Viernes,entre_semana
2024-09-20,Tierra Aire Mar,Pescados,1,domicilio,90000,Viernes,entre_semana
2024-09-20,Arroz con Pollo,Arroces,9,mesa,45000,Viernes,entre_semana
2024-09-20,Arroz con Pollo,Arroces,9,domicilio,45000,Viernes,entre_semana
2024-09-20,Almuerzo Ejecutivo,Corrientes,42,mesa,25000,Viernes,entre_semana
2024-09-20,Almuerzo Ejecutivo,Corrientes,41,domicilio,25000,Viernes,entre_semana
2024-09-21,Lengua en salsa,Sopas,2,mesa,60000,Sábado,sabado
2024-09-21,Lengua en salsa,Sopas,2,domicilio,60000,Sábado,sabado
2024-09-21,Mute,Sopas,17,mesa,30000,Sábado,sabado
2024-09-21,Mute,Sopas,16,domicilio,30000,Sábado,sabado
2024-09-21,Sancocho de Gallina,Sopas,13,mesa,60000,Sábado,sabado
2024-09-21,Sancocho de Gallina,Sopas,11,domicilio,60000,Sábado,sabado
2024-09-21,Frijoles con Pezuña,Sopas,4,mesa,50000,Sábado,sabado
2024-09-21,Frijoles con Pezuña,Sopas,4,domicilio,50000,Sábado,sabado
2024-09-21,Pata,Sopas,3,mesa,27000,Sábado,sabado
2024-09-21,Pata,Sopas,2,domicilio,27000,Sábado,sabado
2024-09-21,Cola de Buey,Sopas,4,mesa,60000,Sábado,sabado
2024-09-21,Cola de Buey,Sopas,8,domicilio,60000,Sábado,sabado
2024-09-21,Cazuela de Mariscos,Sopas,2,mesa,53000,Sábado,sabado
2024-09-21,Cazuela de Mariscos,Sopas,2,domicilio,53000,Sábado,sabado
2024-09-21,Carne Asada (Chatas),Carnes,11,mesa,56000,Sábado,sabado
2024-09-21,Carne Asada (Chatas),Carnes,12,domicilio,56000,Sábado,sabado
2024-09-21,Carne Oreada,Carnes,5,mesa,56000,Sábado,sabado
2024-09-21,Carne Oreada,Carnes,4,domicilio,56000,Sábado,sabado
2024-09-21,Cabro con Pepitoria,Carnes,12,mesa,56000,Sábado,sabado
2024-09-21,Cabro con Pepitoria,Carnes,13,domicilio,56000,Sábado,sabado
2024-09-21,Costillas de Cerdo,Carnes,7,mesa,54000,Sábado,sabado
2024-09-21,Costillas de Cerdo,Carnes,8,domicilio,54000,Sábado,sabado
2024-09-21,Lomo de Cerdo,Carnes,6,mesa,54000,Sábado,sabado
2024-09-21,Lomo de Cerdo,Carnes,7,domicilio,54000,Sábado,sabado
2024-09-21,Sobrebarriga,Carnes,16,mesa,54000,Sábado,sabado
2024-09-21,Sobrebarriga,Carnes,17,domicilio,54000,Sábado,sabado
2024-09-21,Pechuga Asada,Carnes,5,mesa,52000,Sábado,sabado
2024-09-21,Pechuga Asada,Carnes,6,domicilio,52000,Sábado,sabado
2024-09-21,Mojarra 2en1,Pescados,9,mesa,50000,Sábado,sabado
2024-09-21,Mojarra 2en1,Pescados,6,domicilio,50000,Sábado,sabado
2024-09-21,Trucha 2en1,Pescados,2,mesa,50000,Sábado,sabado
2024-09-21,Trucha 2en1,Pescados,2,domicilio,50000,Sábado,sabado
2024-09-21,Tierra Aire Mar,Pescados,1,mesa,90000,Sábado,sabado
2024-09-21,Tierra Aire Mar,Pescados,1,domicilio,90000,Sábado,sabado
2024-09-21,Arroz con Pollo,Arroces,13,mesa,45000,Sábado,sabado
2024-09-21,Arroz con Pollo,Arroces,14,domicilio,45000,Sábado,sabado
2024-09-21,Almuerzo Ejecutivo,Corrientes,43,domicilio,25000,Sábado,sabado
2024-09-22,Lengua en salsa,Sopas,4,mesa,60000,Domingo,domingo
2024-09-22,Lengua en salsa,Sopas,3,domicilio,60000,Domingo,domingo
2024-09-22,Mute,Sopas,47,mesa,30000,Domingo,domingo
2024-09-22,Mute,Sopas,32,domicilio,30000,Domingo,domingo
2024-09-22,Sancocho de Gallina,Sopas,29,mesa,60000,Domingo,domingo
2024-09-22,Sancocho de Gallina,Sopas,18,domicilio,60000,Domingo,domingo
2024-09-22,Pata,Sopas,6,mesa,27000,Domingo,domingo
2024-09-22,Pata,Sopas,5,domicilio,27000,Domingo,domingo
2024-09-22,Cola de Buey,Sopas,11,mesa,60000,Domingo,domingo
2024-09-22,Cola de Buey,Sopas,14,domicilio,60000,Domingo,domingo
2024-09-22,Cazuela de Mariscos,Sopas,3,mesa,53000,Domingo,domingo
2024-09-22,Cazuela de Mariscos,Sopas,2,domicilio,53000,Domingo,domingo
2024-09-22,Carne Asada (Chatas),Carnes,31,mesa,56000,Domingo,domingo
2024-09-22,Carne Asada (Chatas),Carnes,26,domicilio,56000,Domingo,domingo
2024-09-22,Carne Oreada,Carnes,10,mesa,56000,Domingo,domingo
2024-09-22,Carne Oreada,Carnes,7,domicilio,56000,Domingo,domingo
2024-09-22,Cabro con Pepitoria,Carnes,33,mesa,56000,Domingo,domingo
2024-09-22,Cabro con Pepitoria,Carnes,24,domicilio,56000,Domingo,domingo
2024-09-22,Costillas de Cerdo,Carnes,15,mesa,54000,Domingo,domingo
2024-09-22,Costillas de Cerdo,Carnes,20,domicilio,54000,Domingo,domingo
2024-09-22,Lomo de Cerdo,Carnes,15,mesa,54000,Domingo,domingo
2024-09-22,Lomo de Cerdo,Carnes,13,domicilio,54000,Domingo,domingo
2024-09-22,Sobrebarriga,Carnes,26,mesa,54000,Domingo,domingo
2024-09-22,Sobrebarriga,Carnes,30,domicilio,54000,Domingo,domingo
2024-09-22,Pechuga Asada,Carnes,7,mesa,52000,Domingo,domingo
2024-09-22,Pechuga Asada,Carnes,13,domicilio,52000,Domingo,domingo
2024-09-22,Mojarra 2en1,Pescados,13,mesa,50000,Domingo,domingo
2024-09-22,Mojarra 2en1,Pescados,16,domicilio,50000,Domingo,domingo
2024-09-22,Trucha 2en1,Pescados,5,mesa,50000,Domingo,domingo
2024-09-22,Trucha 2en1,Pescados,4,domicilio,50000,Domingo,domingo
2024-09-22,Tierra Aire Mar,Pescados,2,mesa,90000,Domingo,domingo
2024-09-22,Tierra Aire Mar,Pescados,2,domicilio,90000,Domingo,domingo
2024-09-22,Arroz con Pollo,Arroces,26,mesa,45000,Domingo,domingo
2024-09-22,Arroz con Pollo,Arroces,23,domicilio,45000,Domingo,domingo
2024-09-24,Lengua en salsa,Sopas,1,mesa,60000,Martes,entre_semana
2024-09-24,Lengua en salsa,Sopas,1,domicilio,60000,Martes,entre_semana
2024-09-24,Sancocho de Gallina,Sopas,3,mesa,60000,Martes,entre_semana
2024-09-24,Sancocho de Gallina,Sopas,3,domicilio,60000,Martes,entre_semana
2024-09-24,Frijoles con Pezuña,Sopas,4,mesa,50000,Martes,entre_semana
2024-09-24,Frijoles con Pezuña,Sopas,2,domicilio,50000,Martes,entre_semana
2024-09-24,Pata,Sopas,1,mesa,27000,Martes,entre_semana
2024-09-24,Pata,Sopas,1,domicilio,27000,Martes,entre_semana
2024-09-24,Cola de Buey,Sopas,3,mesa,60000,Martes,entre_semana
2024-09-24,Cola de Buey,Sopas,4,domicilio,60000,Martes,entre_semana
2024-09-24,Cazuela de Mariscos,Sopas,1,mesa,53000,Martes,entre_semana
2024-09-24,Cazuela de Mariscos,Sopas,1,domicilio,53000,Martes,entre_semana
2024-09-24,Carne Asada (Chatas),Carnes,9,mesa,56000,Martes,entre_semana
2024-09-24,Carne Asada (Chatas),Carnes,9,domicilio,56000,Martes,entre_semana
2024-09-24,Carne Oreada,Carnes,3,mesa,56000,Martes,entre_semana
2024-09-24,Carne Oreada,Carnes,3,domicilio,56000,Martes,entre_semana
2024-09-24,Cabro con Pepitoria,Carnes,10,mesa,56000,Martes,entre_semana
2024-09-24,Cabro con Pepitoria,Carnes,9,domicilio,56000,Martes,entre_semana
2024-09-24,Costillas de Cerdo,Carnes,4,mesa,54000,Martes,entre_semana
2024-09-24,Costillas de Cerdo,Carnes,7,domicilio,54000,Martes,entre_semana
2024-09-24,Lomo de Cerdo,Carnes,5,mesa,54000,Martes,entre_semana
2024-09-24,Lomo de Cerdo,Carnes,4,domicilio,54000,Martes,entre_semana
2024-09-24,Sobrebarriga,Carnes,10,mesa,54000,Martes,entre_semana
2024-09-24,Sobrebarriga,Carnes,12,domicilio,54000,Martes,entre_semana
2024-09-24,Pechuga Asada,Carnes,2,mesa,52000,Martes,entre_semana
2024-09-24,Pechuga Asada,Carnes,4,domicilio,52000,Martes,entre_semana
2024-09-24,Mojarra 2en1,Pescados,4,mesa,50000,Martes,entre_semana
2024-09-24,Mojarra 2en1,Pescados,4,domicilio,50000,Martes,entre_semana
2024-09-24,Trucha 2en1,Pescados,1,mesa,50000,Martes,entre_semana
2024-09-24,Trucha 2en1,Pescados,1,domicilio,50000,Martes,entre_semana
2024-09-24,Tierra Aire Mar,Pescados,1,domicilio,90000,Martes,entre_semana
2024-09-24,Arroz con Pollo,Arroces,7,mesa,45000,Martes,entre_semana
2024-09-24,Arroz con Pollo,Arroces,8,domicilio,45000,Martes,entre_semana
2024-09-24,Almuerzo Ejecutivo,Corrientes,50,mesa,25000,Martes,entre_semana
2024-09-24,Almuerzo Ejecutivo,Corrientes,48,domicilio,25000,Martes,entre_semana
2024-09-25,Lengua en salsa,Sopas,1,mesa,60000,Miércoles,entre_semana
2024-09-25,Lengua en salsa,Sopas,1,domicilio,60000,Miércoles,entre_semana
2024-09-25,Sancocho de Gallina,Sopas,3,mesa,60000,Miércoles,entre_semana
2024-09-25,Sancocho de Gallina,Sopas,3,domicilio,60000,Miércoles,entre_semana
2024-09-25,Frijoles con Pezuña,Sopas,3,mesa,50000,Miércoles,entre_semana
2024-09-25,Frijoles con Pezuña,Sopas,2,domicilio,50000,Miércoles,entre_semana
2024-09-25,Pata,Sopas,1,mesa,27000,Miércoles,entre_semana
2024-09-25,Pata,Sopas,1,domicilio,27000,Miércoles,entre_semana
2024-09-25,Cola de Buey,Sopas,3,mesa,60000,Miércoles,entre_semana
2024-09-25,Cola de Buey,Sopas,4,domicilio,60000,Miércoles,entre_semana
2024-09-25,Cazuela de Mariscos,Sopas,1,mesa,53000,Miércoles,entre_semana
2024-09-25,Cazuela de Mariscos,Sopas,1,domicilio,53000,Miércoles,entre_semana
2024-09-25,Carne Asada (Chatas),Carnes,8,mesa,56000,Miércoles,entre_semana
2024-09-25,Carne Asada (Chatas),Carnes,10,domicilio,56000,Miércoles,entre_semana
2024-09-25,Carne Oreada,Carnes,3,mesa,56000,Miércoles,entre_semana
2024-09-25,Carne Oreada,Carnes,3,domicilio,56000,Miércoles,entre_semana
2024-09-25,Cabro con Pepitoria,Carnes,7,mesa,56000,Miércoles,entre_semana
2024-09-25,Cabro con Pepitoria,Carnes,9,domicilio,56000,Miércoles,entre_semana
2024-09-25,Costillas de Cerdo,Carnes,5,mesa,54000,Miércoles,entre_semana
2024-09-25,Costillas de Cerdo,Carnes,6,domicilio,54000,Miércoles,entre_semana
2024-09-25,Lomo de Cerdo,Carnes,5,mesa,54000,Miércoles,entre_semana
2024-09-25,Lomo de Cerdo,Carnes,4,domicilio,54000,Miércoles,entre_semana
2024-09-25,Sobrebarriga,Carnes,12,mesa,54000,Miércoles,entre_semana
2024-09-25,Sobrebarriga,Carnes,8,domicilio,54000,Miércoles,entre_semana
2024-09-25,Pechuga Asada,Carnes,2,mesa,52000,Miércoles,entre_semana
2024-09-25,Pechuga Asada,Carnes,4,domicilio,52000,Miércoles,entre_semana
2024-09-25,Mojarra 2en1,Pescados,3,mesa,50000,Miércoles,entre_semana
2024-09-25,Mojarra 2en1,Pescados,3,domicilio,50000,Miércoles,entre_semana
2024-09-25,Trucha 2en1,Pescados,1,mesa,50000,Miércoles,entre_semana
2024-09-25,Trucha 2en1,Pescados,1,domicilio,50000,Miércoles,entre_semana
2024-09-25,Tierra Aire Mar,Pescados,1,domicilio,90000,Miércoles,entre_semana
2024-09-25,Arroz con Pollo,Arroces,9,mesa,45000,Miércoles,entre_semana
2024-09-25,Arroz con Pollo,Arroces,7,domicilio,45000,Miércoles,entre_semana
2024-09-25,Almuerzo Ejecutivo,Corrientes,46,mesa,25000,Miércoles,entre_semana
2024-09-25,Almuerzo Ejecutivo,Corrientes,53,domicilio,25000,Miércoles,entre_semana
2024-09-26,Lengua en salsa,Sopas,1,mesa,60000,Jueves,entre_semana
2024-09-26,Lengua en salsa,Sopas,1,domicilio,60000,Jueves,entre_semana
2024-09-26,Sancocho de Gallina,Sopas,3,mesa,60000,Jueves,entre_semana
2024-09-26,Sancocho de Gallina,Sopas,3,domicilio,60000,Jueves,entre_semana
2024-09-26,Frijoles con Pezuña,Sopas,4,mesa,50000,Jueves,entre_semana
2024-09-26,Frijoles con Pezuña,Sopas,2,domicilio,50000,Jueves,entre_semana
2024-09-26,Pata,Sopas,1,mesa,27000,Jueves,entre_semana
2024-09-26,Pata,Sopas,1,domicilio,27000,Jueves,entre_semana
2024-09-26,Cola de Buey,Sopas,3,mesa,60000,Jueves,entre_semana
2024-09-26,Cola de Buey,Sopas,3,domicilio,60000,Jueves,entre_semana
2024-09-26,Cazuela de Mariscos,Sopas,1,mesa,53000,Jueves,entre_semana
2024-09-26,Cazuela de Mariscos,Sopas,1,domicilio,53000,Jueves,entre_semana
2024-09-26,Carne Asada (Chatas),Carnes,9,mesa,56000,Jueves,entre_semana
2024-09-26,Carne Asada (Chatas),Carnes,8,domicilio,56000,Jueves,entre_semana
2024-09-26,Carne Oreada,Carnes,3,mesa,56000,Jueves,entre_semana
2024-09-26,Carne Oreada,Carnes,3,domicilio,56000,Jueves,entre_semana
2024-09-26,Cabro con Pepitoria,Carnes,8,mesa,56000,Jueves,entre_semana
2024-09-26,Cabro con Pepitoria,Carnes,9,domicilio,56000,Jueves,entre_semana
2024-09-26,Costillas de Cerdo,Carnes,6,mesa,54000,Jueves,entre_semana
2024-09-26,Costillas de Cerdo,Carnes,5,domicilio,54000,Jueves,entre_semana
2024-09-26,Lomo de Cerdo,Carnes,4,mesa,54000,Jueves,entre_semana
2024-09-26,Lomo de Cerdo,Carnes,4,domicilio,54000,Jueves,entre_semana
2024-09-26,Sobrebarriga,Carnes,11,mesa,54000,Jueves,entre_semana
2024-09-26,Sobrebarriga,Carnes,12,domicilio,54000,Jueves,entre_semana
2024-09-26,Pechuga Asada,Carnes,2,mesa,52000,Jueves,entre_semana
2024-09-26,Pechuga Asada,Carnes,4,domicilio,52000,Jueves,entre_semana
2024-09-26,Mojarra 2en1,Pescados,5,mesa,50000,Jueves,entre_semana
2024-09-26,Mojarra 2en1,Pescados,4,domicilio,50000,Jueves,entre_semana
2024-09-26,Trucha 2en1,Pescados,1,mesa,50000,Jueves,entre_semana
2024-09-26,Trucha 2en1,Pescados,1,domicilio,50000,Jueves,entre_semana
2024-09-26,Tierra Aire Mar,Pescados,1,domicilio,90000,Jueves,entre_semana
2024-09-26,Arroz con Pollo,Arroces,8,mesa,45000,Jueves,entre_semana
2024-09-26,Arroz con Pollo,Arroces,7,domicilio,45000,Jueves,entre_semana
2024-09-26,Almuerzo Ejecutivo,Corrientes,38,mesa,25000,Jueves,entre_semana
2024-09-26,Almuerzo Ejecutivo,Corrientes,39,domicilio,25000,Jueves,entre_semana
2024-09-27,Lengua en salsa,Sopas,1,mesa,60000,Viernes,entre_semana
2024-09-27,Lengua en salsa,Sopas,1,domicilio,60000,Viernes,entre_semana
2024-09-27,Sancocho de Gallina,Sopas,3,mesa,60000,Viernes,entre_semana
2024-09-27,Sancocho de Gallina,Sopas,3,domicilio,60000,Viernes,entre_semana
2024-09-27,Frijoles con Pezuña,Sopas,4,mesa,50000,Viernes,entre_semana
2024-09-27,Frijoles con Pezuña,Sopas,2,domicilio,50000,Viernes,entre_semana
2024-09-27,Pata,Sopas,1,mesa,27000,Viernes,entre_semana
2024-09-27,Pata,Sopas,1,domicilio,27000,Viernes,entre_semana
2024-09-27,Cola de Buey,Sopas,3,mesa,60000,Viernes,entre_semana
2024-09-27,Cola de Buey,Sopas,4,domicilio,60000,Viernes,entre_semana
2024-09-27,Cazuela de Mariscos,Sopas,1,mesa,53000,Viernes,entre_semana
2024-09-27,Cazuela de Mariscos,Sopas,1,domicilio,53000,Viernes,entre_semana
2024-09-27,Carne Asada (Chatas),Carnes,7,mesa,56000,Viernes,entre_semana
2024-09-27,Carne Asada (Chatas),Carnes,8,domicilio,56000,Viernes,entre_semana
2024-09-27,Carne Oreada,Carnes,3,mesa,56000,Viernes,entre_semana
2024-09-27,Carne Oreada,Carnes,3,domicilio,56000,Viernes,entre_semana
2024-09-27,Cabro con Pepitoria,Carnes,10,mesa,56000,Viernes,entre_semana
2024-09-27,Cabro con Pepitoria,Carnes,9,domicilio,56000,Viernes,entre_semana
2024-09-27,Costillas de Cerdo,Carnes,6,mesa,54000,Viernes,entre_semana
2024-09-27,Costillas de Cerdo,Carnes,7,domicilio,54000,Viernes,entre_semana
2024-09-27,Lomo de Cerdo,Carnes,4,mesa,54000,Viernes,entre_semana
2024-09-27,Lomo de Cerdo,Carnes,4,domicilio,54000,Viernes,entre_semana
2024-09-27,Sobrebarriga,Carnes,11,mesa,54000,Viernes,entre_semana
2024-09-27,Sobrebarriga,Carnes,10,domicilio,54000,Viernes,entre_semana
2024-09-27,Pechuga Asada,Carnes,2,mesa,52000,Viernes,entre_semana
2024-09-27,Pechuga Asada,Carnes,5,domicilio,52000,Viernes,entre_semana
2024-09-27,Mojarra 2en1,Pescados,4,mesa,50000,Viernes,entre_semana
2024-09-27,Mojarra 2en1,Pescados,3,domicilio,50000,Viernes,entre_semana
2024-09-27,Trucha 2en1,Pescados,1,mesa,50000,Viernes,entre_semana
2024-09-27,Trucha 2en1,Pescados,1,domicilio,50000,Viernes,entre_semana
2024-09-27,Tierra Aire Mar,Pescados,1,domicilio,90000,Viernes,entre_semana
2024-09-27,Arroz con Pollo,Arroces,9,mesa,45000,Viernes,entre_semana
2024-09-27,Arroz con Pollo,Arroces,8,domicilio,45000,Viernes,entre_semana
2024-09-27,Almuerzo Ejecutivo,Corrientes,36,mesa,25000,Viernes,entre_semana
2024-09-27,Almuerzo Ejecutivo,Corrientes,40,domicilio,25000,Viernes,entre_semana
2024-09-28,Lengua en salsa,Sopas,2,mesa,60000,Sábado,sabado
2024-09-28,Lengua en salsa,Sopas,2,domicilio,60000,Sábado,sabado
2024-09-28,Mute,Sopas,15,mesa,30000,Sábado,sabado
2024-09-28,Mute,Sopas,13,domicilio,30000,Sábado,sabado
2024-09-28,Sancocho de Gallina,Sopas,13,mesa,60000,Sábado,sabado
2024-09-28,Sancocho de Gallina,Sopas,10,domicilio,60000,Sábado,sabado
2024-09-28,Frijoles con Pezuña,Sopas,4,mesa,50000,Sábado,sabado
2024-09-28,Frijoles con Pezuña,Sopas,4,domicilio,50000,Sábado,sabado
2024-09-28,Pata,Sopas,3,mesa,27000,Sábado,sabado
2024-09-28,Pata,Sopas,2,domicilio,27000,Sábado,sabado
2024-09-28,Cola de Buey,Sopas,4,mesa,60000,Sábado,sabado
2024-09-28,Cola de Buey,Sopas,9,domicilio,60000,Sábado,sabado
2024-09-28,Cazuela de Mariscos,Sopas,2,mesa,53000,Sábado,sabado
2024-09-28,Cazuela de Mariscos,Sopas,2,domicilio,53000,Sábado,sabado
2024-09-28,Carne Asada (Chatas),Carnes,14,mesa,56000,Sábado,sabado
2024-09-28,Carne Asada (Chatas),Carnes,12,domicilio,56000,Sábado,sabado
2024-09-28,Carne Oreada,Carnes,6,mesa,56000,Sábado,sabado
2024-09-28,Carne Oreada,Carnes,3,domicilio,56000,Sábado,sabado
2024-09-28,Cabro con Pepitoria,Carnes,15,mesa,56000,Sábado,sabado
2024-09-28,Cabro con Pepitoria,Carnes,13,domicilio,56000,Sábado,sabado
2024-09-28,Costillas de Cerdo,Carnes,8,mesa,54000,Sábado,sabado
2024-09-28,Costillas de Cerdo,Carnes,9,domicilio,54000,Sábado,sabado
2024-09-28,Lomo de Cerdo,Carnes,8,mesa,54000,Sábado,sabado
2024-09-28,Lomo de Cerdo,Carnes,7,domicilio,54000,Sábado,sabado
2024-09-28,Sobrebarriga,Carnes,12,mesa,54000,Sábado,sabado
2024-09-28,Sobrebarriga,Carnes,16,domicilio,54000,Sábado,sabado
2024-09-28,Pechuga Asada,Carnes,5,mesa,52000,Sábado,sabado
2024-09-28,Pechuga Asada,Carnes,5,domicilio,52000,Sábado,sabado
2024-09-28,Mojarra 2en1,Pescados,9,mesa,50000,Sábado,sabado
2024-09-28,Mojarra 2en1,Pescados,7,domicilio,50000,Sábado,sabado
2024-09-28,Trucha 2en1,Pescados,2,mesa,50000,Sábado,sabado
2024-09-28,Trucha 2en1,Pescados,2,domicilio,50000,Sábado,sabado
2024-09-28,Tierra Aire Mar,Pescados,1,mesa,90000,Sábado,sabado
2024-09-28,Tierra Aire Mar,Pescados,1,domicilio,90000,Sábado,sabado
2024-09-28,Arroz con Pollo,Arroces,12,mesa,45000,Sábado,sabado
2024-09-28,Arroz con Pollo,Arroces,11,domicilio,45000,Sábado,sabado
2024-09-28,Almuerzo Ejecutivo,Corrientes,37,domicilio,25000,Sábado,sabado
2024-09-29,Lengua en salsa,Sopas,4,mesa,60000,Domingo,domingo
2024-09-29,Lengua en salsa,Sopas,3,domicilio,60000,Domingo,domingo
2024-09-29,Mute,Sopas,34,mesa,30000,Domingo,domingo
2024-09-29,Mute,Sopas,33,domicilio,30000,Domingo,domingo
2024-09-29,Sancocho de Gallina,Sopas,29,mesa,60000,Domingo,domingo
2024-09-29,Sancocho de Gallina,Sopas,19,domicilio,60000,Domingo,domingo
2024-09-29,Pata,Sopas,5,mesa,27000,Domingo,domingo
2024-09-29,Pata,Sopas,4,domicilio,27000,Domingo,domingo
2024-09-29,Cola de Buey,Sopas,10,mesa,60000,Domingo,domingo
2024-09-29,Cola de Buey,Sopas,17,domicilio,60000,Domingo,domingo
2024-09-29,Cazuela de Mariscos,Sopas,3,mesa,53000,Domingo,domingo
2024-09-29,Cazuela de Mariscos,Sopas,4,domicilio,53000,Domingo,domingo
2024-09-29,Carne Asada (Chatas),Carnes,27,mesa,56000,Domingo,domingo
2024-09-29,Carne Asada (Chatas),Carnes,26,domicilio,56000,Domingo,domingo
2024-09-29,Carne Oreada,Carnes,9,mesa,56000,Domingo,domingo
2024-09-29,Carne Oreada,Carnes,10,domicilio,56000,Domingo,domingo
2024-09-29,Cabro con Pepitoria,Carnes,29,mesa,56000,Domingo,domingo
2024-09-29,Cabro con Pepitoria,Carnes,32,domicilio,56000,Domingo,domingo
2024-09-29,Costillas de Cerdo,Carnes,13,mesa,54000,Domingo,domingo
2024-09-29,Costillas de Cerdo,Carnes,17,domicilio,54000,Domingo,domingo
2024-09-29,Lomo de Cerdo,Carnes,14,mesa,54000,Domingo,domingo
2024-09-29,Lomo de Cerdo,Carnes,10,domicilio,54000,Domingo,domingo
2024-09-29,Sobrebarriga,Carnes,26,mesa,54000,Domingo,domingo
2024-09-29,Sobrebarriga,Carnes,34,domicilio,54000,Domingo,domingo
2024-09-29,Pechuga Asada,Carnes,8,mesa,52000,Domingo,domingo
2024-09-29,Pechuga Asada,Carnes,10,domicilio,52000,Domingo,domingo
2024-09-29,Mojarra 2en1,Pescados,14,mesa,50000,Domingo,domingo
2024-09-29,Mojarra 2en1,Pescados,17,domicilio,50000,Domingo,domingo
2024-09-29,Trucha 2en1,Pescados,4,mesa,50000,Domingo,domingo
2024-09-29,Trucha 2en1,Pescados,4,domicilio,50000,Domingo,domingo
2024-09-29,Tierra Aire Mar,Pescados,2,mesa,90000,Domingo,domingo
2024-09-29,Tierra Aire Mar,Pescados,2,domicilio,90000,Domingo,domingo
2024-09-29,Arroz con Pollo,Arroces,22,mesa,45000,Domingo,domingo
2024-09-29,Arroz con Pollo,Arroces,30,domicilio,45000,Domingo,domingo
2024-10-01,Lengua en salsa,Sopas,1,mesa,60000,Martes,entre_semana
2024-10-01,Lengua en salsa,Sopas,1,domicilio,60000,Martes,entre_semana
2024-10-01,Sancocho de Gallina,Sopas,3,mesa,60000,Martes,entre_semana
2024-10-01,Sancocho de Gallina,Sopas,3,domicilio,60000,Martes,entre_semana
2024-10-01,Frijoles con Pezuña,Sopas,4,mesa,50000,Martes,entre_semana
2024-10-01,Frijoles con Pezuña,Sopas,2,domicilio,50000,Martes,entre_semana
2024-10-01,Pata,Sopas,1,mesa,27000,Martes,entre_semana
2024-10-01,Pata,Sopas,1,domicilio,27000,Martes,entre_semana
2024-10-01,Cola de Buey,Sopas,3,mesa,60000,Martes,entre_semana
2024-10-01,Cola de Buey,Sopas,4,domicilio,60000,Martes,entre_semana
2024-10-01,Cazuela de Mariscos,Sopas,1,mesa,53000,Martes,entre_semana
2024-10-01,Cazuela de Mariscos,Sopas,1,domicilio,53000,Martes,entre_semana
2024-10-01,Carne Asada (Chatas),Carnes,9,mesa,56000,Martes,entre_semana
2024-10-01,Carne Asada (Chatas),Carnes,10,domicilio,56000,Martes,entre_semana
2024-10-01,Carne Oreada,Carnes,3,mesa,56000,Martes,entre_semana
2024-10-01,Carne Oreada,Carnes,3,domicilio,56000,Martes,entre_semana
2024-10-01,Cabro con Pepitoria,Carnes,9,mesa,56000,Martes,entre_semana
2024-10-01,Cabro con Pepitoria,Carnes,7,domicilio,56000,Martes,entre_semana
2024-10-01,Costillas de Cerdo,Carnes,6,mesa,54000,Martes,entre_semana
2024-10-01,Costillas de Cerdo,Carnes,5,domicilio,54000,Martes,entre_semana
2024-10-01,Lomo de Cerdo,Carnes,4,mesa,54000,Martes,entre_semana
2024-10-01,Lomo de Cerdo,Carnes,4,domicilio,54000,Martes,entre_semana
2024-10-01,Sobrebarriga,Carnes,8,mesa,54000,Martes,entre_semana
2024-10-01,Sobrebarriga,Carnes,10,domicilio,54000,Martes,entre_semana
2024-10-01,Pechuga Asada,Carnes,2,mesa,52000,Martes,entre_semana
2024-10-01,Pechuga Asada,Carnes,4,domicilio,52000,Martes,entre_semana
2024-10-01,Mojarra 2en1,Pescados,5,mesa,50000,Martes,entre_semana
2024-10-01,Mojarra 2en1,Pescados,4,domicilio,50000,Martes,entre_semana
2024-10-01,Trucha 2en1,Pescados,1,mesa,50000,Martes,entre_semana
2024-10-01,Trucha 2en1,Pescados,1,domicilio,50000,Martes,entre_semana
2024-10-01,Tierra Aire Mar,Pescados,1,domicilio,90000,Martes,entre_semana
2024-10-01,Arroz con Pollo,Arroces,9,mesa,45000,Martes,entre_semana
2024-10-01,Arroz con Pollo,Arroces,7,domicilio,45000,Martes,entre_semana
2024-10-01,Almuerzo Ejecutivo,Corrientes,41,mesa,25000,Martes,entre_semana
2024-10-01,Almuerzo Ejecutivo,Corrientes,48,domicilio,25000,Martes,entre_semana
2024-10-02,Lengua en salsa,Sopas,1,mesa,60000,Miércoles,entre_semana
2024-10-02,Lengua en salsa,Sopas,1,domicilio,60000,Miércoles,entre_semana
2024-10-02,Sancocho de Gallina,Sopas,3,mesa,60000,Miércoles,entre_semana
2024-10-02,Sancocho de Gallina,Sopas,3,domicilio,60000,Miércoles,entre_semana
2024-10-02,Frijoles con Pezuña,Sopas,3,mesa,50000,Miércoles,entre_semana
2024-10-02,Frijoles con Pezuña,Sopas,2,domicilio,50000,Miércoles,entre_semana
2024-10-02,Pata,Sopas,1,mesa,27000,Miércoles,entre_semana
2024-10-02,Pata,Sopas,1,domicilio,27000,Miércoles,entre_semana
2024-10-02,Cola de Buey,Sopas,3,mesa,60000,Miércoles,entre_semana
2024-10-02,Cola de Buey,Sopas,5,domicilio,60000,Miércoles,entre_semana
2024-10-02,Cazuela de Mariscos,Sopas,1,mesa,53000,Miércoles,entre_semana
2024-10-02,Cazuela de Mariscos,Sopas,1,domicilio,53000,Miércoles,entre_semana
2024-10-02,Carne Asada (Chatas),Carnes,9,mesa,56000,Miércoles,entre_semana
2024-10-02,Carne Asada (Chatas),Carnes,9,domicilio,56000,Miércoles,entre_semana
2024-10-02,Carne Oreada,Carnes,3,mesa,56000,Miércoles,entre_semana
2024-10-02,Carne Oreada,Carnes,3,domicilio,56000,Miércoles,entre_semana
2024-10-02,Cabro con Pepitoria,Carnes,7,mesa,56000,Miércoles,entre_semana
2024-10-02,Cabro con Pepitoria,Carnes,10,domicilio,56000,Miércoles,entre_semana
2024-10-02,Costillas de Cerdo,Carnes,5,mesa,54000,Miércoles,entre_semana
2024-10-02,Costillas de Cerdo,Carnes,5,domicilio,54000,Miércoles,entre_semana
2024-10-02,Lomo de Cerdo,Carnes,4,mesa,54000,Miércoles,entre_semana
2024-10-02,Lomo de Cerdo,Carnes,4,domicilio,54000,Miércoles,entre_semana
2024-10-02,Sobrebarriga,Carnes,12,mesa,54000,Miércoles,entre_semana
2024-10-02,Sobrebarriga,Carnes,10,domicilio,54000,Miércoles,entre_semana
2024-10-02,Pechuga Asada,Carnes,2,mesa,52000,Miércoles,entre_semana
2024-10-02,Pechuga Asada,Carnes,4,domicilio,52000,Miércoles,entre_semana
2024-10-02,Mojarra 2en1,Pescados,3,mesa,50000,Miércoles,entre_semana
2024-10-02,Mojarra 2en1,Pescados,5,domicilio,50000,Miércoles,entre_semana
2024-10-02,Trucha 2en1,Pescados,1,mesa,50000,Miércoles,entre_semana
2024-10-02,Trucha 2en1,Pescados,1,domicilio,50000,Miércoles,entre_semana
2024-10-02,Tierra Aire Mar,Pescados,1,domicilio,90000,Miércoles,entre_semana
2024-10-02,Arroz con Pollo,Arroces,9,mesa,45000,Miércoles,entre_semana
2024-10-02,Arroz con Pollo,Arroces,7,domicilio,45000,Miércoles,entre_semana
2024-10-02,Almuerzo Ejecutivo,Corrientes,43,mesa,25000,Miércoles,entre_semana
2024-10-02,Almuerzo Ejecutivo,Corrientes,47,domicilio,25000,Miércoles,entre_semana
2024-10-03,Lengua en salsa,Sopas,1,mesa,60000,Jueves,entre_semana
2024-10-03,Lengua en salsa,Sopas,1,domicilio,60000,Jueves,entre_semana
2024-10-03,Sancocho de Gallina,Sopas,3,mesa,60000,Jueves,entre_semana
2024-10-03,Sancocho de Gallina,Sopas,2,domicilio,60000,Jueves,entre_semana
2024-10-03,Frijoles con Pezuña,Sopas,3,mesa,50000,Jueves,entre_semana
2024-10-03,Frijoles con Pezuña,Sopas,2,domicilio,50000,Jueves,entre_semana
2024-10-03,Pata,Sopas,1,mesa,27000,Jueves,entre_semana
2024-10-03,Pata,Sopas,1,domicilio,27000,Jueves,entre_semana
2024-10-03,Cola de Buey,Sopas,3,mesa,60000,Jueves,entre_semana
2024-10-03,Cola de Buey,Sopas,4,domicilio,60000,Jueves,entre_semana
2024-10-03,Cazuela de Mariscos,Sopas,1,mesa,53000,Jueves,entre_semana
2024-10-03,Cazuela de Mariscos,Sopas,1,domicilio,53000,Jueves,entre_semana
2024-10-03,Carne Asada (Chatas),Carnes,11,mesa,56000,Jueves,entre_semana
2024-10-03,Carne Asada (Chatas),Carnes,8,domicilio,56000,Jueves,entre_semana
2024-10-03,Carne Oreada,Carnes,3,mesa,56000,Jueves,entre_semana
2024-10-03,Carne Oreada,Carnes,3,domicilio,56000,Jueves,entre_semana
2024-10-03,Cabro con Pepitoria,Carnes,8,mesa,56000,Jueves,entre_semana
2024-10-03,Cabro con Pepitoria,Carnes,8,domicilio,56000,Jueves,entre_semana
2024-10-03,Costillas de Cerdo,Carnes,5,mesa,54000,Jueves,entre_semana
2024-10-03,Costillas de Cerdo,Carnes,5,domicilio,54000,Jueves,entre_semana
2024-10-03,Lomo de Cerdo,Carnes,3,mesa,54000,Jueves,entre_semana
2024-10-03,Lomo de Cerdo,Carnes,4,domicilio,54000,Jueves,entre_semana
2024-10-03,Sobrebarriga,Carnes,10,mesa,54000,Jueves,entre_semana
2024-10-03,Sobrebarriga,Carnes,10,domicilio,54000,Jueves,entre_semana
2024-10-03,Pechuga Asada,Carnes,2,mesa,52000,Jueves,entre_semana
2024-10-03,Pechuga Asada,Carnes,4,domicilio,52000,Jueves,entre_semana
2024-10-03,Mojarra 2en1,Pescados,4,mesa,50000,Jueves,entre_semana
2024-10-03,Mojarra 2en1,Pescados,4,domicilio,50000,Jueves,entre_semana
2024-10-03,Trucha 2en1,Pescados,1,mesa,50000,Jueves,entre_semana
2024-10-03,Trucha 2en1,Pescados,1,domicilio,50000,Jueves,entre_semana
2024-10-03,Tierra Aire Mar,Pescados,1,domicilio,90000,Jueves,entre_semana
2024-10-03,Arroz con Pollo,Arroces,9,mesa,45000,Jueves,entre_semana
2024-10-03,Arroz con Pollo,Arroces,9,domicilio,45000,Jueves,entre_semana
2024-10-03,Almuerzo Ejecutivo,Corrientes,37,mesa,25000,Jueves,entre_semana
2024-10-03,Almuerzo Ejecutivo,Corrientes,52,domicilio,25000,Jueves,entre_semana
2024-10-04,Lengua en salsa,Sopas,1,mesa,60000,Viernes,entre_semana
2024-10-04,Lengua en salsa,Sopas,1,domicilio,60000,Viernes,entre_semana
2024-10-04,Sancocho de Gallina,Sopas,3,mesa,60000,Viernes,entre_semana
2024-10-04,Sancocho de Gallina,Sopas,3,domicilio,60000,Viernes,entre_semana
2024-10-04,Frijoles con Pezuña,Sopas,4,mesa,50000,Viernes,entre_semana
2024-10-04,Frijoles con Pezuña,Sopas,2,domicilio,50000,Viernes,entre_semana
2024-10-04,Pata,Sopas,1,mesa,27000,Viernes,entre_semana
2024-10-04,Pata,Sopas,1,domicilio,27000,Viernes,entre_semana
2024-10-04,Cola de Buey,Sopas,3,mesa,60000,Viernes,entre_semana
2024-10-04,Cola de Buey,Sopas,5,domicilio,60000,Viernes,entre_semana
2024-10-04,Cazuela de Mariscos,Sopas,1,mesa,53000,Viernes,entre_semana
2024-10-04,Cazuela de Mariscos,Sopas,1,domicilio,53000,Viernes,entre_semana
2024-10-04,Carne Asada (Chatas),Carnes,8,mesa,56000,Viernes,entre_semana
2024-10-04,Carne Asada (Chatas),Carnes,11,domicilio,56000,Viernes,entre_semana
2024-10-04,Carne Oreada,Carnes,3,mesa,56000,Viernes,entre_semana
2024-10-04,Carne Oreada,Carnes,3,domicilio,56000,Viernes,entre_semana
2024-10-04,Cabro con Pepitoria,Carnes,8,mesa,56000,Viernes,entre_semana
2024-10-04,Cabro con Pepitoria,Carnes,9,domicilio,56000,Viernes,entre_semana
2024-10-04,Costillas de Cerdo,Carnes,5,mesa,54000,Viernes,entre_semana
2024-10-04,Costillas de Cerdo,Carnes,5,domicilio,54000,Viernes,entre_semana
2024-10-04,Lomo de Cerdo,Carnes,3,mesa,54000,Viernes,entre_semana
2024-10-04,Lomo de Cerdo,Carnes,5,domicilio,54000,Viernes,entre_semana
2024-10-04,Sobrebarriga,Carnes,9,mesa,54000,Viernes,entre_semana
2024-10-04,Sobrebarriga,Carnes,12,domicilio,54000,Viernes,entre_semana
2024-10-04,Pechuga Asada,Carnes,2,mesa,52000,Viernes,entre_semana
2024-10-04,Pechuga Asada,Carnes,4,domicilio,52000,Viernes,entre_semana
2024-10-04,Mojarra 2en1,Pescados,4,mesa,50000,Viernes,entre_semana
2024-10-04,Mojarra 2en1,Pescados,4,domicilio,50000,Viernes,entre_semana
2024-10-04,Trucha 2en1,Pescados,1,mesa,50000,Viernes,entre_semana
2024-10-04,Trucha 2en1,Pescados,1,domicilio,50000,Viernes,entre_semana
2024-10-04,Tierra Aire Mar,Pescados,1,domicilio,90000,Viernes,entre_semana
2024-10-04,Arroz con Pollo,Arroces,8,mesa,45000,Viernes,entre_semana
2024-10-04,Arroz con Pollo,Arroces,7,domicilio,45000,Viernes,entre_semana
2024-10-04,Almuerzo Ejecutivo,Corrientes,38,mesa,25000,Viernes,entre_semana
2024-10-04,Almuerzo Ejecutivo,Corrientes,50,domicilio,25000,Viernes,entre_semana
2024-10-05,Lengua en salsa,Sopas,2,mesa,60000,Sábado,sabado
2024-10-05,Lengua en salsa,Sopas,2,domicilio,60000,Sábado,sabado
2024-10-05,Mute,Sopas,18,mesa,30000,Sábado,sabado
2024-10-05,Mute,Sopas,17,domicilio,30000,Sábado,sabado
2024-10-05,Sancocho de Gallina,Sopas,13,mesa,60000,Sábado,sabado
2024-10-05,Sancocho de Gallina,Sopas,8,domicilio,60000,Sábado,sabado
2024-10-05,Frijoles con Pezuña,Sopas,4,mesa,50000,Sábado,sabado
2024-10-05,Frijoles con Pezuña,Sopas,4,domicilio,50000,Sábado,sabado
2024-10-05,Pata,Sopas,3,mesa,27000,Sábado,sabado
2024-10-05,Pata,Sopas,2,domicilio,27000,Sábado,sabado
2024-10-05,Cola de Buey,Sopas,5,mesa,60000,Sábado,sabado
2024-10-05,Cola de Buey,Sopas,7,domicilio,60000,Sábado,sabado
2024-10-05,Cazuela de Mariscos,Sopas,2,mesa,53000,Sábado,sabado
2024-10-05,Cazuela de Mariscos,Sopas,2,domicilio,53000,Sábado,sabado
2024-10-05,Carne Asada (Chatas),Carnes,15,mesa,56000,Sábado,sabado
2024-10-05,Carne Asada (Chatas),Carnes,15,domicilio,56000,Sábado,sabado
2024-10-05,Carne Oreada,Carnes,5,mesa,56000,Sábado,sabado
2024-10-05,Carne Oreada,Carnes,4,domicilio,56000,Sábado,sabado
2024-10-05,Cabro con Pepitoria,Carnes,11,mesa,56000,Sábado,sabado
2024-10-05,Cabro con Pepitoria,Carnes,13,domicilio,56000,Sábado,sabado
2024-10-05,Costillas de Cerdo,Carnes,7,mesa,54000,Sábado,sabado
2024-10-05,Costillas de Cerdo,Carnes,9,domicilio,54000,Sábado,sabado
2024-10-05,Lomo de Cerdo,Carnes,6,mesa,54000,Sábado,sabado
2024-10-05,Lomo de Cerdo,Carnes,6,domicilio,54000,Sábado,sabado
2024-10-05,Sobrebarriga,Carnes,12,mesa,54000,Sábado,sabado
2024-10-05,Sobrebarriga,Carnes,14,domicilio,54000,Sábado,sabado
2024-10-05,Pechuga Asada,Carnes,4,mesa,52000,Sábado,sabado
2024-10-05,Pechuga Asada,Carnes,6,domicilio,52000,Sábado,sabado
2024-10-05,Mojarra 2en1,Pescados,8,mesa,50000,Sábado,sabado
2024-10-05,Mojarra 2en1,Pescados,6,domicilio,50000,Sábado,sabado
2024-10-05,Trucha 2en1,Pescados,2,mesa,50000,Sábado,sabado
2024-10-05,Trucha 2en1,Pescados,2,domicilio,50000,Sábado,sabado
2024-10-05,Tierra Aire Mar,Pescados,1,mesa,90000,Sábado,sabado
2024-10-05,Tierra Aire Mar,Pescados,1,domicilio,90000,Sábado,sabado
2024-10-05,Arroz con Pollo,Arroces,11,mesa,45000,Sábado,sabado
2024-10-05,Arroz con Pollo,Arroces,12,domicilio,45000,Sábado,sabado
2024-10-05,Almuerzo Ejecutivo,Corrientes,32,domicilio,25000,Sábado,sabado
2024-10-06,Lengua en salsa,Sopas,4,mesa,60000,Domingo,domingo
2024-10-06,Lengua en salsa,Sopas,4,domicilio,60000,Domingo,domingo
2024-10-06,Mute,Sopas,37,mesa,30000,Domingo,domingo
2024-10-06,Mute,Sopas,32,domicilio,30000,Domingo,domingo
2024-10-06,Sancocho de Gallina,Sopas,25,mesa,60000,Domingo,domingo
2024-10-06,Sancocho de Gallina,Sopas,18,domicilio,60000,Domingo,domingo
2024-10-06,Pata,Sopas,7,mesa,27000,Domingo,domingo
2024-10-06,Pata,Sopas,5,domicilio,27000,Domingo,domingo
2024-10-06,Cola de Buey,Sopas,10,mesa,60000,Domingo,domingo
2024-10-06,Cola de Buey,Sopas,13,domicilio,60000,Domingo,domingo
2024-10-06,Cazuela de Mariscos,Sopas,4,mesa,53000,Domingo,domingo
2024-10-06,Cazuela de Mariscos,Sopas,3,domicilio,53000,Domingo,domingo
2024-10-06,Carne Asada (Chatas),Carnes,27,mesa,56000,Domingo,domingo
2024-10-06,Carne Asada (Chatas),Carnes,29,domicilio,56000,Domingo,domingo
2024-10-06,Carne Oreada,Carnes,12,mesa,56000,Domingo,domingo
2024-10-06,Carne Oreada,Carnes,10,domicilio,56000,Domingo,domingo
2024-10-06,Cabro con Pepitoria,Carnes,24,mesa,56000,Domingo,domingo
2024-10-06,Cabro con Pepitoria,Carnes,28,domicilio,56000,Domingo,domingo
2024-10-06,Costillas de Cerdo,Carnes,14,mesa,54000,Domingo,domingo
2024-10-06,Costillas de Cerdo,Carnes,19,domicilio,54000,Domingo,domingo
2024-10-06,Lomo de Cerdo,Carnes,15,mesa,54000,Domingo,domingo
2024-10-06,Lomo de Cerdo,Carnes,12,domicilio,54000,Domingo,domingo
2024-10-06,Sobrebarriga,Carnes,25,mesa,54000,Domingo,domingo
2024-10-06,Sobrebarriga,Carnes,25,domicilio,54000,Domingo,domingo
2024-10-06,Pechuga Asada,Carnes,8,mesa,52000,Domingo,domingo
2024-10-06,Pechuga Asada,Carnes,12,domicilio,52000,Domingo,domingo
2024-10-06,Mojarra 2en1,Pescados,13,mesa,50000,Domingo,domingo
2024-10-06,Mojarra 2en1,Pescados,18,domicilio,50000,Domingo,domingo
2024-10-06,Trucha 2en1,Pescados,4,mesa,50000,Domingo,domingo
2024-10-06,Trucha 2en1,Pescados,3,domicilio,50000,Domingo,domingo
2024-10-06,Tierra Aire Mar,Pescados,2,mesa,90000,Domingo,domingo
2024-10-06,Tierra Aire Mar,Pescados,2,domicilio,90000,Domingo,domingo
2024-10-06,Arroz con Pollo,Arroces,27,mesa,45000,Domingo,domingo
2024-10-06,Arroz con Pollo,Arroces,21,domicilio,45000,Domingo,domingo
2024-10-08,Lengua en salsa,Sopas,1,mesa,60000,Martes,entre_semana
2024-10-08,Lengua en salsa,Sopas,1,domicilio,60000,Martes,entre_semana
2024-10-08,Sancocho de Gallina,Sopas,3,mesa,60000,Martes,entre_semana
2024-10-08,Sancocho de Gallina,Sopas,3,domicilio,60000,Martes,entre_semana
2024-10-08,Frijoles con Pezuña,Sopas,4,mesa,50000,Martes,entre_semana
2024-10-08,Frijoles con Pezuña,Sopas,2,domicilio,50000,Martes,entre_semana
2024-10-08,Pata,Sopas,1,mesa,27000,Martes,entre_semana
2024-10-08,Pata,Sopas,1,domicilio,27000,Martes,entre_semana
2024-10-08,Cola de Buey,Sopas,3,mesa,60000,Martes,entre_semana
2024-10-08,Cola de Buey,Sopas,4,domicilio,60000,Martes,entre_semana
2024-10-08,Cazuela de Mariscos,Sopas,1,mesa,53000,Martes,entre_semana
2024-10-08,Cazuela de Mariscos,Sopas,1,domicilio,53000,Martes,entre_semana
2024-10-08,Carne Asada (Chatas),Carnes,8,mesa,56000,Martes,entre_semana
2024-10-08,Carne Asada (Chatas),Carnes,11,domicilio,56000,Martes,entre_semana
2024-10-08,Carne Oreada,Carnes,3,mesa,56000,Martes,entre_semana
2024-10-08,Carne Oreada,Carnes,3,domicilio,56000,Martes,entre_semana
2024-10-08,Cabro con Pepitoria,Carnes,10,mesa,56000,Martes,entre_semana
2024-10-08,Cabro con Pepitoria,Carnes,9,domicilio,56000,Martes,entre_semana
2024-10-08,Costillas de Cerdo,Carnes,6,mesa,54000,Martes,entre_semana
2024-10-08,Costillas de Cerdo,Carnes,7,domicilio,54000,Martes,entre_semana
2024-10-08,Lomo de Cerdo,Carnes,4,mesa,54000,Martes,entre_semana
2024-10-08,Lomo de Cerdo,Carnes,4,domicilio,54000,Martes,entre_semana
2024-10-08,Sobrebarriga,Carnes,12,mesa,54000,Martes,entre_semana
2024-10-08,Sobrebarriga,Carnes,10,domicilio,54000,Martes,entre_semana
2024-10-08,Pechuga Asada,Carnes,2,mesa,52000,Martes,entre_semana
2024-10-08,Pechuga Asada,Carnes,3,domicilio,52000,Martes,entre_semana
2024-10-08,Mojarra 2en1,Pescados,4,mesa,50000,Martes,entre_semana
2024-10-08,Mojarra 2en1,Pescados,3,domicilio,50000,Martes,entre_semana
2024-10-08,Trucha 2en1,Pescados,1,mesa,50000,Martes,entre_semana
2024-10-08,Trucha 2en1,Pescados,1,domicilio,50000,Martes,entre_semana
2024-10-08,Tierra Aire Mar,Pescados,1,domicilio,90000,Martes,entre_semana
2024-10-08,Arroz con Pollo,Arroces,7,mesa,45000,Martes,entre_semana
2024-10-08,Arroz con Pollo,Arroces,9,domicilio,45000,Martes,entre_semana
2024-10-08,Almuerzo Ejecutivo,Corrientes,50,mesa,25000,Martes,entre_semana
2024-10-08,Almuerzo Ejecutivo,Corrientes,38,domicilio,25000,Martes,entre_semana
2024-10-09,Lengua en salsa,Sopas,1,mesa,60000,Miércoles,entre_semana
2024-10-09,Lengua en salsa,Sopas,1,domicilio,60000,Miércoles,entre_semana
2024-10-09,Sancocho de Gallina,Sopas,3,mesa,60000,Miércoles,entre_semana
2024-10-09,Sancocho de Gallina,Sopas,3,domicilio,60000,Miércoles,entre_semana
2024-10-09,Frijoles con Pezuña,Sopas,3,mesa,50000,Miércoles,entre_semana
2024-10-09,Frijoles con Pezuña,Sopas,2,domicilio,50000,Miércoles,entre_semana
2024-10-09,Pata,Sopas,1,mesa,27000,Miércoles,entre_semana
2024-10-09,Pata,Sopas,1,domicilio,27000,Miércoles,entre_semana
2024-10-09,Cola de Buey,Sopas,3,mesa,60000,Miércoles,entre_semana
2024-10-09,Cola de Buey,Sopas,4,domicilio,60000,Miércoles,entre_semana
2024-10-09,Cazuela de Mariscos,Sopas,1,mesa,53000,Miércoles,entre_semana
2024-10-09,Cazuela de Mariscos,Sopas,1,domicilio,53000,Miércoles,entre_semana
2024-10-09,Carne Asada (Chatas),Carnes,10,mesa,56000,Miércoles,entre_semana
2024-10-09,Carne Asada (Chatas),Carnes,8,domicilio,56000,Miércoles,entre_semana
2024-10-09,Carne Oreada,Carnes,3,mesa,56000,Miércoles,entre_semana
2024-10-09,Carne Oreada,Carnes,3,domicilio,56000,Miércoles,entre_semana
2024-10-09,Cabro con Pepitoria,Carnes,7,mesa,56000,Miércoles,entre_semana
2024-10-09,Cabro con Pepitoria,Carnes,7,domicilio,56000,Miércoles,entre_semana
2024-10-09,Costillas de Cerdo,Carnes,5,mesa,54000,Miércoles,entre_semana
2024-10-09,Costillas de Cerdo,Carnes,7,domicilio,54000,Miércoles,entre_semana
2024-10-09,Lomo de Cerdo,Carnes,5,mesa,54000,Miércoles,entre_semana
2024-10-09,Lomo de Cerdo,Carnes,4,domicilio,54000,Miércoles,entre_semana
2024-10-09,Sobrebarriga,Carnes,11,mesa,54000,Miércoles,entre_semana
2024-10-09,Sobrebarriga,Carnes,12,domicilio,54000,Miércoles,entre_semana
2024-10-09,Pechuga Asada,Carnes,2,mesa,52000,Miércoles,entre_semana
2024-10-09,Pechuga Asada,Carnes,4,domicilio,52000,Miércoles,entre_semana
2024-10-09,Mojarra 2en1,Pescados,4,mesa,50000,Miércoles,entre_semana
2024-10-09,Mojarra 2en1,Pescados,4,domicilio,50000,Miércoles,entre_semana
2024-10-09,Trucha 2en1,Pescados,1,mesa,50000,Miércoles,entre_semana
2024-10-09,Trucha 2en1,Pescados,1,domicilio,50000,Miércoles,entre_semana
2024-10-09,Tierra Aire Mar,Pescados,1,domicilio,90000,Miércoles,entre_semana
2024-10-09,Arroz con Pollo,Arroces,9,mesa,45000,Miércoles,entre_semana
2024-10-09,Arroz con Pollo,Arroces,8,domicilio,45000,Miércoles,entre_semana
2024-10-09,Almuerzo Ejecutivo,Corrientes,46,mesa,25000,Miércoles,entre_semana
2024-10-09,Almuerzo Ejecutivo,Corrientes,52,domicilio,25000,Miércoles,entre_semana
2024-10-10,Lengua en salsa,Sopas,1,mesa,60000,Jueves,entre_semana
2024-10-10,Lengua en salsa,Sopas,1,domicilio,60000,Jueves,entre_semana
2024-10-10,Sancocho de Gallina,Sopas,3,mesa,60000,Jueves,entre_semana
2024-10-10,Sancocho de Gallina,Sopas,3,domicilio,60000,Jueves,entre_semana
2024-10-10,Frijoles con Pezuña,Sopas,3,mesa,50000,Jueves,entre_semana
2024-10-10,Frijoles con Pezuña,Sopas,2,domicilio,50000,Jueves,entre_semana
2024-10-10,Pata,Sopas,1,mesa,27000,Jueves,entre_semana
2024-10-10,Pata,Sopas,1,domicilio,27000,Jueves,entre_semana
2024-10-10,Cola de Buey,Sopas,2,mesa,60000,Jueves,entre_semana
2024-10-10,Cola de Buey,Sopas,4,domicilio,60000,Jueves,entre_semana
2024-10-10,Cazuela de Mariscos,Sopas,1,mesa,53000,Jueves,entre_semana
2024-10-10,Cazuela de Mariscos,Sopas,1,domicilio,53000,Jueves,entre_semana
2024-10-10,Carne Asada (Chatas),Carnes,8,mesa,56000,Jueves,entre_semana
2024-10-10,Carne Asada (Chatas),Carnes,8,domicilio,56000,Jueves,entre_semana
2024-10-10,Carne Oreada,Carnes,3,mesa,56000,Jueves,entre_semana
2024-10-10,Carne Oreada,Carnes,3,domicilio,56000,Jueves,entre_semana
2024-10-10,Cabro con Pepitoria,Carnes,8,mesa,56000,Jueves,entre_semana
2024-10-10,Cabro con Pepitoria,Carnes,8,domicilio,56000,Jueves,entre_semana
2024-10-10,Costillas de Cerdo,Carnes,5,mesa,54000,Jueves,entre_semana
2024-10-10,Costillas de Cerdo,Carnes,7,domicilio,54000,Jueves,entre_semana
2024-10-10,Lomo de Cerdo,Carnes,4,mesa,54000,Jueves,entre_semana
2024-10-10,Lomo de Cerdo,Carnes,4,domicilio,54000,Jueves,entre_semana
2024-10-10,Sobrebarriga,Carnes,9,mesa,54000,Jueves,entre_semana
2024-10-10,Sobrebarriga,Carnes,8,domicilio,54000,Jueves,entre_semana
2024-10-10,Pechuga Asada,Carnes,2,mesa,52000,Jueves,entre_semana
2024-10-10,Pechuga Asada,Carnes,4,domicilio,52000,Jueves,entre_semana
2024-10-10,Mojarra 2en1,Pescados,5,mesa,50000,Jueves,entre_semana
2024-10-10,Mojarra 2en1,Pescados,5,domicilio,50000,Jueves,entre_semana
2024-10-10,Trucha 2en1,Pescados,1,mesa,50000,Jueves,entre_semana
2024-10-10,Trucha 2en1,Pescados,1,domicilio,50000,Jueves,entre_semana
2024-10-10,Tierra Aire Mar,Pescados,1,domicilio,90000,Jueves,entre_semana
2024-10-10,Arroz con Pollo,Arroces,7,mesa,45000,Jueves,entre_semana
2024-10-10,Arroz con Pollo,Arroces,8,domicilio,45000,Jueves,entre_semana
2024-10-10,Almuerzo Ejecutivo,Corrientes,51,mesa,25000,Jueves,entre_semana
2024-10-10,Almuerzo Ejecutivo,Corrientes,36,domicilio,25000,Jueves,entre_semana
2024-10-11,Lengua en salsa,Sopas,1,mesa,60000,Viernes,entre_semana
2024-10-11,Lengua en salsa,Sopas,1,domicilio,60000,Viernes,entre_semana
2024-10-11,Sancocho de Gallina,Sopas,3,mesa,60000,Viernes,entre_semana
2024-10-11,Sancocho de Gallina,Sopas,3,domicilio,60000,Viernes,entre_semana
2024-10-11,Frijoles con Pezuña,Sopas,3,mesa,50000,Viernes,entre_semana
2024-10-11,Frijoles con Pezuña,Sopas,2,domicilio,50000,Viernes,entre_semana
2024-10-11,Pata,Sopas,1,mesa,27000,Viernes,entre_semana
2024-10-11,Pata,Sopas,1,domicilio,27000,Viernes,entre_semana
2024-10-11,Cola de Buey,Sopas,3,mesa,60000,Viernes,entre_semana
2024-10-11,Cola de Buey,Sopas,5,domicilio,60000,Viernes,entre_semana
2024-10-11,Cazuela de Mariscos,Sopas,1,mesa,53000,Viernes,entre_semana
2024-10-11,Cazuela de Mariscos,Sopas,1,domicilio,53000,Viernes,entre_semana
2024-10-11,Carne Asada (Chatas),Carnes,9,mesa,56000,Viernes,entre_semana
2024-10-11,Carne Asada (Chatas),Carnes,9,domicilio,56000,Viernes,entre_semana
2024-10-11,Carne Oreada,Carnes,3,mesa,56000,Viernes,entre_semana
2024-10-11,Carne Oreada,Carnes,3,domicilio,56000,Viernes,entre_semana
2024-10-11,Cabro con Pepitoria,Carnes,8,mesa,56000,Viernes,entre_semana
2024-10-11,Cabro con Pepitoria,Carnes,9,domicilio,56000,Viernes,entre_semana
2024-10-11,Costillas de Cerdo,Carnes,4,mesa,54000,Viernes,entre_semana
2024-10-11,Costillas de Cerdo,Carnes,7,domicilio,54000,Viernes,entre_semana
2024-10-11,Lomo de Cerdo,Carnes,5,mesa,54000,Viernes,entre_semana
2024-10-11,Lomo de Cerdo,Carnes,4,domicilio,54000,Viernes,entre_semana
2024-10-11,Sobrebarriga,Carnes,9,mesa,54000,Viernes,entre_semana
2024-10-11,Sobrebarriga,Carnes,9,domicilio,54000,Viernes,entre_semana
2024-10-11,Pechuga Asada,Carnes,2,mesa,52000,Viernes,entre_semana
2024-10-11,Pechuga Asada,Carnes,5,domicilio,52000,Viernes,entre_semana
2024-10-11,Mojarra 2en1,Pescados,4,mesa,50000,Viernes,entre_semana
2024-10-11,Mojarra 2en1,Pescados,4,domicilio,50000,Viernes,entre_semana
2024-10-11,Trucha 2en1,Pescados,1,mesa,50000,Viernes,entre_semana
2024-10-11,Trucha 2en1,Pescados,1,domicilio,50000,Viernes,entre_semana
2024-10-11,Tierra Aire Mar,Pescados,1,domicilio,90000,Viernes,entre_semana
2024-10-11,Arroz con Pollo,Arroces,7,mesa,45000,Viernes,entre_semana
2024-10-11,Arroz con Pollo,Arroces,9,domicilio,45000,Viernes,entre_semana
2024-10-11,Almuerzo Ejecutivo,Corrientes,39,mesa,25000,Viernes,entre_semana
2024-10-11,Almuerzo Ejecutivo,Corrientes,40,domicilio,25000,Viernes,entre_semana
2024-10-12,Lengua en salsa,Sopas,2,mesa,60000,Sábado,sabado
2024-10-12,Lengua en salsa,Sopas,2,domicilio,60000,Sábado,sabado
2024-10-12,Mute,Sopas,15,mesa,30000,Sábado,sabado
2024-10-12,Mute,Sopas,15,domicilio,30000,Sábado,sabado
2024-10-12,Sancocho de Gallina,Sopas,13,mesa,60000,Sábado,sabado
2024-10-12,Sancocho de Gallina,Sopas,8,domicilio,60000,Sábado,sabado
2024-10-12,Frijoles con Pezuña,Sopas,4,mesa,50000,Sábado,sabado
2024-10-12,Frijoles con Pezuña,Sopas,4,domicilio,50000,Sábado,sabado
2024-10-12,Pata,Sopas,2,mesa,27000,Sábado,sabado
2024-10-12,Pata,Sopas,2,domicilio,27000,Sábado,sabado
2024-10-12,Cola de Buey,Sopas,6,mesa,60000,Sábado,sabado
2024-10-12,Cola de Buey,Sopas,8,domicilio,60000,Sábado,sabado
2024-10-12,Cazuela de Mariscos,Sopas,2,mesa,53000,Sábado,sabado
2024-10-12,Cazuela de Mariscos,Sopas,2,domicilio,53000,Sábado,sabado
2024-10-12,Carne Asada (Chatas),Carnes,13,mesa,56000,Sábado,sabado
2024-10-12,Carne Asada (Chatas),Carnes,12,domicilio,56000,Sábado,sabado
2024-10-12,Carne Oreada,Carnes,6,mesa,56000,Sábado,sabado
2024-10-12,Carne Oreada,Carnes,4,domicilio,56000,Sábado,sabado
2024-10-12,Cabro con Pepitoria,Carnes,16,mesa,56000,Sábado,sabado
2024-10-12,Cabro con Pepitoria,Carnes,16,domicilio,56000,Sábado,sabado
2024-10-12,Costillas de Cerdo,Carnes,7,mesa,54000,Sábado,sabado
2024-10-12,Costillas de Cerdo,Carnes,12,domicilio,54000,Sábado,sabado
2024-10-12,Lomo de Cerdo,Carnes,6,mesa,54000,Sábado,sabado
2024-10-12,Lomo de Cerdo,Carnes,6,domicilio,54000,Sábado,sabado
2024-10-12,Sobrebarriga,Carnes,13,mesa,54000,Sábado,sabado
2024-10-12,Sobrebarriga,Carnes,17,domicilio,54000,Sábado,sabado
2024-10-12,Pechuga Asada,Carnes,5,mesa,52000,Sábado,sabado
2024-10-12,Pechuga Asada,Carnes,7,domicilio,52000,Sábado,sabado
2024-10-12,Mojarra 2en1,Pescados,8,mesa,50000,Sábado,sabado
2024-10-12,Mojarra 2en1,Pescados,6,domicilio,50000,Sábado,sabado
2024-10-12,Trucha 2en1,Pescados,2,mesa,50000,Sábado,sabado
2024-10-12,Trucha 2en1,Pescados,2,domicilio,50000,Sábado,sabado
2024-10-12,Tierra Aire Mar,Pescados,1,mesa,90000,Sábado,sabado
2024-10-12,Tierra Aire Mar,Pescados,1,domicilio,90000,Sábado,sabado
2024-10-12,Arroz con Pollo,Arroces,11,mesa,45000,Sábado,sabado
2024-10-12,Arroz con Pollo,Arroces,12,domicilio,45000,Sábado,sabado
2024-10-12,Almuerzo Ejecutivo,Corrientes,35,domicilio,25000,Sábado,sabado
2024-10-13,Lengua en salsa,Sopas,4,mesa,60000,Domingo,domingo
2024-10-13,Lengua en salsa,Sopas,3,domicilio,60000,Domingo,domingo
2024-10-13,Mute,Sopas,46,mesa,30000,Domingo,domingo
2024-10-13,Mute,Sopas,30,domicilio,30000,Domingo,domingo
2024-10-13,Sancocho de Gallina,Sopas,30,mesa,60000,Domingo,domingo
2024-10-13,Sancocho de Gallina,Sopas,17,domicilio,60000,Domingo,domingo
2024-10-13,Pata,Sopas,5,mesa,27000,Domingo,domingo
2024-10-13,Pata,Sopas,4,domicilio,27000,Domingo,domingo
2024-10-13,Cola de Buey,Sopas,11,mesa,60000,Domingo,domingo
2024-10-13,Cola de Buey,Sopas,14,domicilio,60000,Domingo,domingo
2024-10-13,Cazuela de Mariscos,Sopas,4,mesa,53000,Domingo,domingo
2024-10-13,Cazuela de Mariscos,Sopas,3,domicilio,53000,Domingo,domingo
2024-10-13,Carne Asada (Chatas),Carnes,33,mesa,56000,Domingo,domingo
2024-10-13,Carne Asada (Chatas),Carnes,24,domicilio,56000,Domingo,domingo
2024-10-13,Carne Oreada,Carnes,10,mesa,56000,Domingo,domingo
2024-10-13,Carne Oreada,Carnes,9,domicilio,56000,Domingo,domingo
2024-10-13,Cabro con Pepitoria,Carnes,25,mesa,56000,Domingo,domingo
2024-10-13,Cabro con Pepitoria,Carnes,24,domicilio,56000,Domingo,domingo
2024-10-13,Costillas de Cerdo,Carnes,13,mesa,54000,Domingo,domingo
2024-10-13,Costillas de Cerdo,Carnes,24,domicilio,54000,Domingo,domingo
2024-10-13,Lomo de Cerdo,Carnes,11,mesa,54000,Domingo,domingo
2024-10-13,Lomo de Cerdo,Carnes,10,domicilio,54000,Domingo,domingo
2024-10-13,Sobrebarriga,Carnes,26,mesa,54000,Domingo,domingo
2024-10-13,Sobrebarriga,Carnes,33,domicilio,54000,Domingo,domingo
2024-10-13,Pechuga Asada,Carnes,9,mesa,52000,Domingo,domingo
2024-10-13,Pechuga Asada,Carnes,12,domicilio,52000,Domingo,domingo
2024-10-13,Mojarra 2en1,Pescados,12,mesa,50000,Domingo,domingo
2024-10-13,Mojarra 2en1,Pescados,14,domicilio,50000,Domingo,domingo
2024-10-13,Trucha 2en1,Pescados,3,mesa,50000,Domingo,domingo
2024-10-13,Trucha 2en1,Pescados,4,domicilio,50000,Domingo,domingo
2024-10-13,Tierra Aire Mar,Pescados,2,mesa,90000,Domingo,domingo
2024-10-13,Tierra Aire Mar,Pescados,2,domicilio,90000,Domingo,domingo
2024-10-13,Arroz con Pollo,Arroces,30,mesa,45000,Domingo,domingo
2024-10-13,Arroz con Pollo,Arroces,24,domicilio,45000,Domingo,domingo
2024-10-15,Lengua en salsa,Sopas,1,mesa,60000,Martes,entre_semana
2024-10-15,Lengua en salsa,Sopas,1,domicilio,60000,Martes,entre_semana
2024-10-15,Sancocho de Gallina,Sopas,3,mesa,60000,Martes,entre_semana
2024-10-15,Sancocho de Gallina,Sopas,3,domicilio,60000,Martes,entre_semana
2024-10-15,Frijoles con Pezuña,Sopas,2,mesa,50000,Martes,entre_semana
2024-10-15,Frijoles con Pezuña,Sopas,2,domicilio,50000,Martes,entre_semana
2024-10-15,Pata,Sopas,1,mesa,27000,Martes,entre_semana
2024-10-15,Pata,Sopas,1,domicilio,27000,Martes,entre_semana
2024-10-15,Cola de Buey,Sopas,3,mesa,60000,Martes,entre_semana
2024-10-15,Cola de Buey,Sopas,5,domicilio,60000,Martes,entre_semana
2024-10-15,Cazuela de Mariscos,Sopas,1,mesa,53000,Martes,entre_semana
2024-10-15,Cazuela de Mariscos,Sopas,1,domicilio,53000,Martes,entre_semana
2024-10-15,Carne Asada (Chatas),Carnes,9,mesa,56000,Martes,entre_semana
2024-10-15,Carne Asada (Chatas),Carnes,10,domicilio,56000,Martes,entre_semana
2024-10-15,Carne Oreada,Carnes,3,mesa,56000,Martes,entre_semana
2024-10-15,Carne Oreada,Carnes,3,domicilio,56000,Martes,entre_semana
2024-10-15,Cabro con Pepitoria,Carnes,9,mesa,56000,Martes,entre_semana
2024-10-15,Cabro con Pepitoria,Carnes,9,domicilio,56000,Martes,entre_semana
2024-10-15,Costillas de Cerdo,Carnes,4,mesa,54000,Martes,entre_semana
2024-10-15,Costillas de Cerdo,Carnes,7,domicilio,54000,Martes,entre_semana
2024-10-15,Lomo de Cerdo,Carnes,5,mesa,54000,Martes,entre_semana
2024-10-15,Lomo de Cerdo,Carnes,3,domicilio,54000,Martes,entre_semana
2024-10-15,Sobrebarriga,Carnes,12,mesa,54000,Martes,entre_semana
2024-10-15,Sobrebarriga,Carnes,9,domicilio,54000,Martes,entre_semana
2024-10-15,Pechuga Asada,Carnes,2,mesa,52000,Martes,entre_semana
2024-10-15,Pechuga Asada,Carnes,5,domicilio,52000,Martes,entre_semana
2024-10-15,Mojarra 2en1,Pescados,3,mesa,50000,Martes,entre_semana
2024-10-15,Mojarra 2en1,Pescados,5,domicilio,50000,Martes,entre_semana
2024-10-15,Trucha 2en1,Pescados,1,mesa,50000,Martes,entre_semana
2024-10-15,Trucha 2en1,Pescados,1,domicilio,50000,Martes,entre_semana
2024-10-15,Tierra Aire Mar,Pescados,1,domicilio,90000,Martes,entre_semana
2024-10-15,Arroz con Pollo,Arroces,7,mesa,45000,Martes,entre_semana
2024-10-15,Arroz con Pollo,Arroces,9,domicilio,45000,Martes,entre_semana
2024-10-15,Almuerzo Ejecutivo,Corrientes,48,mesa,25000,Martes,entre_semana
2024-10-15,Almuerzo Ejecutivo,Corrientes,43,domicilio,25000,Martes,entre_semana
2024-10-16,Lengua en salsa,Sopas,1,mesa,60000,Miércoles,entre_semana
2024-10-16,Lengua en salsa,Sopas,1,domicilio,60000,Miércoles,entre_semana
2024-10-16,Sancocho de Gallina,Sopas,3,mesa,60000,Miércoles,entre_semana
2024-10-16,Sancocho de Gallina,Sopas,3,domicilio,60000,Miércoles,entre_semana
2024-10-16,Frijoles con Pezuña,Sopas,3,mesa,50000,Miércoles,entre_semana
2024-10-16,Frijoles con Pezuña,Sopas,2,domicilio,50000,Miércoles,entre_semana
2024-10-16,Pata,Sopas,1,mesa,27000,Miércoles,entre_semana
2024-10-16,Pata,Sopas,1,domicilio,27000,Miércoles,entre_semana
2024-10-16,Cola de Buey,Sopas,3,mesa,60000,Miércoles,entre_semana
2024-10-16,Cola de Buey,Sopas,4,domicilio,60000,Miércoles,entre_semana
2024-10-16,Cazuela de Mariscos,Sopas,1,mesa,53000,Miércoles,entre_semana
2024-10-16,Cazuela de Mariscos,Sopas,1,domicilio,53000,Miércoles,entre_semana
2024-10-16,Carne Asada (Chatas),Carnes,7,mesa,56000,Miércoles,entre_semana
2024-10-16,Carne Asada (Chatas),Carnes,7,domicilio,56000,Miércoles,entre_semana
2024-10-16,Carne Oreada,Carnes,3,mesa,56000,Miércoles,entre_semana
2024-10-16,Carne Oreada,Carnes,4,domicilio,56000,Miércoles,entre_semana
2024-10-16,Cabro con Pepitoria,Carnes,9,mesa,56000,Miércoles,entre_semana
2024-10-16,Cabro con Pepitoria,Carnes,10,domicilio,56000,Miércoles,entre_semana
2024-10-16,Costillas de Cerdo,Carnes,4,mesa,54000,Miércoles,entre_semana
2024-10-16,Costillas de Cerdo,Carnes,6,domicilio,54000,Miércoles,entre_semana
2024-10-16,Lomo de Cerdo,Carnes,3,mesa,54000,Miércoles,entre_semana
2024-10-16,Lomo de Cerdo,Carnes,3,domicilio,54000,Miércoles,entre_semana
2024-10-16,Sobrebarriga,Carnes,11,mesa,54000,Miércoles,entre_semana
2024-10-16,Sobrebarriga,Carnes,11,domicilio,54000,Miércoles,entre_semana
2024-10-16,Pechuga Asada,Carnes,2,mesa,52000,Miércoles,entre_semana
2024-10-16,Pechuga Asada,Carnes,4,domicilio,52000,Miércoles,entre_semana
2024-10-16,Mojarra 2en1,Pescados,4,mesa,50000,Miércoles,entre_semana
2024-10-16,Mojarra 2en1,Pescados,4,domicilio,50000,Miércoles,entre_semana
2024-10-16,Trucha 2en1,Pescados,1,mesa,50000,Miércoles,entre_semana
2024-10-16,Trucha 2en1,Pescados,1,domicilio,50000,Miércoles,entre_semana
2024-10-16,Tierra Aire Mar,Pescados,1,domicilio,90000,Miércoles,entre_semana
2024-10-16,Arroz con Pollo,Arroces,9,mesa,45000,Miércoles,entre_semana
2024-10-16,Arroz con Pollo,Arroces,7,domicilio,45000,Miércoles,entre_semana
2024-10-16,Almuerzo Ejecutivo,Corrientes,44,mesa,25000,Miércoles,entre_semana
2024-10-16,Almuerzo Ejecutivo,Corrientes,52,domicilio,25000,Miércoles,entre_semana
2024-10-17,Lengua en salsa,Sopas,1,mesa,60000,Jueves,entre_semana
2024-10-17,Lengua en salsa,Sopas,1,domicilio,60000,Jueves,entre_semana
2024-10-17,Sancocho de Gallina,Sopas,3,mesa,60000,Jueves,entre_semana
2024-10-17,Sancocho de Gallina,Sopas,3,domicilio,60000,Jueves,entre_semana
2024-10-17,Frijoles con Pezuña,Sopas,2,mesa,50000,Jueves,entre_semana
2024-10-17,Frijoles con Pezuña,Sopas,2,domicilio,50000,Jueves,entre_semana
2024-10-17,Pata,Sopas,1,mesa,27000,Jueves,entre_semana
2024-10-17,Pata,Sopas,1,domicilio,27000,Jueves,entre_semana
2024-10-17,Cola de Buey,Sopas,3,mesa,60000,Jueves,entre_semana
2024-10-17,Cola de Buey,Sopas,4,domicilio,60000,Jueves,entre_semana
2024-10-17,Cazuela de Mariscos,Sopas,1,mesa,53000,Jueves,entre_semana
2024-10-17,Cazuela de Mariscos,Sopas,1,domicilio,53000,Jueves,entre_semana
2024-10-17,Carne Asada (Chatas),Carnes,9,mesa,56000,Jueves,entre_semana
2024-10-17,Carne Asada (Chatas),Carnes,8,domicilio,56000,Jueves,entre_semana
2024-10-17,Carne Oreada,Carnes,3,mesa,56000,Jueves,entre_semana
2024-10-17,Carne Oreada,Carnes,3,domicilio,56000,Jueves,entre_semana
2024-10-17,Cabro con Pepitoria,Carnes,10,mesa,56000,Jueves,entre_semana
2024-10-17,Cabro con Pepitoria,Carnes,9,domicilio,56000,Jueves,entre_semana
2024-10-17,Costillas de Cerdo,Carnes,5,mesa,54000,Jueves,entre_semana
2024-10-17,Costillas de Cerdo,Carnes,7,domicilio,54000,Jueves,entre_semana
2024-10-17,Lomo de Cerdo,Carnes,4,mesa,54000,Jueves,entre_semana
2024-10-17,Lomo de Cerdo,Carnes,4,domicilio,54000,Jueves,entre_semana
2024-10-17,Sobrebarriga,Carnes,10,mesa,54000,Jueves,entre_semana
2024-10-17,Sobrebarriga,Carnes,12,domicilio,54000,Jueves,entre_semana
2024-10-17,Pechuga Asada,Carnes,2,mesa,52000,Jueves,entre_semana
2024-10-17,Pechuga Asada,Carnes,4,domicilio,52000,Jueves,entre_semana
2024-10-17,Mojarra 2en1,Pescados,5,mesa,50000,Jueves,entre_semana
2024-10-17,Mojarra 2en1,Pescados,4,domicilio,50000,Jueves,entre_semana
2024-10-17,Trucha 2en1,Pescados,1,mesa,50000,Jueves,entre_semana
2024-10-17,Trucha 2en1,Pescados,1,domicilio,50000,Jueves,entre_semana
2024-10-17,Tierra Aire Mar,Pescados,1,domicilio,90000,Jueves,entre_semana
2024-10-17,Arroz con Pollo,Arroces,9,mesa,45000,Jueves,entre_semana
2024-10-17,Arroz con Pollo,Arroces,6,domicilio,45000,Jueves,entre_semana
2024-10-17,Almuerzo Ejecutivo,Corrientes,52,mesa,25000,Jueves,entre_semana
2024-10-17,Almuerzo Ejecutivo,Corrientes,42,domicilio,25000,Jueves,entre_semana
2024-10-18,Lengua en salsa,Sopas,1,mesa,60000,Viernes,entre_semana
2024-10-18,Lengua en salsa,Sopas,1,domicilio,60000,Viernes,entre_semana
2024-10-18,Sancocho de Gallina,Sopas,3,mesa,60000,Viernes,entre_semana
2024-10-18,Sancocho de Gallina,Sopas,3,domicilio,60000,Viernes,entre_semana
2024-10-18,Frijoles con Pezuña,Sopas,3,mesa,50000,Viernes,entre_semana
2024-10-18,Frijoles con Pezuña,Sopas,2,domicilio,50000,Viernes,entre_semana
2024-10-18,Pata,Sopas,1,mesa,27000,Viernes,entre_semana
2024-10-18,Pata,Sopas,1,domicilio,27000,Viernes,entre_semana
2024-10-18,Cola de Buey,Sopas,3,mesa,60000,Viernes,entre_semana
2024-10-18,Cola de Buey,Sopas,3,domicilio,60000,Viernes,entre_semana
2024-10-18,Cazuela de Mariscos,Sopas,1,mesa,53000,Viernes,entre_semana
2024-10-18,Cazuela de Mariscos,Sopas,1,domicilio,53000,Viernes,entre_semana
2024-10-18,Carne Asada (Chatas),Carnes,7,mesa,56000,Viernes,entre_semana
2024-10-18,Carne Asada (Chatas),Carnes,8,domicilio,56000,Viernes,entre_semana
2024-10-18,Carne Oreada,Carnes,3,mesa,56000,Viernes,entre_semana
2024-10-18,Carne Oreada,Carnes,3,domicilio,56000,Viernes,entre_semana
2024-10-18,Cabro con Pepitoria,Carnes,9,mesa,56000,Viernes,entre_semana
2024-10-18,Cabro con Pepitoria,Carnes,10,domicilio,56000,Viernes,entre_semana
2024-10-18,Costillas de Cerdo,Carnes,5,mesa,54000,Viernes,entre_semana
2024-10-18,Costillas de Cerdo,Carnes,6,domicilio,54000,Viernes,entre_semana
2024-10-18,Lomo de Cerdo,Carnes,4,mesa,54000,Viernes,entre_semana
2024-10-18,Lomo de Cerdo,Carnes,5,domicilio,54000,Viernes,entre_semana
2024-10-18,Sobrebarriga,Carnes,10,mesa,54000,Viernes,entre_semana
2024-10-18,Sobrebarriga,Carnes,10,domicilio,54000,Viernes,entre_semana
2024-10-18,Pechuga Asada,Carnes,2,mesa,52000,Viernes,entre_semana
2024-10-18,Pechuga Asada,Carnes,4,domicilio,52000,Viernes,entre_semana
2024-10-18,Mojarra 2en1,Pescados,3,mesa,50000,Viernes,entre_semana
2024-10-18,Mojarra 2en1,Pescados,4,domicilio,50000,Viernes,entre_semana
2024-10-18,Trucha 2en1,Pescados,1,mesa,50000,Viernes,entre_semana
2024-10-18,Trucha 2en1,Pescados,1,domicilio,50000,Viernes,entre_semana
2024-10-18,Tierra Aire Mar,Pescados,1,domicilio,90000,Viernes,entre_semana
2024-10-18,Arroz con Pollo,Arroces,8,mesa,45000,Viernes,entre_semana
2024-10-18,Arroz con Pollo,Arroces,8,domicilio,45000,Viernes,entre_semana
2024-10-18,Almuerzo Ejecutivo,Corrientes,44,mesa,25000,Viernes,entre_semana
2024-10-18,Almuerzo Ejecutivo,Corrientes,45,domicilio,25000,Viernes,entre_semana
2024-10-19,Lengua en salsa,Sopas,2,mesa,60000,Sábado,sabado
2024-10-19,Lengua en salsa,Sopas,2,domicilio,60000,Sábado,sabado
2024-10-19,Mute,Sopas,20,mesa,30000,Sábado,sabado
2024-10-19,Mute,Sopas,14,domicilio,30000,Sábado,sabado
2024-10-19,Sancocho de Gallina,Sopas,11,mesa,60000,Sábado,sabado
2024-10-19,Sancocho de Gallina,Sopas,8,domicilio,60000,Sábado,sabado
2024-10-19,Frijoles con Pezuña,Sopas,5,mesa,50000,Sábado,sabado
2024-10-19,Frijoles con Pezuña,Sopas,4,domicilio,50000,Sábado,sabado
2024-10-19,Pata,Sopas,3,mesa,27000,Sábado,sabado
2024-10-19,Pata,Sopas,2,domicilio,27000,Sábado,sabado
2024-10-19,Cola de Buey,Sopas,4,mesa,60000,Sábado,sabado
2024-10-19,Cola de Buey,Sopas,9,domicilio,60000,Sábado,sabado
2024-10-19,Cazuela de Mariscos,Sopas,2,mesa,53000,Sábado,sabado
2024-10-19,Cazuela de Mariscos,Sopas,2,domicilio,53000,Sábado,sabado
2024-10-19,Carne Asada (Chatas),Carnes,12,mesa,56000,Sábado,sabado
2024-10-19,Carne Asada (Chatas),Carnes,16,domicilio,56000,Sábado,sabado
2024-10-19,Carne Oreada,Carnes,6,mesa,56000,Sábado,sabado
2024-10-19,Carne Oreada,Carnes,4,domicilio,56000,Sábado,sabado
2024-10-19,Cabro con Pepitoria,Carnes,16,mesa,56000,Sábado,sabado
2024-10-19,Cabro con Pepitoria,Carnes,15,domicilio,56000,Sábado,sabado
2024-10-19,Costillas de Cerdo,Carnes,7,mesa,54000,Sábado,sabado
2024-10-19,Costillas de Cerdo,Carnes,11,domicilio,54000,Sábado,sabado
2024-10-19,Lomo de Cerdo,Carnes,7,mesa,54000,Sábado,sabado
2024-10-19,Lomo de Cerdo,Carnes,6,domicilio,54000,Sábado,sabado
2024-10-19,Sobrebarriga,Carnes,13,mesa,54000,Sábado,sabado
2024-10-19,Sobrebarriga,Carnes,14,domicilio,54000,Sábado,sabado
2024-10-19,Pechuga Asada,Carnes,4,mesa,52000,Sábado,sabado
2024-10-19,Pechuga Asada,Carnes,6,domicilio,52000,Sábado,sabado
2024-10-19,Mojarra 2en1,Pescados,9,mesa,50000,Sábado,sabado
2024-10-19,Mojarra 2en1,Pescados,6,domicilio,50000,Sábado,sabado
2024-10-19,Trucha 2en1,Pescados,2,mesa,50000,Sábado,sabado
2024-10-19,Trucha 2en1,Pescados,2,domicilio,50000,Sábado,sabado
2024-10-19,Tierra Aire Mar,Pescados,1,mesa,90000,Sábado,sabado
2024-10-19,Tierra Aire Mar,Pescados,1,domicilio,90000,Sábado,sabado
2024-10-19,Arroz con Pollo,Arroces,12,mesa,45000,Sábado,sabado
2024-10-19,Arroz con Pollo,Arroces,14,domicilio,45000,Sábado,sabado
2024-10-19,Almuerzo Ejecutivo,Corrientes,39,domicilio,25000,Sábado,sabado
2024-10-20,Lengua en salsa,Sopas,5,mesa,60000,Domingo,domingo
2024-10-20,Lengua en salsa,Sopas,3,domicilio,60000,Domingo,domingo
2024-10-20,Mute,Sopas,42,mesa,30000,Domingo,domingo
2024-10-20,Mute,Sopas,33,domicilio,30000,Domingo,domingo
2024-10-20,Sancocho de Gallina,Sopas,24,mesa,60000,Domingo,domingo
2024-10-20,Sancocho de Gallina,Sopas,21,domicilio,60000,Domingo,domingo
2024-10-20,Pata,Sopas,6,mesa,27000,Domingo,domingo
2024-10-20,Pata,Sopas,4,domicilio,27000,Domingo,domingo
2024-10-20,Cola de Buey,Sopas,9,mesa,60000,Domingo,domingo
2024-10-20,Cola de Buey,Sopas,13,domicilio,60000,Domingo,domingo
2024-10-20,Cazuela de Mariscos,Sopas,3,mesa,53000,Domingo,domingo
2024-10-20,Cazuela de Mariscos,Sopas,3,domicilio,53000,Domingo,domingo
2024-10-20,Carne Asada (Chatas),Carnes,26,mesa,56000,Domingo,domingo
2024-10-20,Carne Asada (Chatas),Carnes,26,domicilio,56000,Domingo,domingo
2024-10-20,Carne Oreada,Carnes,10,mesa,56000,Domingo,domingo
2024-10-20,Carne Oreada,Carnes,10,domicilio,56000,Domingo,domingo
2024-10-20,Cabro con Pepitoria,Carnes,23,mesa,56000,Domingo,domingo
2024-10-20,Cabro con Pepitoria,Carnes,24,domicilio,56000,Domingo,domingo
2024-10-20,Costillas de Cerdo,Carnes,14,mesa,54000,Domingo,domingo
2024-10-20,Costillas de Cerdo,Carnes,23,domicilio,54000,Domingo,domingo
2024-10-20,Lomo de Cerdo,Carnes,14,mesa,54000,Domingo,domingo
2024-10-20,Lomo de Cerdo,Carnes,11,domicilio,54000,Domingo,domingo
2024-10-20,Sobrebarriga,Carnes,31,mesa,54000,Domingo,domingo
2024-10-20,Sobrebarriga,Carnes,29,domicilio,54000,Domingo,domingo
2024-10-20,Pechuga Asada,Carnes,7,mesa,52000,Domingo,domingo
2024-10-20,Pechuga Asada,Carnes,11,domicilio,52000,Domingo,domingo
2024-10-20,Mojarra 2en1,Pescados,13,mesa,50000,Domingo,domingo
2024-10-20,Mojarra 2en1,Pescados,17,domicilio,50000,Domingo,domingo
2024-10-20,Trucha 2en1,Pescados,4,mesa,50000,Domingo,domingo
2024-10-20,Trucha 2en1,Pescados,4,domicilio,50000,Domingo,domingo
2024-10-20,Tierra Aire Mar,Pescados,2,mesa,90000,Domingo,domingo
2024-10-20,Tierra Aire Mar,Pescados,2,domicilio,90000,Domingo,domingo
2024-10-20,Arroz con Pollo,Arroces,20,mesa,45000,Domingo,domingo
2024-10-20,Arroz con Pollo,Arroces,22,domicilio,45000,Domingo,domingo
2024-10-22,Lengua en salsa,Sopas,1,mesa,60000,Martes,entre_semana
2024-10-22,Lengua en salsa,Sopas,1,domicilio,60000,Martes,entre_semana
2024-10-22,Sancocho de Gallina,Sopas,3,mesa,60000,Martes,entre_semana
2024-10-22,Sancocho de Gallina,Sopas,3,domicilio,60000,Martes,entre_semana
2024-10-22,Frijoles con Pezuña,Sopas,3,mesa,50000,Martes,entre_semana
2024-10-22,Frijoles con Pezuña,Sopas,2,domicilio,50000,Martes,entre_semana
2024-10-22,Pata,Sopas,1,mesa,27000,Martes,entre_semana
2024-10-22,Pata,Sopas,1,domicilio,27000,Martes,entre_semana
2024-10-22,Cola de Buey,Sopas,2,mesa,60000,Martes,entre_semana
2024-10-22,Cola de Buey,Sopas,5,domicilio,60000,Martes,entre_semana
2024-10-22,Cazuela de Mariscos,Sopas,1,mesa,53000,Martes,entre_semana
2024-10-22,Cazuela de Mariscos,Sopas,1,domicilio,53000,Martes,entre_semana
2024-10-22,Carne Asada (Chatas),Carnes,10,mesa,56000,Martes,entre_semana
2024-10-22,Carne Asada (Chatas),Carnes,10,domicilio,56000,Martes,entre_semana
2024-10-22,Carne Oreada,Carnes,3,mesa,56000,Martes,entre_semana
2024-10-22,Carne Oreada,Carnes,3,domicilio,56000,Martes,entre_semana
2024-10-22,Cabro con Pepitoria,Carnes,10,mesa,56000,Martes,entre_semana
2024-10-22,Cabro con Pepitoria,Carnes,8,domicilio,56000,Martes,entre_semana
2024-10-22,Costillas de Cerdo,Carnes,6,mesa,54000,Martes,entre_semana
2024-10-22,Costillas de Cerdo,Carnes,7,domicilio,54000,Martes,entre_semana
2024-10-22,Lomo de Cerdo,Carnes,3,mesa,54000,Martes,entre_semana
2024-10-22,Lomo de Cerdo,Carnes,3,domicilio,54000,Martes,entre_semana
2024-10-22,Sobrebarriga,Carnes,11,mesa,54000,Martes,entre_semana
2024-10-22,Sobrebarriga,Carnes,12,domicilio,54000,Martes,entre_semana
2024-10-22,Pechuga Asada,Carnes,2,mesa,52000,Martes,entre_semana
2024-10-22,Pechuga Asada,Carnes,5,domicilio,52000,Martes,entre_semana
2024-10-22,Mojarra 2en1,Pescados,5,mesa,50000,Martes,entre_semana
2024-10-22,Mojarra 2en1,Pescados,5,domicilio,50000,Martes,entre_semana
2024-10-22,Trucha 2en1,Pescados,1,mesa,50000,Martes,entre_semana
2024-10-22,Trucha 2en1,Pescados,1,domicilio,50000,Martes,entre_semana
2024-10-22,Tierra Aire Mar,Pescados,1,domicilio,90000,Martes,entre_semana
2024-10-22,Arroz con Pollo,Arroces,9,mesa,45000,Martes,entre_semana
2024-10-22,Arroz con Pollo,Arroces,7,domicilio,45000,Martes,entre_semana
2024-10-22,Almuerzo Ejecutivo,Corrientes,47,mesa,25000,Martes,entre_semana
2024-10-22,Almuerzo Ejecutivo,Corrientes,43,domicilio,25000,Martes,entre_semana
2024-10-23,Lengua en salsa,Sopas,1,mesa,60000,Miércoles,entre_semana
2024-10-23,Lengua en salsa,Sopas,1,domicilio,60000,Miércoles,entre_semana
2024-10-23,Sancocho de Gallina,Sopas,3,mesa,60000,Miércoles,entre_semana
2024-10-23,Sancocho de Gallina,Sopas,3,domicilio,60000,Miércoles,entre_semana
2024-10-23,Frijoles con Pezuña,Sopas,3,mesa,50000,Miércoles,entre_semana
2024-10-23,Frijoles con Pezuña,Sopas,2,domicilio,50000,Miércoles,entre_semana
2024-10-23,Pata,Sopas,1,mesa,27000,Miércoles,entre_semana
2024-10-23,Pata,Sopas,1,domicilio,27000,Miércoles,entre_semana
2024-10-23,Cola de Buey,Sopas,3,mesa,60000,Miércoles,entre_semana
2024-10-23,Cola de Buey,Sopas,4,domicilio,60000,Miércoles,entre_semana
2024-10-23,Cazuela de Mariscos,Sopas,1,mesa,53000,Miércoles,entre_semana
2024-10-23,Cazuela de Mariscos,Sopas,1,domicilio,53000,Miércoles,entre_semana
2024-10-23,Carne Asada (Chatas),Carnes,8,mesa,56000,Miércoles,entre_semana
2024-10-23,Carne Asada (Chatas),Carnes,9,domicilio,56000,Miércoles,entre_semana
2024-10-23,Carne Oreada,Carnes,3,mesa,56000,Miércoles,entre_semana
2024-10-23,Carne Oreada,Carnes,4,domicilio,56000,Miércoles,entre_semana
2024-10-23,Cabro con Pepitoria,Carnes,10,mesa,56000,Miércoles,entre_semana
2024-10-23,Cabro con Pepitoria,Carnes,11,domicilio,56000,Miércoles,entre_semana
2024-10-23,Costillas de Cerdo,Carnes,5,mesa,54000,Miércoles,entre_semana
2024-10-23,Costillas de Cerdo,Carnes,7,domicilio,54000,Miércoles,entre_semana
2024-10-23,Lomo de Cerdo,Carnes,5,mesa,54000,Miércoles,entre_semana
2024-10-23,Lomo de Cerdo,Carnes,3,domicilio,54000,Miércoles,entre_semana
2024-10-23,Sobrebarriga,Carnes,12,mesa,54000,Miércoles,entre_semana
2024-10-23,Sobrebarriga,Carnes,10,domicilio,54000,Miércoles,entre_semana
2024-10-23,Pechuga Asada,Carnes,2,mesa,52000,Miércoles,entre_semana
2024-10-23,Pechuga Asada,Carnes,4,domicilio,52000,Miércoles,entre_semana
2024-10-23,Mojarra 2en1,Pescados,5,mesa,50000,Miércoles,entre_semana
2024-10-23,Mojarra 2en1,Pescados,4,domicilio,50000,Miércoles,entre_semana
2024-10-23,Trucha 2en1,Pescados,1,mesa,50000,Miércoles,entre_semana
2024-10-23,Trucha 2en1,Pescados,1,domicilio,50000,Miércoles,entre_semana
2024-10-23,Tierra Aire Mar,Pescados,1,domicilio,90000,Miércoles,entre_semana
2024-10-23,Arroz con Pollo,Arroces,9,mesa,45000,Miércoles,entre_semana
2024-10-23,Arroz con Pollo,Arroces,8,domicilio,45000,Miércoles,entre_semana
2024-10-23,Almuerzo Ejecutivo,Corrientes,51,mesa,25000,Miércoles,entre_semana
2024-10-23,Almuerzo Ejecutivo,Corrientes,38,domicilio,25000,Miércoles,entre_semana
2024-10-24,Lengua en salsa,Sopas,1,mesa,60000,Jueves,entre_semana
2024-10-24,Lengua en salsa,Sopas,1,domicilio,60000,Jueves,entre_semana
2024-10-24,Sancocho de Gallina,Sopas,3,mesa,60000,Jueves,entre_semana
2024-10-24,Sancocho de Gallina,Sopas,3,domicilio,60000,Jueves,entre_semana
2024-10-24,Frijoles con Pezuña,Sopas,3,mesa,50000,Jueves,entre_semana
2024-10-24,Frijoles con Pezuña,Sopas,2,domicilio,50000,Jueves,entre_semana
2024-10-24,Pata,Sopas,1,mesa,27000,Jueves,entre_semana
2024-10-24,Pata,Sopas,1,domicilio,27000,Jueves,entre_semana
2024-10-24,Cola de Buey,Sopas,3,mesa,60000,Jueves,entre_semana
2024-10-24,Cola de Buey,Sopas,4,domicilio,60000,Jueves,entre_semana
2024-10-24,Cazuela de Mariscos,Sopas,1,mesa,53000,Jueves,entre_semana
2024-10-24,Cazuela de Mariscos,Sopas,1,domicilio,53000,Jueves,entre_semana
2024-10-24,Carne Asada (Chatas),Carnes,10,mesa,56000,Jueves,entre_semana
2024-10-24,Carne Asada (Chatas),Carnes,9,domicilio,56000,Jueves,entre_semana
2024-10-24,Carne Oreada,Carnes,3,mesa,56000,Jueves,entre_semana
2024-10-24,Carne Oreada,Carnes,3,domicilio,56000,Jueves,entre_semana
2024-10-24,Cabro con Pepitoria,Carnes,9,mesa,56000,Jueves,entre_semana
2024-10-24,Cabro con Pepitoria,Carnes,7,domicilio,56000,Jueves,entre_semana
2024-10-24,Costillas de Cerdo,Carnes,6,mesa,54000,Jueves,entre_semana
2024-10-24,Costillas de Cerdo,Carnes,7,domicilio,54000,Jueves,entre_semana
2024-10-24,Lomo de Cerdo,Carnes,5,mesa,54000,Jueves,entre_semana
2024-10-24,Lomo de Cerdo,Carnes,4,domicilio,54000,Jueves,entre_semana
2024-10-24,Sobrebarriga,Carnes,10,mesa,54000,Jueves,entre_semana
2024-10-24,Sobrebarriga,Carnes,11,domicilio,54000,Jueves,entre_semana
2024-10-24,Pechuga Asada,Carnes,2,mesa,52000,Jueves,entre_semana
2024-10-24,Pechuga Asada,Carnes,5,domicilio,52000,Jueves,entre_semana
2024-10-24,Mojarra 2en1,Pescados,5,mesa,50000,Jueves,entre_semana
2024-10-24,Mojarra 2en1,Pescados,5,domicilio,50000,Jueves,entre_semana
2024-10-24,Trucha 2en1,Pescados,1,mesa,50000,Jueves,entre_semana
2024-10-24,Trucha 2en1,Pescados,1,domicilio,50000,Jueves,entre_semana
2024-10-24,Tierra Aire Mar,Pescados,1,domicilio,90000,Jueves,entre_semana
2024-10-24,Arroz con Pollo,Arroces,9,mesa,45000,Jueves,entre_semana
2024-10-24,Arroz con Pollo,Arroces,9,domicilio,45000,Jueves,entre_semana
2024-10-24,Almuerzo Ejecutivo,Corrientes,44,mesa,25000,Jueves,entre_semana
2024-10-24,Almuerzo Ejecutivo,Corrientes,36,domicilio,25000,Jueves,entre_semana
2024-10-25,Lengua en salsa,Sopas,1,mesa,60000,Viernes,entre_semana
2024-10-25,Lengua en salsa,Sopas,1,domicilio,60000,Viernes,entre_semana
2024-10-25,Sancocho de Gallina,Sopas,3,mesa,60000,Viernes,entre_semana
2024-10-25,Sancocho de Gallina,Sopas,3,domicilio,60000,Viernes,entre_semana
2024-10-25,Frijoles con Pezuña,Sopas,3,mesa,50000,Viernes,entre_semana
2024-10-25,Frijoles con Pezuña,Sopas,2,domicilio,50000,Viernes,entre_semana
2024-10-25,Pata,Sopas,1,mesa,27000,Viernes,entre_semana
2024-10-25,Pata,Sopas,1,domicilio,27000,Viernes,entre_semana
2024-10-25,Cola de Buey,Sopas,2,mesa,60000,Viernes,entre_semana
2024-10-25,Cola de Buey,Sopas,3,domicilio,60000,Viernes,entre_semana
2024-10-25,Cazuela de Mariscos,Sopas,1,mesa,53000,Viernes,entre_semana
2024-10-25,Cazuela de Mariscos,Sopas,1,domicilio,53000,Viernes,entre_semana
2024-10-25,Carne Asada (Chatas),Carnes,10,mesa,56000,Viernes,entre_semana
2024-10-25,Carne Asada (Chatas),Carnes,10,domicilio,56000,Viernes,entre_semana
2024-10-25,Carne Oreada,Carnes,3,mesa,56000,Viernes,entre_semana
2024-10-25,Carne Oreada,Carnes,3,domicilio,56000,Viernes,entre_semana
2024-10-25,Cabro con Pepitoria,Carnes,10,mesa,56000,Viernes,entre_semana
2024-10-25,Cabro con Pepitoria,Carnes,8,domicilio,56000,Viernes,entre_semana
2024-10-25,Costillas de Cerdo,Carnes,5,mesa,54000,Viernes,entre_semana
2024-10-25,Costillas de Cerdo,Carnes,7,domicilio,54000,Viernes,entre_semana
2024-10-25,Lomo de Cerdo,Carnes,4,mesa,54000,Viernes,entre_semana
2024-10-25,Lomo de Cerdo,Carnes,4,domicilio,54000,Viernes,entre_semana
2024-10-25,Sobrebarriga,Carnes,11,mesa,54000,Viernes,entre_semana
2024-10-25,Sobrebarriga,Carnes,11,domicilio,54000,Viernes,entre_semana
2024-10-25,Pechuga Asada,Carnes,2,mesa,52000,Viernes,entre_semana
2024-10-25,Pechuga Asada,Carnes,4,domicilio,52000,Viernes,entre_semana
2024-10-25,Mojarra 2en1,Pescados,3,mesa,50000,Viernes,entre_semana
2024-10-25,Mojarra 2en1,Pescados,5,domicilio,50000,Viernes,entre_semana
2024-10-25,Trucha 2en1,Pescados,1,mesa,50000,Viernes,entre_semana
2024-10-25,Trucha 2en1,Pescados,1,domicilio,50000,Viernes,entre_semana
2024-10-25,Tierra Aire Mar,Pescados,1,domicilio,90000,Viernes,entre_semana
2024-10-25,Arroz con Pollo,Arroces,9,mesa,45000,Viernes,entre_semana
2024-10-25,Arroz con Pollo,Arroces,8,domicilio,45000,Viernes,entre_semana
2024-10-25,Almuerzo Ejecutivo,Corrientes,47,mesa,25000,Viernes,entre_semana
2024-10-25,Almuerzo Ejecutivo,Corrientes,52,domicilio,25000,Viernes,entre_semana
2024-10-26,Lengua en salsa,Sopas,2,mesa,60000,Sábado,sabado
2024-10-26,Lengua en salsa,Sopas,2,domicilio,60000,Sábado,sabado
2024-10-26,Mute,Sopas,19,mesa,30000,Sábado,sabado
2024-10-26,Mute,Sopas,12,domicilio,30000,Sábado,sabado
2024-10-26,Sancocho de Gallina,Sopas,12,mesa,60000,Sábado,sabado
2024-10-26,Sancocho de Gallina,Sopas,10,domicilio,60000,Sábado,sabado
2024-10-26,Frijoles con Pezuña,Sopas,4,mesa,50000,Sábado,sabado
2024-10-26,Frijoles con Pezuña,Sopas,3,domicilio,50000,Sábado,sabado
2024-10-26,Pata,Sopas,3,mesa,27000,Sábado,sabado
2024-10-26,Pata,Sopas,2,domicilio,27000,Sábado,sabado
2024-10-26,Cola de Buey,Sopas,4,mesa,60000,Sábado,sabado
2024-10-26,Cola de Buey,Sopas,9,domicilio,60000,Sábado,sabado
2024-10-26,Cazuela de Mariscos,Sopas,2,mesa,53000,Sábado,sabado
2024-10-26,Cazuela de Mariscos,Sopas,2,domicilio,53000,Sábado,sabado
2024-10-26,Carne Asada (Chatas),Carnes,14,mesa,56000,Sábado,sabado
2024-10-26,Carne Asada (Chatas),Carnes,15,domicilio,56000,Sábado,sabado
2024-10-26,Carne Oreada,Carnes,5,mesa,56000,Sábado,sabado
2024-10-26,Carne Oreada,Carnes,4,domicilio,56000,Sábado,sabado
2024-10-26,Cabro con Pepitoria,Carnes,12,mesa,56000,Sábado,sabado
2024-10-26,Cabro con Pepitoria,Carnes,16,domicilio,56000,Sábado,sabado
2024-10-26,Costillas de Cerdo,Carnes,9,mesa,54000,Sábado,sabado
2024-10-26,Costillas de Cerdo,Carnes,9,domicilio,54000,Sábado,sabado
2024-10-26,Lomo de Cerdo,Carnes,7,mesa,54000,Sábado,sabado
2024-10-26,Lomo de Cerdo,Carnes,5,domicilio,54000,Sábado,sabado
2024-10-26,Sobrebarriga,Carnes,17,mesa,54000,Sábado,sabado
2024-10-26,Sobrebarriga,Carnes,16,domicilio,54000,Sábado,sabado
2024-10-26,Pechuga Asada,Carnes,5,mesa,52000,Sábado,sabado
2024-10-26,Pechuga Asada,Carnes,5,domicilio,52000,Sábado,sabado
2024-10-26,Mojarra 2en1,Pescados,9,mesa,50000,Sábado,sabado
2024-10-26,Mojarra 2en1,Pescados,7,domicilio,50000,Sábado,sabado
2024-10-26,Trucha 2en1,Pescados,2,mesa,50000,Sábado,sabado
2024-10-26,Trucha 2en1,Pescados,2,domicilio,50000,Sábado,sabado
2024-10-26,Tierra Aire Mar,Pescados,1,mesa,90000,Sábado,sabado
2024-10-26,Tierra Aire Mar,Pescados,1,domicilio,90000,Sábado,sabado
2024-10-26,Arroz con Pollo,Arroces,14,mesa,45000,Sábado,sabado
2024-10-26,Arroz con Pollo,Arroces,14,domicilio,45000,Sábado,sabado
2024-10-26,Almuerzo Ejecutivo,Corrientes,43,domicilio,25000,Sábado,sabado
2024-10-27,Lengua en salsa,Sopas,4,mesa,60000,Domingo,domingo
2024-10-27,Lengua en salsa,Sopas,2,domicilio,60000,Domingo,domingo
2024-10-27,Mute,Sopas,34,mesa,30000,Domingo,domingo
2024-10-27,Mute,Sopas,28,domicilio,30000,Domingo,domingo
2024-10-27,Sancocho de Gallina,Sopas,27,mesa,60000,Domingo,domingo
2024-10-27,Sancocho de Gallina,Sopas,21,domicilio,60000,Domingo,domingo
2024-10-27,Pata,Sopas,7,mesa,27000,Domingo,domingo
2024-10-27,Pata,Sopas,4,domicilio,27000,Domingo,domingo
2024-10-27,Cola de Buey,Sopas,11,mesa,60000,Domingo,domingo
2024-10-27,Cola de Buey,Sopas,14,domicilio,60000,Domingo,domingo
2024-10-27,Cazuela de Mariscos,Sopas,3,mesa,53000,Domingo,domingo
2024-10-27,Cazuela de Mariscos,Sopas,2,domicilio,53000,Domingo,domingo
2024-10-27,Carne Asada (Chatas),Carnes,26,mesa,56000,Domingo,domingo
2024-10-27,Carne Asada (Chatas),Carnes,24,domicilio,56000,Domingo,domingo
2024-10-27,Carne Oreada,Carnes,13,mesa,56000,Domingo,domingo
2024-10-27,Carne Oreada,Carnes,11,domicilio,56000,Domingo,domingo
2024-10-27,Cabro con Pepitoria,Carnes,33,mesa,56000,Domingo,domingo
2024-10-27,Cabro con Pepitoria,Carnes,32,domicilio,56000,Domingo,domingo
2024-10-27,Costillas de Cerdo,Carnes,16,mesa,54000,Domingo,domingo
2024-10-27,Costillas de Cerdo,Carnes,22,domicilio,54000,Domingo,domingo
2024-10-27,Lomo de Cerdo,Carnes,11,mesa,54000,Domingo,domingo
2024-10-27,Lomo de Cerdo,Carnes,11,domicilio,54000,Domingo,domingo
2024-10-27,Sobrebarriga,Carnes,31,mesa,54000,Domingo,domingo
2024-10-27,Sobrebarriga,Carnes,28,domicilio,54000,Domingo,domingo
2024-10-27,Pechuga Asada,Carnes,8,mesa,52000,Domingo,domingo
2024-10-27,Pechuga Asada,Carnes,11,domicilio,52000,Domingo,domingo
2024-10-27,Mojarra 2en1,Pescados,18,mesa,50000,Domingo,domingo
2024-10-27,Mojarra 2en1,Pescados,15,domicilio,50000,Domingo,domingo
2024-10-27,Trucha 2en1,Pescados,4,mesa,50000,Domingo,domingo
2024-10-27,Trucha 2en1,Pescados,4,domicilio,50000,Domingo,domingo
2024-10-27,Tierra Aire Mar,Pescados,2,mesa,90000,Domingo,domingo
2024-10-27,Tierra Aire Mar,Pescados,2,domicilio,90000,Domingo,domingo
2024-10-27,Arroz con Pollo,Arroces,29,mesa,45000,Domingo,domingo
2024-10-27,Arroz con Pollo,Arroces,21,domicilio,45000,Domingo,domingo
2024-10-29,Lengua en salsa,Sopas,1,mesa,60000,Martes,entre_semana
2024-10-29,Lengua en salsa,Sopas,1,domicilio,60000,Martes,entre_semana
2024-10-29,Sancocho de Gallina,Sopas,3,mesa,60000,Martes,entre_semana
2024-10-29,Sancocho de Gallina,Sopas,3,domicilio,60000,Martes,entre_semana
2024-10-29,Frijoles con Pezuña,Sopas,2,mesa,50000,Martes,entre_semana
2024-10-29,Frijoles con Pezuña,Sopas,2,domicilio,50000,Martes,entre_semana
2024-10-29,Pata,Sopas,1,mesa,27000,Martes,entre_semana
2024-10-29,Pata,Sopas,1,domicilio,27000,Martes,entre_semana
2024-10-29,Cola de Buey,Sopas,3,mesa,60000,Martes,entre_semana
2024-10-29,Cola de Buey,Sopas,5,domicilio,60000,Martes,entre_semana
2024-10-29,Cazuela de Mariscos,Sopas,1,mesa,53000,Martes,entre_semana
2024-10-29,Cazuela de Mariscos,Sopas,1,domicilio,53000,Martes,entre_semana
2024-10-29,Carne Asada (Chatas),Carnes,9,mesa,56000,Martes,entre_semana
2024-10-29,Carne Asada (Chatas),Carnes,10,domicilio,56000,Martes,entre_semana
2024-10-29,Carne Oreada,Carnes,3,mesa,56000,Martes,entre_semana
2024-10-29,Carne Oreada,Carnes,3,domicilio,56000,Martes,entre_semana
2024-10-29,Cabro con Pepitoria,Carnes,10,mesa,56000,Martes,entre_semana
2024-10-29,Cabro con Pepitoria,Carnes,8,domicilio,56000,Martes,entre_semana
2024-10-29,Costillas de Cerdo,Carnes,6,mesa,54000,Martes,entre_semana
2024-10-29,Costillas de Cerdo,Carnes,7,domicilio,54000,Martes,entre_semana
2024-10-29,Lomo de Cerdo,Carnes,3,mesa,54000,Martes,entre_semana
2024-10-29,Lomo de Cerdo,Carnes,5,domicilio,54000,Martes,entre_semana
2024-10-29,Sobrebarriga,Carnes,11,mesa,54000,Martes,entre_semana
2024-10-29,Sobrebarriga,Carnes,11,domicilio,54000,Martes,entre_semana
2024-10-29,Pechuga Asada,Carnes,2,mesa,52000,Martes,entre_semana
2024-10-29,Pechuga Asada,Carnes,3,domicilio,52000,Martes,entre_semana
2024-10-29,Mojarra 2en1,Pescados,4,mesa,50000,Martes,entre_semana
2024-10-29,Mojarra 2en1,Pescados,3,domicilio,50000,Martes,entre_semana
2024-10-29,Trucha 2en1,Pescados,1,mesa,50000,Martes,entre_semana
2024-10-29,Trucha 2en1,Pescados,1,domicilio,50000,Martes,entre_semana
2024-10-29,Tierra Aire Mar,Pescados,1,domicilio,90000,Martes,entre_semana
2024-10-29,Arroz con Pollo,Arroces,9,mesa,45000,Martes,entre_semana
2024-10-29,Arroz con Pollo,Arroces,7,domicilio,45000,Martes,entre_semana
2024-10-29,Almuerzo Ejecutivo,Corrientes,42,mesa,25000,Martes,entre_semana
2024-10-29,Almuerzo Ejecutivo,Corrientes,49,domicilio,25000,Martes,entre_semana
2024-10-30,Lengua en salsa,Sopas,1,mesa,60000,Miércoles,entre_semana
2024-10-30,Lengua en salsa,Sopas,1,domicilio,60000,Miércoles,entre_semana
2024-10-30,Sancocho de Gallina,Sopas,3,mesa,60000,Miércoles,entre_semana
2024-10-30,Sancocho de Gallina,Sopas,3,domicilio,60000,Miércoles,entre_semana
2024-10-30,Frijoles con Pezuña,Sopas,3,mesa,50000,Miércoles,entre_semana
2024-10-30,Frijoles con Pezuña,Sopas,2,domicilio,50000,Miércoles,entre_semana
2024-10-30,Pata,Sopas,1,mesa,27000,Miércoles,entre_semana
2024-10-30,Pata,Sopas,1,domicilio,27000,Miércoles,entre_semana
2024-10-30,Cola de Buey,Sopas,3,mesa,60000,Miércoles,entre_semana
2024-10-30,Cola de Buey,Sopas,4,domicilio,60000,Miércoles,entre_semana
2024-10-30,Cazuela de Mariscos,Sopas,1,mesa,53000,Miércoles,entre_semana
2024-10-30,Cazuela de Mariscos,Sopas,1,domicilio,53000,Miércoles,entre_semana
2024-10-30,Carne Asada (Chatas),Carnes,9,mesa,56000,Miércoles,entre_semana
2024-10-30,Carne Asada (Chatas),Carnes,9,domicilio,56000,Miércoles,entre_semana
2024-10-30,Carne Oreada,Carnes,4,mesa,56000,Miércoles,entre_semana
2024-10-30,Carne Oreada,Carnes,3,domicilio,56000,Miércoles,entre_semana
2024-10-30,Cabro con Pepitoria,Carnes,9,mesa,56000,Miércoles,entre_semana
2024-10-30,Cabro con Pepitoria,Carnes,9,domicilio,56000,Miércoles,entre_semana
2024-10-30,Costillas de Cerdo,Carnes,4,mesa,54000,Miércoles,entre_semana
2024-10-30,Costillas de Cerdo,Carnes,7,domicilio,54000,Miércoles,entre_semana
2024-10-30,Lomo de Cerdo,Carnes,4,mesa,54000,Miércoles,entre_semana
2024-10-30,Lomo de Cerdo,Carnes,5,domicilio,54000,Miércoles,entre_semana
2024-10-30,Sobrebarriga,Carnes,8,mesa,54000,Miércoles,entre_semana
2024-10-30,Sobrebarriga,Carnes,11,domicilio,54000,Miércoles,entre_semana
2024-10-30,Pechuga Asada,Carnes,2,mesa,52000,Miércoles,entre_semana
2024-10-30,Pechuga Asada,Carnes,4,domicilio,52000,Miércoles,entre_semana
2024-10-30,Mojarra 2en1,Pescados,4,mesa,50000,Miércoles,entre_semana
2024-10-30,Mojarra 2en1,Pescados,5,domicilio,50000,Miércoles,entre_semana
2024-10-30,Trucha 2en1,Pescados,1,mesa,50000,Miércoles,entre_semana
2024-10-30,Trucha 2en1,Pescados,1,domicilio,50000,Miércoles,entre_semana
2024-10-30,Tierra Aire Mar,Pescados,1,domicilio,90000,Miércoles,entre_semana
2024-10-30,Arroz con Pollo,Arroces,9,mesa,45000,Miércoles,entre_semana
2024-10-30,Arroz con Pollo,Arroces,8,domicilio,45000,Miércoles,entre_semana
2024-10-30,Almuerzo Ejecutivo,Corrientes,53,mesa,25000,Miércoles,entre_semana
2024-10-30,Almuerzo Ejecutivo,Corrientes,47,domicilio,25000,Miércoles,entre_semana
2024-10-31,Lengua en salsa,Sopas,1,mesa,60000,Jueves,entre_semana
2024-10-31,Lengua en salsa,Sopas,1,domicilio,60000,Jueves,entre_semana
2024-10-31,Sancocho de Gallina,Sopas,3,mesa,60000,Jueves,entre_semana
2024-10-31,Sancocho de Gallina,Sopas,4,domicilio,60000,Jueves,entre_semana
2024-10-31,Frijoles con Pezuña,Sopas,3,mesa,50000,Jueves,entre_semana
2024-10-31,Frijoles con Pezuña,Sopas,2,domicilio,50000,Jueves,entre_semana
2024-10-31,Pata,Sopas,1,mesa,27000,Jueves,entre_semana
2024-10-31,Pata,Sopas,1,domicilio,27000,Jueves,entre_semana
2024-10-31,Cola de Buey,Sopas,3,mesa,60000,Jueves,entre_semana
2024-10-31,Cola de Buey,Sopas,4,domicilio,60000,Jueves,entre_semana
2024-10-31,Cazuela de Mariscos,Sopas,1,mesa,53000,Jueves,entre_semana
2024-10-31,Cazuela de Mariscos,Sopas,1,domicilio,53000,Jueves,entre_semana
2024-10-31,Carne Asada (Chatas),Carnes,8,mesa,56000,Jueves,entre_semana
2024-10-31,Carne Asada (Chatas),Carnes,7,domicilio,56000,Jueves,entre_semana
2024-10-31,Carne Oreada,Carnes,2,mesa,56000,Jueves,entre_semana
2024-10-31,Carne Oreada,Carnes,4,domicilio,56000,Jueves,entre_semana
2024-10-31,Cabro con Pepitoria,Carnes,9,mesa,56000,Jueves,entre_semana
2024-10-31,Cabro con Pepitoria,Carnes,9,domicilio,56000,Jueves,entre_semana
2024-10-31,Costillas de Cerdo,Carnes,4,mesa,54000,Jueves,entre_semana
2024-10-31,Costillas de Cerdo,Carnes,7,domicilio,54000,Jueves,entre_semana
2024-10-31,Lomo de Cerdo,Carnes,5,mesa,54000,Jueves,entre_semana
2024-10-31,Lomo de Cerdo,Carnes,3,domicilio,54000,Jueves,entre_semana
2024-10-31,Sobrebarriga,Carnes,11,mesa,54000,Jueves,entre_semana
2024-10-31,Sobrebarriga,Carnes,9,domicilio,54000,Jueves,entre_semana
2024-10-31,Pechuga Asada,Carnes,2,mesa,52000,Jueves,entre_semana
2024-10-31,Pechuga Asada,Carnes,4,domicilio,52000,Jueves,entre_semana
2024-10-31,Mojarra 2en1,Pescados,4,mesa,50000,Jueves,entre_semana
2024-10-31,Mojarra 2en1,Pescados,4,domicilio,50000,Jueves,entre_semana
2024-10-31,Trucha 2en1,Pescados,1,mesa,50000,Jueves,entre_semana
2024-10-31,Trucha 2en1,Pescados,1,domicilio,50000,Jueves,entre_semana
2024-10-31,Tierra Aire Mar,Pescados,1,domicilio,90000,Jueves,entre_semana
2024-10-31,Arroz con Pollo,Arroces,7,mesa,45000,Jueves,entre_semana
2024-10-31,Arroz con Pollo,Arroces,9,domicilio,45000,Jueves,entre_semana
2024-10-31,Almuerzo Ejecutivo,Corrientes,38,mesa,25000,Jueves,entre_semana
2024-10-31,Almuerzo Ejecutivo,Corrientes,48,domicilio,25000,Jueves,entre_semana
2024-11-01,Lengua en salsa,Sopas,1,mesa,60000,Viernes,entre_semana
2024-11-01,Lengua en salsa,Sopas,1,domicilio,60000,Viernes,entre_semana
2024-11-01,Sancocho de Gallina,Sopas,3,mesa,60000,Viernes,entre_semana
2024-11-01,Sancocho de Gallina,Sopas,3,domicilio,60000,Viernes,entre_semana
2024-11-01,Frijoles con Pezuña,Sopas,3,mesa,50000,Viernes,entre_semana
2024-11-01,Frijoles con Pezuña,Sopas,2,domicilio,50000,Viernes,entre_semana
2024-11-01,Pata,Sopas,1,mesa,27000,Viernes,entre_semana
2024-11-01,Pata,Sopas,1,domicilio,27000,Viernes,entre_semana
2024-11-01,Cola de Buey,Sopas,3,mesa,60000,Viernes,entre_semana
2024-11-01,Cola de Buey,Sopas,4,domicilio,60000,Viernes,entre_semana
2024-11-01,Cazuela de Mariscos,Sopas,1,mesa,53000,Viernes,entre_semana
2024-11-01,Cazuela de Mariscos,Sopas,1,domicilio,53000,Viernes,entre_semana
2024-11-01,Carne Asada (Chatas),Carnes,7,mesa,56000,Viernes,entre_semana
2024-11-01,Carne Asada (Chatas),Carnes,8,domicilio,56000,Viernes,entre_semana
2024-11-01,Carne Oreada,Carnes,3,mesa,56000,Viernes,entre_semana
2024-11-01,Carne Oreada,Carnes,3,domicilio,56000,Viernes,entre_semana
2024-11-01,Cabro con Pepitoria,Carnes,10,mesa,56000,Viernes,entre_semana
2024-11-01,Cabro con Pepitoria,Carnes,8,domicilio,56000,Viernes,entre_semana
2024-11-01,Costillas de Cerdo,Carnes,5,mesa,54000,Viernes,entre_semana
2024-11-01,Costillas de Cerdo,Carnes,6,domicilio,54000,Viernes,entre_semana
2024-11-01,Lomo de Cerdo,Carnes,4,mesa,54000,Viernes,entre_semana
2024-11-01,Lomo de Cerdo,Carnes,4,domicilio,54000,Viernes,entre_semana
2024-11-01,Sobrebarriga,Carnes,10,mesa,54000,Viernes,entre_semana
2024-11-01,Sobrebarriga,Carnes,12,domicilio,54000,Viernes,entre_semana
2024-11-01,Pechuga Asada,Carnes,2,mesa,52000,Viernes,entre_semana
2024-11-01,Pechuga Asada,Carnes,3,domicilio,52000,Viernes,entre_semana
2024-11-01,Mojarra 2en1,Pescados,3,mesa,50000,Viernes,entre_semana
2024-11-01,Mojarra 2en1,Pescados,5,domicilio,50000,Viernes,entre_semana
2024-11-01,Trucha 2en1,Pescados,1,mesa,50000,Viernes,entre_semana
2024-11-01,Trucha 2en1,Pescados,1,domicilio,50000,Viernes,entre_semana
2024-11-01,Tierra Aire Mar,Pescados,1,domicilio,90000,Viernes,entre_semana
2024-11-01,Arroz con Pollo,Arroces,7,mesa,45000,Viernes,entre_semana
2024-11-01,Arroz con Pollo,Arroces,7,domicilio,45000,Viernes,entre_semana
2024-11-01,Almuerzo Ejecutivo,Corrientes,38,mesa,25000,Viernes,entre_semana
2024-11-01,Almuerzo Ejecutivo,Corrientes,44,domicilio,25000,Viernes,entre_semana
2024-11-02,Lengua en salsa,Sopas,2,mesa,60000,Sábado,sabado
2024-11-02,Lengua en salsa,Sopas,2,domicilio,60000,Sábado,sabado
2024-11-02,Mute,Sopas,18,mesa,30000,Sábado,sabado
2024-11-02,Mute,Sopas,13,domicilio,30000,Sábado,sabado
2024-11-02,Sancocho de Gallina,Sopas,11,mesa,60000,Sábado,sabado
2024-11-02,Sancocho de Gallina,Sopas,8,domicilio,60000,Sábado,sabado
2024-11-02,Frijoles con Pezuña,Sopas,4,mesa,50000,Sábado,sabado
2024-11-02,Frijoles con Pezuña,Sopas,3,domicilio,50000,Sábado,sabado
2024-11-02,Pata,Sopas,3,mesa,27000,Sábado,sabado
2024-11-02,Pata,Sopas,2,domicilio,27000,Sábado,sabado
2024-11-02,Cola de Buey,Sopas,4,mesa,60000,Sábado,sabado
2024-11-02,Cola de Buey,Sopas,8,domicilio,60000,Sábado,sabado
2024-11-02,Cazuela de Mariscos,Sopas,2,mesa,53000,Sábado,sabado
2024-11-02,Cazuela de Mariscos,Sopas,2,domicilio,53000,Sábado,sabado
2024-11-02,Carne Asada (Chatas),Carnes,13,mesa,56000,Sábado,sabado
2024-11-02,Carne Asada (Chatas),Carnes,14,domicilio,56000,Sábado,sabado
2024-11-02,Carne Oreada,Carnes,6,mesa,56000,Sábado,sabado
2024-11-02,Carne Oreada,Carnes,4,domicilio,56000,Sábado,sabado
2024-11-02,Cabro con Pepitoria,Carnes,15,mesa,56000,Sábado,sabado
2024-11-02,Cabro con Pepitoria,Carnes,13,domicilio,56000,Sábado,sabado
2024-11-02,Costillas de Cerdo,Carnes,9,mesa,54000,Sábado,sabado
2024-11-02,Costillas de Cerdo,Carnes,11,domicilio,54000,Sábado,sabado
2024-11-02,Lomo de Cerdo,Carnes,6,mesa,54000,Sábado,sabado
2024-11-02,Lomo de Cerdo,Carnes,5,domicilio,54000,Sábado,sabado
2024-11-02,Sobrebarriga,Carnes,16,mesa,54000,Sábado,sabado
2024-11-02,Sobrebarriga,Carnes,16,domicilio,54000,Sábado,sabado
2024-11-02,Pechuga Asada,Carnes,5,mesa,52000,Sábado,sabado
2024-11-02,Pechuga Asada,Carnes,5,domicilio,52000,Sábado,sabado
2024-11-02,Mojarra 2en1,Pescados,8,mesa,50000,Sábado,sabado
2024-11-02,Mojarra 2en1,Pescados,6,domicilio,50000,Sábado,sabado
2024-11-02,Trucha 2en1,Pescados,2,mesa,50000,Sábado,sabado
2024-11-02,Trucha 2en1,Pescados,2,domicilio,50000,Sábado,sabado
2024-11-02,Tierra Aire Mar,Pescados,1,mesa,90000,Sábado,sabado
2024-11-02,Tierra Aire Mar,Pescados,1,domicilio,90000,Sábado,sabado
2024-11-02,Arroz con Pollo,Arroces,15,mesa,45000,Sábado,sabado
2024-11-02,Arroz con Pollo,Arroces,14,domicilio,45000,Sábado,sabado
2024-11-02,Almuerzo Ejecutivo,Corrientes,40,domicilio,25000,Sábado,sabado
2024-11-03,Lengua en salsa,Sopas,4,mesa,60000,Domingo,domingo
2024-11-03,Lengua en salsa,Sopas,4,domicilio,60000,Domingo,domingo
2024-11-03,Mute,Sopas,38,mesa,30000,Domingo,domingo
2024-11-03,Mute,Sopas,32,domicilio,30000,Domingo,domingo
2024-11-03,Sancocho de Gallina,Sopas,27,mesa,60000,Domingo,domingo
2024-11-03,Sancocho de Gallina,Sopas,19,domicilio,60000,Domingo,domingo
2024-11-03,Pata,Sopas,6,mesa,27000,Domingo,domingo
2024-11-03,Pata,Sopas,3,domicilio,27000,Domingo,domingo
2024-11-03,Cola de Buey,Sopas,8,mesa,60000,Domingo,domingo
2024-11-03,Cola de Buey,Sopas,13,domicilio,60000,Domingo,domingo
2024-11-03,Cazuela de Mariscos,Sopas,3,mesa,53000,Domingo,domingo
2024-11-03,Cazuela de Mariscos,Sopas,4,domicilio,53000,Domingo,domingo
2024-11-03,Carne Asada (Chatas),Carnes,32,mesa,56000,Domingo,domingo
2024-11-03,Carne Asada (Chatas),Carnes,24,domicilio,56000,Domingo,domingo
2024-11-03,Carne Oreada,Carnes,12,mesa,56000,Domingo,domingo
2024-11-03,Carne Oreada,Carnes,10,domicilio,56000,Domingo,domingo
2024-11-03,Cabro con Pepitoria,Carnes,27,mesa,56000,Domingo,domingo
2024-11-03,Cabro con Pepitoria,Carnes,28,domicilio,56000,Domingo,domingo
2024-11-03,Costillas de Cerdo,Carnes,17,mesa,54000,Domingo,domingo
2024-11-03,Costillas de Cerdo,Carnes,18,domicilio,54000,Domingo,domingo
2024-11-03,Lomo de Cerdo,Carnes,12,mesa,54000,Domingo,domingo
2024-11-03,Lomo de Cerdo,Carnes,12,domicilio,54000,Domingo,domingo
2024-11-03,Sobrebarriga,Carnes,30,mesa,54000,Domingo,domingo
2024-11-03,Sobrebarriga,Carnes,24,domicilio,54000,Domingo,domingo
2024-11-03,Pechuga Asada,Carnes,7,mesa,52000,Domingo,domingo
2024-11-03,Pechuga Asada,Carnes,10,domicilio,52000,Domingo,domingo
2024-11-03,Mojarra 2en1,Pescados,16,mesa,50000,Domingo,domingo
2024-11-03,Mojarra 2en1,Pescados,18,domicilio,50000,Domingo,domingo
2024-11-03,Trucha 2en1,Pescados,4,mesa,50000,Domingo,domingo
2024-11-03,Trucha 2en1,Pescados,5,domicilio,50000,Domingo,domingo
2024-11-03,Tierra Aire Mar,Pescados,2,mesa,90000,Domingo,domingo
2024-11-03,Tierra Aire Mar,Pescados,2,domicilio,90000,Domingo,domingo
2024-11-03,Arroz con Pollo,Arroces,26,mesa,45000,Domingo,domingo
2024-11-03,Arroz con Pollo,Arroces,28,domicilio,45000,Domingo,domingo
2024-11-05,Lengua en salsa,Sopas,1,mesa,60000,Martes,entre_semana
2024-11-05,Lengua en salsa,Sopas,1,domicilio,60000,Martes,entre_semana
2024-11-05,Sancocho de Gallina,Sopas,3,mesa,60000,Martes,entre_semana
2024-11-05,Sancocho de Gallina,Sopas,3,domicilio,60000,Martes,entre_semana
2024-11-05,Frijoles con Pezuña,Sopas,4,mesa,50000,Martes,entre_semana
2024-11-05,Frijoles con Pezuña,Sopas,2,domicilio,50000,Martes,entre_semana
2024-11-05,Pata,Sopas,1,mesa,27000,Martes,entre_semana
2024-11-05,Pata,Sopas,1,domicilio,27000,Martes,entre_semana
2024-11-05,Cola de Buey,Sopas,3,mesa,60000,Martes,entre_semana
2024-11-05,Cola de Buey,Sopas,4,domicilio,60000,Martes,entre_semana
2024-11-05,Cazuela de Mariscos,Sopas,1,mesa,53000,Martes,entre_semana
2024-11-05,Cazuela de Mariscos,Sopas,1,domicilio,53000,Martes,entre_semana
2024-11-05,Carne Asada (Chatas),Carnes,9,mesa,56000,Martes,entre_semana
2024-11-05,Carne Asada (Chatas),Carnes,9,domicilio,56000,Martes,entre_semana
2024-11-05,Carne Oreada,Carnes,3,mesa,56000,Martes,entre_semana
2024-11-05,Carne Oreada,Carnes,3,domicilio,56000,Martes,entre_semana
2024-11-05,Cabro con Pepitoria,Carnes,9,mesa,56000,Martes,entre_semana
2024-11-05,Cabro con Pepitoria,Carnes,10,domicilio,56000,Martes,entre_semana
2024-11-05,Costillas de Cerdo,Carnes,5,mesa,54000,Martes,entre_semana
2024-11-05,Costillas de Cerdo,Carnes,6,domicilio,54000,Martes,entre_semana
2024-11-05,Lomo de Cerdo,Carnes,4,mesa,54000,Martes,entre_semana
2024-11-05,Lomo de Cerdo,Carnes,3,domicilio,54000,Martes,entre_semana
2024-11-05,Sobrebarriga,Carnes,12,mesa,54000,Martes,entre_semana
2024-11-05,Sobrebarriga,Carnes,10,domicilio,54000,Martes,entre_semana
2024-11-05,Pechuga Asada,Carnes,2,mesa,52000,Martes,entre_semana
2024-11-05,Pechuga Asada,Carnes,4,domicilio,52000,Martes,entre_semana
2024-11-05,Mojarra 2en1,Pescados,5,mesa,50000,Martes,entre_semana
2024-11-05,Mojarra 2en1,Pescados,4,domicilio,50000,Martes,entre_semana
2024-11-05,Trucha 2en1,Pescados,1,mesa,50000,Martes,entre_semana
2024-11-05,Trucha 2en1,Pescados,1,domicilio,50000,Martes,entre_semana
2024-11-05,Tierra Aire Mar,Pescados,1,domicilio,90000,Martes,entre_semana
2024-11-05,Arroz con Pollo,Arroces,8,mesa,45000,Martes,entre_semana
2024-11-05,Arroz con Pollo,Arroces,7,domicilio,45000,Martes,entre_semana
2024-11-05,Almuerzo Ejecutivo,Corrientes,40,mesa,25000,Martes,entre_semana
2024-11-05,Almuerzo Ejecutivo,Corrientes,52,domicilio,25000,Martes,entre_semana
2024-11-06,Lengua en salsa,Sopas,1,mesa,60000,Miércoles,entre_semana
2024-11-06,Lengua en salsa,Sopas,1,domicilio,60000,Miércoles,entre_semana
2024-11-06,Sancocho de Gallina,Sopas,3,mesa,60000,Miércoles,entre_semana
2024-11-06,Sancocho de Gallina,Sopas,3,domicilio,60000,Miércoles,entre_semana
2024-11-06,Frijoles con Pezuña,Sopas,3,mesa,50000,Miércoles,entre_semana
2024-11-06,Frijoles con Pezuña,Sopas,2,domicilio,50000,Miércoles,entre_semana
2024-11-06,Pata,Sopas,1,mesa,27000,Miércoles,entre_semana
2024-11-06,Pata,Sopas,1,domicilio,27000,Miércoles,entre_semana
2024-11-06,Cola de Buey,Sopas,3,mesa,60000,Miércoles,entre_semana
2024-11-06,Cola de Buey,Sopas,4,domicilio,60000,Miércoles,entre_semana
2024-11-06,Cazuela de Mariscos,Sopas,1,mesa,53000,Miércoles,entre_semana
2024-11-06,Cazuela de Mariscos,Sopas,1,domicilio,53000,Miércoles,entre_semana
2024-11-06,Carne Asada (Chatas),Carnes,10,mesa,56000,Miércoles,entre_semana
2024-11-06,Carne Asada (Chatas),Carnes,10,domicilio,56000,Miércoles,entre_semana
2024-11-06,Carne Oreada,Carnes,3,mesa,56000,Miércoles,entre_semana
2024-11-06,Carne Oreada,Carnes,3,domicilio,56000,Miércoles,entre_semana
2024-11-06,Cabro con Pepitoria,Carnes,10,mesa,56000,Miércoles,entre_semana
2024-11-06,Cabro con Pepitoria,Carnes,10,domicilio,56000,Miércoles,entre_semana
2024-11-06,Costillas de Cerdo,Carnes,4,mesa,54000,Miércoles,entre_semana
2024-11-06,Costillas de Cerdo,Carnes,5,domicilio,54000,Miércoles,entre_semana
2024-11-06,Lomo de Cerdo,Carnes,4,mesa,54000,Miércoles,entre_semana
2024-11-06,Lomo de Cerdo,Carnes,3,domicilio,54000,Miércoles,entre_semana
2024-11-06,Sobrebarriga,Carnes,10,mesa,54000,Miércoles,entre_semana
2024-11-06,Sobrebarriga,Carnes,12,domicilio,54000,Miércoles,entre_semana
2024-11-06,Pechuga Asada,Carnes,2,mesa,52000,Miércoles,entre_semana
2024-11-06,Pechuga Asada,Carnes,4,domicilio,52000,Miércoles,entre_semana
2024-11-06,Mojarra 2en1,Pescados,3,mesa,50000,Miércoles,entre_semana
2024-11-06,Mojarra 2en1,Pescados,3,domicilio,50000,Miércoles,entre_semana
2024-11-06,Trucha 2en1,Pescados,1,mesa,50000,Miércoles,entre_semana
2024-11-06,Trucha 2en1,Pescados,1,domicilio,50000,Miércoles,entre_semana
2024-11-06,Tierra Aire Mar,Pescados,1,domicilio,90000,Miércoles,entre_semana
2024-11-06,Arroz con Pollo,Arroces,9,mesa,45000,Miércoles,entre_semana
2024-11-06,Arroz con Pollo,Arroces,7,domicilio,45000,Miércoles,entre_semana
2024-11-06,Almuerzo Ejecutivo,Corrientes,37,mesa,25000,Miércoles,entre_semana
2024-11-06,Almuerzo Ejecutivo,Corrientes,44,domicilio,25000,Miércoles,entre_semana
2024-11-07,Lengua en salsa,Sopas,1,mesa,60000,Jueves,entre_semana
2024-11-07,Lengua en salsa,Sopas,1,domicilio,60000,Jueves,entre_semana
2024-11-07,Sancocho de Gallina,Sopas,3,mesa,60000,Jueves,entre_semana
2024-11-07,Sancocho de Gallina,Sopas,3,domicilio,60000,Jueves,entre_semana
2024-11-07,Frijoles con Pezuña,Sopas,3,mesa,50000,Jueves,entre_semana
2024-11-07,Frijoles con Pezuña,Sopas,2,domicilio,50000,Jueves,entre_semana
2024-11-07,Pata,Sopas,1,mesa,27000,Jueves,entre_semana
2024-11-07,Pata,Sopas,1,domicilio,27000,Jueves,entre_semana
2024-11-07,Cola de Buey,Sopas,3,mesa,60000,Jueves,entre_semana
2024-11-07,Cola de Buey,Sopas,3,domicilio,60000,Jueves,entre_semana
2024-11-07,Cazuela de Mariscos,Sopas,1,mesa,53000,Jueves,entre_semana
2024-11-07,Cazuela de Mariscos,Sopas,1,domicilio,53000,Jueves,entre_semana
2024-11-07,Carne Asada (Chatas),Carnes,10,mesa,56000,Jueves,entre_semana
2024-11-07,Carne Asada (Chatas),Carnes,10,domicilio,56000,Jueves,entre_semana
2024-11-07,Carne Oreada,Carnes,4,mesa,56000,Jueves,entre_semana
2024-11-07,Carne Oreada,Carnes,3,domicilio,56000,Jueves,entre_semana
2024-11-07,Cabro con Pepitoria,Carnes,9,mesa,56000,Jueves,entre_semana
2024-11-07,Cabro con Pepitoria,Carnes,10,domicilio,56000,Jueves,entre_semana
2024-11-07,Costillas de Cerdo,Carnes,4,mesa,54000,Jueves,entre_semana
2024-11-07,Costillas de Cerdo,Carnes,5,domicilio,54000,Jueves,entre_semana
2024-11-07,Lomo de Cerdo,Carnes,4,mesa,54000,Jueves,entre_semana
2024-11-07,Lomo de Cerdo,Carnes,4,domicilio,54000,Jueves,entre_semana
2024-11-07,Sobrebarriga,Carnes,12,mesa,54000,Jueves,entre_semana
2024-11-07,Sobrebarriga,Carnes,11,domicilio,54000,Jueves,entre_semana
2024-11-07,Pechuga Asada,Carnes,2,mesa,52000,Jueves,entre_semana
2024-11-07,Pechuga Asada,Carnes,3,domicilio,52000,Jueves,entre_semana
2024-11-07,Mojarra 2en1,Pescados,4,mesa,50000,Jueves,entre_semana
2024-11-07,Mojarra 2en1,Pescados,5,domicilio,50000,Jueves,entre_semana
2024-11-07,Trucha 2en1,Pescados,1,mesa,50000,Jueves,entre_semana
2024-11-07,Trucha 2en1,Pescados,1,domicilio,50000,Jueves,entre_semana
2024-11-07,Tierra Aire Mar,Pescados,1,domicilio,90000,Jueves,entre_semana
2024-11-07,Arroz con Pollo,Arroces,8,mesa,45000,Jueves,entre_semana
2024-11-07,Arroz con Pollo,Arroces,9,domicilio,45000,Jueves,entre_semana
2024-11-07,Almuerzo Ejecutivo,Corrientes,38,mesa,25000,Jueves,entre_semana
2024-11-07,Almuerzo Ejecutivo,Corrientes,48,domicilio,25000,Jueves,entre_semana
2024-11-08,Lengua en salsa,Sopas,1,mesa,60000,Viernes,entre_semana
2024-11-08,Lengua en salsa,Sopas,1,domicilio,60000,Viernes,entre_semana
2024-11-08,Sancocho de Gallina,Sopas,3,mesa,60000,Viernes,entre_semana
2024-11-08,Sancocho de Gallina,Sopas,3,domicilio,60000,Viernes,entre_semana
2024-11-08,Frijoles con Pezuña,Sopas,3,mesa,50000,Viernes,entre_semana
2024-11-08,Frijoles con Pezuña,Sopas,2,domicilio,50000,Viernes,entre_semana
2024-11-08,Pata,Sopas,1,mesa,27000,Viernes,entre_semana
2024-11-08,Pata,Sopas,1,domicilio,27000,Viernes,entre_semana
2024-11-08,Cola de Buey,Sopas,3,mesa,60000,Viernes,entre_semana
2024-11-08,Cola de Buey,Sopas,4,domicilio,60000,Viernes,entre_semana
2024-11-08,Cazuela de Mariscos,Sopas,1,mesa,53000,Viernes,entre_semana
2024-11-08,Cazuela de Mariscos,Sopas,1,domicilio,53000,Viernes,entre_semana
2024-11-08,Carne Asada (Chatas),Carnes,10,mesa,56000,Viernes,entre_semana
2024-11-08,Carne Asada (Chatas),Carnes,8,domicilio,56000,Viernes,entre_semana
2024-11-08,Carne Oreada,Carnes,3,mesa,56000,Viernes,entre_semana
2024-11-08,Carne Oreada,Carnes,3,domicilio,56000,Viernes,entre_semana
2024-11-08,Cabro con Pepitoria,Carnes,10,mesa,56000,Viernes,entre_semana
2024-11-08,Cabro con Pepitoria,Carnes,9,domicilio,56000,Viernes,entre_semana
2024-11-08,Costillas de Cerdo,Carnes,4,mesa,54000,Viernes,entre_semana
2024-11-08,Costillas de Cerdo,Carnes,7,domicilio,54000,Viernes,entre_semana
2024-11-08,Lomo de Cerdo,Carnes,4,mesa,54000,Viernes,entre_semana
2024-11-08,Lomo de Cerdo,Carnes,4,domicilio,54000,Viernes,entre_semana
2024-11-08,Sobrebarriga,Carnes,10,mesa,54000,Viernes,entre_semana
2024-11-08,Sobrebarriga,Carnes,11,domicilio,54000,Viernes,entre_semana
2024-11-08,Pechuga Asada,Carnes,2,mesa,52000,Viernes,entre_semana
2024-11-08,Pechuga Asada,Carnes,4,domicilio,52000,Viernes,entre_semana
2024-11-08,Mojarra 2en1,Pescados,3,mesa,50000,Viernes,entre_semana
2024-11-08,Mojarra 2en1,Pescados,3,domicilio,50000,Viernes,entre_semana
2024-11-08,Trucha 2en1,Pescados,1,mesa,50000,Viernes,entre_semana
2024-11-08,Trucha 2en1,Pescados,1,domicilio,50000,Viernes,entre_semana
2024-11-08,Tierra Aire Mar,Pescados,1,domicilio,90000,Viernes,entre_semana
2024-11-08,Arroz con Pollo,Arroces,7,mesa,45000,Viernes,entre_semana
2024-11-08,Arroz con Pollo,Arroces,10,domicilio,45000,Viernes,entre_semana
2024-11-08,Almuerzo Ejecutivo,Corrientes,39,mesa,25000,Viernes,entre_semana
2024-11-08,Almuerzo Ejecutivo,Corrientes,37,domicilio,25000,Viernes,entre_semana
2024-11-09,Lengua en salsa,Sopas,2,mesa,60000,Sábado,sabado
2024-11-09,Lengua en salsa,Sopas,2,domicilio,60000,Sábado,sabado
2024-11-09,Mute,Sopas,19,mesa,30000,Sábado,sabado
2024-11-09,Mute,Sopas,16,domicilio,30000,Sábado,sabado
2024-11-09,Sancocho de Gallina,Sopas,10,mesa,60000,Sábado,sabado
2024-11-09,Sancocho de Gallina,Sopas,11,domicilio,60000,Sábado,sabado
2024-11-09,Frijoles con Pezuña,Sopas,4,mesa,50000,Sábado,sabado
2024-11-09,Frijoles con Pezuña,Sopas,4,domicilio,50000,Sábado,sabado
2024-11-09,Pata,Sopas,3,mesa,27000,Sábado,sabado
2024-11-09,Pata,Sopas,2,domicilio,27000,Sábado,sabado
2024-11-09,Cola de Buey,Sopas,5,mesa,60000,Sábado,sabado
2024-11-09,Cola de Buey,Sopas,9,domicilio,60000,Sábado,sabado
2024-11-09,Cazuela de Mariscos,Sopas,2,mesa,53000,Sábado,sabado
2024-11-09,Cazuela de Mariscos,Sopas,2,domicilio,53000,Sábado,sabado
2024-11-09,Carne Asada (Chatas),Carnes,15,mesa,56000,Sábado,sabado
2024-11-09,Carne Asada (Chatas),Carnes,16,domicilio,56000,Sábado,sabado
2024-11-09,Carne Oreada,Carnes,5,mesa,56000,Sábado,sabado
2024-11-09,Carne Oreada,Carnes,4,domicilio,56000,Sábado,sabado
2024-11-09,Cabro con Pepitoria,Carnes,14,mesa,56000,Sábado,sabado
2024-11-09,Cabro con Pepitoria,Carnes,16,domicilio,56000,Sábado,sabado
2024-11-09,Costillas de Cerdo,Carnes,9,mesa,54000,Sábado,sabado
2024-11-09,Costillas de Cerdo,Carnes,10,domicilio,54000,Sábado,sabado
2024-11-09,Lomo de Cerdo,Carnes,6,mesa,54000,Sábado,sabado
2024-11-09,Lomo de Cerdo,Carnes,6,domicilio,54000,Sábado,sabado
2024-11-09,Sobrebarriga,Carnes,17,mesa,54000,Sábado,sabado
2024-11-09,Sobrebarriga,Carnes,16,domicilio,54000,Sábado,sabado
2024-11-09,Pechuga Asada,Carnes,4,mesa,52000,Sábado,sabado
2024-11-09,Pechuga Asada,Carnes,7,domicilio,52000,Sábado,sabado
2024-11-09,Mojarra 2en1,Pescados,9,mesa,50000,Sábado,sabado
2024-11-09,Mojarra 2en1,Pescados,7,domicilio,50000,Sábado,sabado
2024-11-09,Trucha 2en1,Pescados,2,mesa,50000,Sábado,sabado
2024-11-09,Trucha 2en1,Pescados,2,domicilio,50000,Sábado,sabado
2024-11-09,Tierra Aire Mar,Pescados,1,mesa,90000,Sábado,sabado
2024-11-09,Tierra Aire Mar,Pescados,1,domicilio,90000,Sábado,sabado
2024-11-09,Arroz con Pollo,Arroces,14,mesa,45000,Sábado,sabado
2024-11-09,Arroz con Pollo,Arroces,13,domicilio,45000,Sábado,sabado
2024-11-09,Almuerzo Ejecutivo,Corrientes,48,domicilio,25000,Sábado,sabado
2024-11-10,Lengua en salsa,Sopas,4,mesa,60000,Domingo,domingo
2024-11-10,Lengua en salsa,Sopas,3,domicilio,60000,Domingo,domingo
2024-11-10,Mute,Sopas,41,mesa,30000,Domingo,domingo
2024-11-10,Mute,Sopas,30,domicilio,30000,Domingo,domingo
2024-11-10,Sancocho de Gallina,Sopas,28,mesa,60000,Domingo,domingo
2024-11-10,Sancocho de Gallina,Sopas,17,domicilio,60000,Domingo,domingo
2024-11-10,Pata,Sopas,5,mesa,27000,Domingo,domingo
2024-11-10,Pata,Sopas,4,domicilio,27000,Domingo,domingo
2024-11-10,Cola de Buey,Sopas,10,mesa,60000,Domingo,domingo
2024-11-10,Cola de Buey,Sopas,13,domicilio,60000,Domingo,domingo
2024-11-10,Cazuela de Mariscos,Sopas,4,mesa,53000,Domingo,domingo
2024-11-10,Cazuela de Mariscos,Sopas,3,domicilio,53000,Domingo,domingo
2024-11-10,Carne Asada (Chatas),Carnes,33,mesa,56000,Domingo,domingo
2024-11-10,Carne Asada (Chatas),Carnes,23,domicilio,56000,Domingo,domingo
2024-11-10,Carne Oreada,Carnes,9,mesa,56000,Domingo,domingo
2024-11-10,Carne Oreada,Carnes,9,domicilio,56000,Domingo,domingo
2024-11-10,Cabro con Pepitoria,Carnes,29,mesa,56000,Domingo,domingo
2024-11-10,Cabro con Pepitoria,Carnes,25,domicilio,56000,Domingo,domingo
2024-11-10,Costillas de Cerdo,Carnes,12,mesa,54000,Domingo,domingo
2024-11-10,Costillas de Cerdo,Carnes,21,domicilio,54000,Domingo,domingo
2024-11-10,Lomo de Cerdo,Carnes,11,mesa,54000,Domingo,domingo
2024-11-10,Lomo de Cerdo,Carnes,11,domicilio,54000,Domingo,domingo
2024-11-10,Sobrebarriga,Carnes,33,mesa,54000,Domingo,domingo
2024-11-10,Sobrebarriga,Carnes,29,domicilio,54000,Domingo,domingo
2024-11-10,Pechuga Asada,Carnes,10,mesa,52000,Domingo,domingo
2024-11-10,Pechuga Asada,Carnes,13,domicilio,52000,Domingo,domingo
2024-11-10,Mojarra 2en1,Pescados,18,mesa,50000,Domingo,domingo
2024-11-10,Mojarra 2en1,Pescados,15,domicilio,50000,Domingo,domingo
2024-11-10,Trucha 2en1,Pescados,5,mesa,50000,Domingo,domingo
2024-11-10,Trucha 2en1,Pescados,4,domicilio,50000,Domingo,domingo
2024-11-10,Tierra Aire Mar,Pescados,2,mesa,90000,Domingo,domingo
2024-11-10,Tierra Aire Mar,Pescados,2,domicilio,90000,Domingo,domingo
2024-11-10,Arroz con Pollo,Arroces,24,mesa,45000,Domingo,domingo
2024-11-10,Arroz con Pollo,Arroces,23,domicilio,45000,Domingo,domingo
2024-11-12,Lengua en salsa,Sopas,1,mesa,60000,Martes,entre_semana
2024-11-12,Lengua en salsa,Sopas,1,domicilio,60000,Martes,entre_semana
2024-11-12,Sancocho de Gallina,Sopas,3,mesa,60000,Martes,entre_semana
2024-11-12,Sancocho de Gallina,Sopas,3,domicilio,60000,Martes,entre_semana
2024-11-12,Frijoles con Pezuña,Sopas,3,mesa,50000,Martes,entre_semana
2024-11-12,Frijoles con Pezuña,Sopas,2,domicilio,50000,Martes,entre_semana
2024-11-12,Pata,Sopas,1,mesa,27000,Martes,entre_semana
2024-11-12,Pata,Sopas,1,domicilio,27000,Martes,entre_semana
2024-11-12,Cola de Buey,Sopas,3,mesa,60000,Martes,entre_semana
2024-11-12,Cola de Buey,Sopas,4,domicilio,60000,Martes,entre_semana
2024-11-12,Cazuela de Mariscos,Sopas,1,mesa,53000,Martes,entre_semana
2024-11-12,Cazuela de Mariscos,Sopas,1,domicilio,53000,Martes,entre_semana
2024-11-12,Carne Asada (Chatas),Carnes,10,mesa,56000,Martes,entre_semana
2024-11-12,Carne Asada (Chatas),Carnes,7,domicilio,56000,Martes,entre_semana
2024-11-12,Carne Oreada,Carnes,2,mesa,56000,Martes,entre_semana
2024-11-12,Carne Oreada,Carnes,3,domicilio,56000,Martes,entre_semana
2024-11-12,Cabro con Pepitoria,Carnes,9,mesa,56000,Martes,entre_semana
2024-11-12,Cabro con Pepitoria,Carnes,9,domicilio,56000,Martes,entre_semana
2024-11-12,Costillas de Cerdo,Carnes,5,mesa,54000,Martes,entre_semana
2024-11-12,Costillas de Cerdo,Carnes,6,domicilio,54000,Martes,entre_semana
2024-11-12,Lomo de Cerdo,Carnes,4,mesa,54000,Martes,entre_semana
2024-11-12,Lomo de Cerdo,Carnes,4,domicilio,54000,Martes,entre_semana
2024-11-12,Sobrebarriga,Carnes,10,mesa,54000,Martes,entre_semana
2024-11-12,Sobrebarriga,Carnes,9,domicilio,54000,Martes,entre_semana
2024-11-12,Pechuga Asada,Carnes,2,mesa,52000,Martes,entre_semana
2024-11-12,Pechuga Asada,Carnes,4,domicilio,52000,Martes,entre_semana
2024-11-12,Mojarra 2en1,Pescados,4,mesa,50000,Martes,entre_semana
2024-11-12,Mojarra 2en1,Pescados,5,domicilio,50000,Martes,entre_semana
2024-11-12,Trucha 2en1,Pescados,1,mesa,50000,Martes,entre_semana
2024-11-12,Trucha 2en1,Pescados,1,domicilio,50000,Martes,entre_semana
2024-11-12,Tierra Aire Mar,Pescados,1,domicilio,90000,Martes,entre_semana
2024-11-12,Arroz con Pollo,Arroces,7,mesa,45000,Martes,entre_semana
2024-11-12,Arroz con Pollo,Arroces,9,domicilio,45000,Martes,entre_semana
2024-11-12,Almuerzo Ejecutivo,Corrientes,38,mesa,25000,Martes,entre_semana
2024-11-12,Almuerzo Ejecutivo,Corrientes,49,domicilio,25000,Martes,entre_semana
2024-11-13,Lengua en salsa,Sopas,1,mesa,60000,Miércoles,entre_semana
2024-11-13,Lengua en salsa,Sopas,1,domicilio,60000,Miércoles,entre_semana
2024-11-13,Sancocho de Gallina,Sopas,3,mesa,60000,Miércoles,entre_semana
2024-11-13,Sancocho de Gallina,Sopas,3,domicilio,60000,Miércoles,entre_semana
2024-11-13,Frijoles con Pezuña,Sopas,3,mesa,50000,Miércoles,entre_semana
2024-11-13,Frijoles con Pezuña,Sopas,2,domicilio,50000,Miércoles,entre_semana
2024-11-13,Pata,Sopas,1,mesa,27000,Miércoles,entre_semana
2024-11-13,Pata,Sopas,1,domicilio,27000,Miércoles,entre_semana
2024-11-13,Cola de Buey,Sopas,3,mesa,60000,Miércoles,entre_semana
2024-11-13,Cola de Buey,Sopas,4,domicilio,60000,Miércoles,entre_semana
2024-11-13,Cazuela de Mariscos,Sopas,1,mesa,53000,Miércoles,entre_semana
2024-11-13,Cazuela de Mariscos,Sopas,1,domicilio,53000,Miércoles,entre_semana
2024-11-13,Carne Asada (Chatas),Carnes,7,mesa,56000,Miércoles,entre_semana
2024-11-13,Carne Asada (Chatas),Carnes,8,domicilio,56000,Miércoles,entre_semana
2024-11-13,Carne Oreada,Carnes,3,mesa,56000,Miércoles,entre_semana
2024-11-13,Carne Oreada,Carnes,4,domicilio,56000,Miércoles,entre_semana
2024-11-13,Cabro con Pepitoria,Carnes,8,mesa,56000,Miércoles,entre_semana
2024-11-13,Cabro con Pepitoria,Carnes,9,domicilio,56000,Miércoles,entre_semana
2024-11-13,Costillas de Cerdo,Carnes,6,mesa,54000,Miércoles,entre_semana
2024-11-13,Costillas de Cerdo,Carnes,5,domicilio,54000,Miércoles,entre_semana
2024-11-13,Lomo de Cerdo,Carnes,4,mesa,54000,Miércoles,entre_semana
2024-11-13,Lomo de Cerdo,Carnes,3,domicilio,54000,Miércoles,entre_semana
2024-11-13,Sobrebarriga,Carnes,12,mesa,54000,Miércoles,entre_semana
2024-11-13,Sobrebarriga,Carnes,12,domicilio,54000,Miércoles,entre_semana
2024-11-13,Pechuga Asada,Carnes,2,mesa,52000,Miércoles,entre_semana
2024-11-13,Pechuga Asada,Carnes,5,domicilio,52000,Miércoles,entre_semana
2024-11-13,Mojarra 2en1,Pescados,4,mesa,50000,Miércoles,entre_semana
2024-11-13,Mojarra 2en1,Pescados,3,domicilio,50000,Miércoles,entre_semana
2024-11-13,Trucha 2en1,Pescados,1,mesa,50000,Miércoles,entre_semana
2024-11-13,Trucha 2en1,Pescados,1,domicilio,50000,Miércoles,entre_semana
2024-11-13,Tierra Aire Mar,Pescados,1,domicilio,90000,Miércoles,entre_semana
2024-11-13,Arroz con Pollo,Arroces,8,mesa,45000,Miércoles,entre_semana
2024-11-13,Arroz con Pollo,Arroces,9,domicilio,45000,Miércoles,entre_semana
2024-11-13,Almuerzo Ejecutivo,Corrientes,50,mesa,25000,Miércoles,entre_semana
2024-11-13,Almuerzo Ejecutivo,Corrientes,45,domicilio,25000,Miércoles,entre_semana
2024-11-14,Lengua en salsa,Sopas,1,mesa,60000,Jueves,entre_semana
2024-11-14,Lengua en salsa,Sopas,1,domicilio,60000,Jueves,entre_semana
2024-11-14,Sancocho de Gallina,Sopas,3,mesa,60000,Jueves,entre_semana
2024-11-14,Sancocho de Gallina,Sopas,3,domicilio,60000,Jueves,entre_semana
2024-11-14,Frijoles con Pezuña,Sopas,3,mesa,50000,Jueves,entre_semana
2024-11-14,Frijoles con Pezuña,Sopas,2,domicilio,50000,Jueves,entre_semana
2024-11-14,Pata,Sopas,1,mesa,27000,Jueves,entre_semana
2024-11-14,Pata,Sopas,1,domicilio,27000,Jueves,entre_semana
2024-11-14,Cola de Buey,Sopas,3,mesa,60000,Jueves,entre_semana
2024-11-14,Cola de Buey,Sopas,4,domicilio,60000,Jueves,entre_semana
2024-11-14,Cazuela de Mariscos,Sopas,1,mesa,53000,Jueves,entre_semana
2024-11-14,Cazuela de Mariscos,Sopas,1,domicilio,53000,Jueves,entre_semana
2024-11-14,Carne Asada (Chatas),Carnes,8,mesa,56000,Jueves,entre_semana
2024-11-14,Carne Asada (Chatas),Carnes,9,domicilio,56000,Jueves,entre_semana
2024-11-14,Carne Oreada,Carnes,3,mesa,56000,Jueves,entre_semana
2024-11-14,Carne Oreada,Carnes,4,domicilio,56000,Jueves,entre_semana
2024-11-14,Cabro con Pepitoria,Carnes,10,mesa,56000,Jueves,entre_semana
2024-11-14,Cabro con Pepitoria,Carnes,10,domicilio,56000,Jueves,entre_semana
2024-11-14,Costillas de Cerdo,Carnes,5,mesa,54000,Jueves,entre_semana
2024-11-14,Costillas de Cerdo,Carnes,7,domicilio,54000,Jueves,entre_semana
2024-11-14,Lomo de Cerdo,Carnes,4,mesa,54000,Jueves,entre_semana
2024-11-14,Lomo de Cerdo,Carnes,4,domicilio,54000,Jueves,entre_semana
2024-11-14,Sobrebarriga,Carnes,11,mesa,54000,Jueves,entre_semana
2024-11-14,Sobrebarriga,Carnes,11,domicilio,54000,Jueves,entre_semana
2024-11-14,Pechuga Asada,Carnes,2,mesa,52000,Jueves,entre_semana
2024-11-14,Pechuga Asada,Carnes,3,domicilio,52000,Jueves,entre_semana
2024-11-14,Mojarra 2en1,Pescados,4,mesa,50000,Jueves,entre_semana
2024-11-14,Mojarra 2en1,Pescados,4,domicilio,50000,Jueves,entre_semana
2024-11-14,Trucha 2en1,Pescados,1,mesa,50000,Jueves,entre_semana
2024-11-14,Trucha 2en1,Pescados,1,domicilio,50000,Jueves,entre_semana
2024-11-14,Tierra Aire Mar,Pescados,1,domicilio,90000,Jueves,entre_semana
2024-11-14,Arroz con Pollo,Arroces,7,mesa,45000,Jueves,entre_semana
2024-11-14,Arroz con Pollo,Arroces,8,domicilio,45000,Jueves,entre_semana
2024-11-14,Almuerzo Ejecutivo,Corrientes,52,mesa,25000,Jueves,entre_semana
2024-11-14,Almuerzo Ejecutivo,Corrientes,38,domicilio,25000,Jueves,entre_semana
2024-11-15,Lengua en salsa,Sopas,1,mesa,60000,Viernes,entre_semana
2024-11-15,Lengua en salsa,Sopas,1,domicilio,60000,Viernes,entre_semana
2024-11-15,Sancocho de Gallina,Sopas,2,mesa,60000,Viernes,entre_semana
2024-11-15,Sancocho de Gallina,Sopas,3,domicilio,60000,Viernes,entre_semana
2024-11-15,Frijoles con Pezuña,Sopas,3,mesa,50000,Viernes,entre_semana
2024-11-15,Frijoles con Pezuña,Sopas,2,domicilio,50000,Viernes,entre_semana
2024-11-15,Pata,Sopas,1,mesa,27000,Viernes,entre_semana
2024-11-15,Pata,Sopas,1,domicilio,27000,Viernes,entre_semana
2024-11-15,Cola de Buey,Sopas,3,mesa,60000,Viernes,entre_semana
2024-11-15,Cola de Buey,Sopas,4,domicilio,60000,Viernes,entre_semana
2024-11-15,Cazuela de Mariscos,Sopas,1,mesa,53000,Viernes,entre_semana
2024-11-15,Cazuela de Mariscos,Sopas,1,domicilio,53000,Viernes,entre_semana
2024-11-15,Carne Asada (Chatas),Carnes,10,mesa,56000,Viernes,entre_semana
2024-11-15,Carne Asada (Chatas),Carnes,7,domicilio,56000,Viernes,entre_semana
2024-11-15,Carne Oreada,Carnes,3,mesa,56000,Viernes,entre_semana
2024-11-15,Carne Oreada,Carnes,3,domicilio,56000,Viernes,entre_semana
2024-11-15,Cabro con Pepitoria,Carnes,10,mesa,56000,Viernes,entre_semana
2024-11-15,Cabro con Pepitoria,Carnes,8,domicilio,56000,Viernes,entre_semana
2024-11-15,Costillas de Cerdo,Carnes,5,mesa,54000,Viernes,entre_semana
2024-11-15,Costillas de Cerdo,Carnes,5,domicilio,54000,Viernes,entre_semana
2024-11-15,Lomo de Cerdo,Carnes,3,mesa,54000,Viernes,entre_semana
2024-11-15,Lomo de Cerdo,Carnes,3,domicilio,54000,Viernes,entre_semana
2024-11-15,Sobrebarriga,Carnes,9,mesa,54000,Viernes,entre_semana
2024-11-15,Sobrebarriga,Carnes,9,domicilio,54000,Viernes,entre_semana
2024-11-15,Pechuga Asada,Carnes,2,mesa,52000,Viernes,entre_semana
2024-11-15,Pechuga Asada,Carnes,4,domicilio,52000,Viernes,entre_semana
2024-11-15,Mojarra 2en1,Pescados,4,mesa,50000,Viernes,entre_semana
2024-11-15,Mojarra 2en1,Pescados,3,domicilio,50000,Viernes,entre_semana
2024-11-15,Trucha 2en1,Pescados,1,mesa,50000,Viernes,entre_semana
2024-11-15,Trucha 2en1,Pescados,1,domicilio,50000,Viernes,entre_semana
2024-11-15,Tierra Aire Mar,Pescados,1,domicilio,90000,Viernes,entre_semana
2024-11-15,Arroz con Pollo,Arroces,8,mesa,45000,Viernes,entre_semana
2024-11-15,Arroz con Pollo,Arroces,7,domicilio,45000,Viernes,entre_semana
2024-11-15,Almuerzo Ejecutivo,Corrientes,43,mesa,25000,Viernes,entre_semana
2024-11-15,Almuerzo Ejecutivo,Corrientes,42,domicilio,25000,Viernes,entre_semana
2024-11-16,Lengua en salsa,Sopas,2,mesa,60000,Sábado,sabado
2024-11-16,Lengua en salsa,Sopas,2,domicilio,60000,Sábado,sabado
2024-11-16,Mute,Sopas,15,mesa,30000,Sábado,sabado
2024-11-16,Mute,Sopas,12,domicilio,30000,Sábado,sabado
2024-11-16,Sancocho de Gallina,Sopas,13,mesa,60000,Sábado,sabado
2024-11-16,Sancocho de Gallina,Sopas,10,domicilio,60000,Sábado,sabado
2024-11-16,Frijoles con Pezuña,Sopas,4,mesa,50000,Sábado,sabado
2024-11-16,Frijoles con Pezuña,Sopas,4,domicilio,50000,Sábado,sabado
2024-11-16,Pata,Sopas,3,mesa,27000,Sábado,sabado
2024-11-16,Pata,Sopas,2,domicilio,27000,Sábado,sabado
2024-11-16,Cola de Buey,Sopas,4,mesa,60000,Sábado,sabado
2024-11-16,Cola de Buey,Sopas,8,domicilio,60000,Sábado,sabado
2024-11-16,Cazuela de Mariscos,Sopas,2,mesa,53000,Sábado,sabado
2024-11-16,Cazuela de Mariscos,Sopas,2,domicilio,53000,Sábado,sabado
2024-11-16,Carne Asada (Chatas),Carnes,13,mesa,56000,Sábado,sabado
2024-11-16,Carne Asada (Chatas),Carnes,13,domicilio,56000,Sábado,sabado
2024-11-16,Carne Oreada,Carnes,7,mesa,56000,Sábado,sabado
2024-11-16,Carne Oreada,Carnes,4,domicilio,56000,Sábado,sabado
2024-11-16,Cabro con Pepitoria,Carnes,17,mesa,56000,Sábado,sabado
2024-11-16,Cabro con Pepitoria,Carnes,15,domicilio,56000,Sábado,sabado
2024-11-16,Costillas de Cerdo,Carnes,7,mesa,54000,Sábado,sabado
2024-11-16,Costillas de Cerdo,Carnes,10,domicilio,54000,Sábado,sabado
2024-11-16,Lomo de Cerdo,Carnes,8,mesa,54000,Sábado,sabado
2024-11-16,Lomo de Cerdo,Carnes,6,domicilio,54000,Sábado,sabado
2024-11-16,Sobrebarriga,Carnes,14,mesa,54000,Sábado,sabado
2024-11-16,Sobrebarriga,Carnes,13,domicilio,54000,Sábado,sabado
2024-11-16,Pechuga Asada,Carnes,4,mesa,52000,Sábado,sabado
2024-11-16,Pechuga Asada,Carnes,5,domicilio,52000,Sábado,sabado
2024-11-16,Mojarra 2en1,Pescados,9,mesa,50000,Sábado,sabado
2024-11-16,Mojarra 2en1,Pescados,7,domicilio,50000,Sábado,sabado
2024-11-16,Trucha 2en1,Pescados,2,mesa,50000,Sábado,sabado
2024-11-16,Trucha 2en1,Pescados,2,domicilio,50000,Sábado,sabado
2024-11-16,Tierra Aire Mar,Pescados,1,mesa,90000,Sábado,sabado
2024-11-16,Tierra Aire Mar,Pescados,1,domicilio,90000,Sábado,sabado
2024-11-16,Arroz con Pollo,Arroces,15,mesa,45000,Sábado,sabado
2024-11-16,Arroz con Pollo,Arroces,12,domicilio,45000,Sábado,sabado
2024-11-16,Almuerzo Ejecutivo,Corrientes,39,domicilio,25000,Sábado,sabado
2024-11-17,Lengua en salsa,Sopas,5,mesa,60000,Domingo,domingo
2024-11-17,Lengua en salsa,Sopas,3,domicilio,60000,Domingo,domingo
2024-11-17,Mute,Sopas,48,mesa,30000,Domingo,domingo
2024-11-17,Mute,Sopas,24,domicilio,30000,Domingo,domingo
2024-11-17,Sancocho de Gallina,Sopas,29,mesa,60000,Domingo,domingo
2024-11-17,Sancocho de Gallina,Sopas,20,domicilio,60000,Domingo,domingo
2024-11-17,Pata,Sopas,6,mesa,27000,Domingo,domingo
2024-11-17,Pata,Sopas,5,domicilio,27000,Domingo,domingo
2024-11-17,Cola de Buey,Sopas,10,mesa,60000,Domingo,domingo
2024-11-17,Cola de Buey,Sopas,14,domicilio,60000,Domingo,domingo
2024-11-17,Cazuela de Mariscos,Sopas,4,mesa,53000,Domingo,domingo
2024-11-17,Cazuela de Mariscos,Sopas,3,domicilio,53000,Domingo,domingo
2024-11-17,Carne Asada (Chatas),Carnes,28,mesa,56000,Domingo,domingo
2024-11-17,Carne Asada (Chatas),Carnes,22,domicilio,56000,Domingo,domingo
2024-11-17,Carne Oreada,Carnes,12,mesa,56000,Domingo,domingo
2024-11-17,Carne Oreada,Carnes,9,domicilio,56000,Domingo,domingo
2024-11-17,Cabro con Pepitoria,Carnes,26,mesa,56000,Domingo,domingo
2024-11-17,Cabro con Pepitoria,Carnes,26,domicilio,56000,Domingo,domingo
2024-11-17,Costillas de Cerdo,Carnes,13,mesa,54000,Domingo,domingo
2024-11-17,Costillas de Cerdo,Carnes,17,domicilio,54000,Domingo,domingo
2024-11-17,Lomo de Cerdo,Carnes,13,mesa,54000,Domingo,domingo
2024-11-17,Lomo de Cerdo,Carnes,11,domicilio,54000,Domingo,domingo
2024-11-17,Sobrebarriga,Carnes,29,mesa,54000,Domingo,domingo
2024-11-17,Sobrebarriga,Carnes,31,domicilio,54000,Domingo,domingo
2024-11-17,Pechuga Asada,Carnes,9,mesa,52000,Domingo,domingo
2024-11-17,Pechuga Asada,Carnes,11,domicilio,52000,Domingo,domingo
2024-11-17,Mojarra 2en1,Pescados,16,mesa,50000,Domingo,domingo
2024-11-17,Mojarra 2en1,Pescados,14,domicilio,50000,Domingo,domingo
2024-11-17,Trucha 2en1,Pescados,4,mesa,50000,Domingo,domingo
2024-11-17,Trucha 2en1,Pescados,4,domicilio,50000,Domingo,domingo
2024-11-17,Tierra Aire Mar,Pescados,2,mesa,90000,Domingo,domingo
2024-11-17,Tierra Aire Mar,Pescados,2,domicilio,90000,Domingo,domingo
2024-11-17,Arroz con Pollo,Arroces,30,mesa,45000,Domingo,domingo
2024-11-17,Arroz con Pollo,Arroces,23,domicilio,45000,Domingo,domingo
2024-11-19,Lengua en salsa,Sopas,1,mesa,60000,Martes,entre_semana
2024-11-19,Lengua en salsa,Sopas,1,domicilio,60000,Martes,entre_semana
2024-11-19,Sancocho de Gallina,Sopas,2,mesa,60000,Martes,entre_semana
2024-11-19,Sancocho de Gallina,Sopas,3,domicilio,60000,Martes,entre_semana
2024-11-19,Frijoles con Pezuña,Sopas,3,mesa,50000,Martes,entre_semana
2024-11-19,Frijoles con Pezuña,Sopas,2,domicilio,50000,Martes,entre_semana
2024-11-19,Pata,Sopas,1,mesa,27000,Martes,entre_semana
2024-11-19,Pata,Sopas,1,domicilio,27000,Martes,entre_semana
2024-11-19,Cola de Buey,Sopas,3,mesa,60000,Martes,entre_semana
2024-11-19,Cola de Buey,Sopas,4,domicilio,60000,Martes,entre_semana
2024-11-19,Cazuela de Mariscos,Sopas,1,mesa,53000,Martes,entre_semana
2024-11-19,Cazuela de Mariscos,Sopas,1,domicilio,53000,Martes,entre_semana
2024-11-19,Carne Asada (Chatas),Carnes,10,mesa,56000,Martes,entre_semana
2024-11-19,Carne Asada (Chatas),Carnes,9,domicilio,56000,Martes,entre_semana
2024-11-19,Carne Oreada,Carnes,3,mesa,56000,Martes,entre_semana
2024-11-19,Carne Oreada,Carnes,3,domicilio,56000,Martes,entre_semana
2024-11-19,Cabro con Pepitoria,Carnes,7,mesa,56000,Martes,entre_semana
2024-11-19,Cabro con Pepitoria,Carnes,7,domicilio,56000,Martes,entre_semana
2024-11-19,Costillas de Cerdo,Carnes,6,mesa,54000,Martes,entre_semana
2024-11-19,Costillas de Cerdo,Carnes,6,domicilio,54000,Martes,entre_semana
2024-11-19,Lomo de Cerdo,Carnes,4,mesa,54000,Martes,entre_semana
2024-11-19,Lomo de Cerdo,Carnes,4,domicilio,54000,Martes,entre_semana
2024-11-19,Sobrebarriga,Carnes,11,mesa,54000,Martes,entre_semana
2024-11-19,Sobrebarriga,Carnes,11,domicilio,54000,Martes,entre_semana
2024-11-19,Pechuga Asada,Carnes,2,mesa,52000,Martes,entre_semana
2024-11-19,Pechuga Asada,Carnes,3,domicilio,52000,Martes,entre_semana
2024-11-19,Mojarra 2en1,Pescados,4,mesa,50000,Martes,entre_semana
2024-11-19,Mojarra 2en1,Pescados,4,domicilio,50000,Martes,entre_semana
2024-11-19,Trucha 2en1,Pescados,1,mesa,50000,Martes,entre_semana
2024-11-19,Trucha 2en1,Pescados,1,domicilio,50000,Martes,entre_semana
2024-11-19,Tierra Aire Mar,Pescados,1,domicilio,90000,Martes,entre_semana
2024-11-19,Arroz con Pollo,Arroces,7,mesa,45000,Martes,entre_semana
2024-11-19,Arroz con Pollo,Arroces,6,domicilio,45000,Martes,entre_semana
2024-11-19,Almuerzo Ejecutivo,Corrientes,41,mesa,25000,Martes,entre_semana
2024-11-19,Almuerzo Ejecutivo,Corrientes,53,domicilio,25000,Martes,entre_semana
2024-11-20,Lengua en salsa,Sopas,1,mesa,60000,Miércoles,entre_semana
2024-11-20,Lengua en salsa,Sopas,1,domicilio,60000,Miércoles,entre_semana
2024-11-20,Sancocho de Gallina,Sopas,3,mesa,60000,Miércoles,entre_semana
2024-11-20,Sancocho de Gallina,Sopas,3,domicilio,60000,Miércoles,entre_semana
2024-11-20,Frijoles con Pezuña,Sopas,3,mesa,50000,Miércoles,entre_semana
2024-11-20,Frijoles con Pezuña,Sopas,2,domicilio,50000,Miércoles,entre_semana
2024-11-20,Pata,Sopas,1,mesa,27000,Miércoles,entre_semana
2024-11-20,Pata,Sopas,1,domicilio,27000,Miércoles,entre_semana
2024-11-20,Cola de Buey,Sopas,3,mesa,60000,Miércoles,entre_semana
2024-11-20,Cola de Buey,Sopas,5,domicilio,60000,Miércoles,entre_semana
2024-11-20,Cazuela de Mariscos,Sopas,1,mesa,53000,Miércoles,entre_semana
2024-11-20,Cazuela de Mariscos,Sopas,1,domicilio,53000,Miércoles,entre_semana
2024-11-20,Carne Asada (Chatas),Carnes,8,mesa,56000,Miércoles,entre_semana
2024-11-20,Carne Asada (Chatas),Carnes,10,domicilio,56000,Miércoles,entre_semana
2024-11-20,Carne Oreada,Carnes,3,mesa,56000,Miércoles,entre_semana
2024-11-20,Carne Oreada,Carnes,3,domicilio,56000,Miércoles,entre_semana
2024-11-20,Cabro con Pepitoria,Carnes,9,mesa,56000,Miércoles,entre_semana
2024-11-20,Cabro con Pepitoria,Carnes,9,domicilio,56000,Miércoles,entre_semana
2024-11-20,Costillas de Cerdo,Carnes,5,mesa,54000,Miércoles,entre_semana
2024-11-20,Costillas de Cerdo,Carnes,6,domicilio,54000,Miércoles,entre_semana
2024-11-20,Lomo de Cerdo,Carnes,4,mesa,54000,Miércoles,entre_semana
2024-11-20,Lomo de Cerdo,Carnes,4,domicilio,54000,Miércoles,entre_semana
2024-11-20,Sobrebarriga,Carnes,10,mesa,54000,Miércoles,entre_semana
2024-11-20,Sobrebarriga,Carnes,8,domicilio,54000,Miércoles,entre_semana
2024-11-20,Pechuga Asada,Carnes,2,mesa,52000,Miércoles,entre_semana
2024-11-20,Pechuga Asada,Carnes,3,domicilio,52000,Miércoles,entre_semana
2024-11-20,Mojarra 2en1,Pescados,4,mesa,50000,Miércoles,entre_semana
2024-11-20,Mojarra 2en1,Pescados,4,domicilio,50000,Miércoles,entre_semana
2024-11-20,Trucha 2en1,Pescados,1,mesa,50000,Miércoles,entre_semana
2024-11-20,Trucha 2en1,Pescados,1,domicilio,50000,Miércoles,entre_semana
2024-11-20,Tierra Aire Mar,Pescados,1,domicilio,90000,Miércoles,entre_semana
2024-11-20,Arroz con Pollo,Arroces,9,mesa,45000,Miércoles,entre_semana
2024-11-20,Arroz con Pollo,Arroces,10,domicilio,45000,Miércoles,entre_semana
2024-11-20,Almuerzo Ejecutivo,Corrientes,48,mesa,25000,Miércoles,entre_semana
2024-11-20,Almuerzo Ejecutivo,Corrientes,46,domicilio,25000,Miércoles,entre_semana
2024-11-21,Lengua en salsa,Sopas,1,mesa,60000,Jueves,entre_semana
2024-11-21,Lengua en salsa,Sopas,1,domicilio,60000,Jueves,entre_semana
2024-11-21,Sancocho de Gallina,Sopas,3,mesa,60000,Jueves,entre_semana
2024-11-21,Sancocho de Gallina,Sopas,4,domicilio,60000,Jueves,entre_semana
2024-11-21,Frijoles con Pezuña,Sopas,3,mesa,50000,Jueves,entre_semana
2024-11-21,Frijoles con Pezuña,Sopas,2,domicilio,50000,Jueves,entre_semana
2024-11-21,Pata,Sopas,1,mesa,27000,Jueves,entre_semana
2024-11-21,Pata,Sopas,1,domicilio,27000,Jueves,entre_semana
2024-11-21,Cola de Buey,Sopas,3,mesa,60000,Jueves,entre_semana
2024-11-21,Cola de Buey,Sopas,5,domicilio,60000,Jueves,entre_semana
2024-11-21,Cazuela de Mariscos,Sopas,1,mesa,53000,Jueves,entre_semana
2024-11-21,Cazuela de Mariscos,Sopas,1,domicilio,53000,Jueves,entre_semana
2024-11-21,Carne Asada (Chatas),Carnes,9,mesa,56000,Jueves,entre_semana
2024-11-21,Carne Asada (Chatas),Carnes,9,domicilio,56000,Jueves,entre_semana
2024-11-21,Carne Oreada,Carnes,3,mesa,56000,Jueves,entre_semana
2024-11-21,Carne Oreada,Carnes,3,domicilio,56000,Jueves,entre_semana
2024-11-21,Cabro con Pepitoria,Carnes,8,mesa,56000,Jueves,entre_semana
2024-11-21,Cabro con Pepitoria,Carnes,8,domicilio,56000,Jueves,entre_semana
2024-11-21,Costillas de Cerdo,Carnes,5,mesa,54000,Jueves,entre_semana
2024-11-21,Costillas de Cerdo,Carnes,6,domicilio,54000,Jueves,entre_semana
2024-11-21,Lomo de Cerdo,Carnes,3,mesa,54000,Jueves,entre_semana
2024-11-21,Lomo de Cerdo,Carnes,4,domicilio,54000,Jueves,entre_semana
2024-11-21,Sobrebarriga,Carnes,8,mesa,54000,Jueves,entre_semana
2024-11-21,Sobrebarriga,Carnes,10,domicilio,54000,Jueves,entre_semana
2024-11-21,Pechuga Asada,Carnes,2,mesa,52000,Jueves,entre_semana
2024-11-21,Pechuga Asada,Carnes,4,domicilio,52000,Jueves,entre_semana
2024-11-21,Mojarra 2en1,Pescados,5,mesa,50000,Jueves,entre_semana
2024-11-21,Mojarra 2en1,Pescados,4,domicilio,50000,Jueves,entre_semana
2024-11-21,Trucha 2en1,Pescados,1,mesa,50000,Jueves,entre_semana
2024-11-21,Trucha 2en1,Pescados,1,domicilio,50000,Jueves,entre_semana
2024-11-21,Tierra Aire Mar,Pescados,1,domicilio,90000,Jueves,entre_semana
2024-11-21,Arroz con Pollo,Arroces,8,mesa,45000,Jueves,entre_semana
2024-11-21,Arroz con Pollo,Arroces,7,domicilio,45000,Jueves,entre_semana
2024-11-21,Almuerzo Ejecutivo,Corrientes,45,mesa,25000,Jueves,entre_semana
2024-11-21,Almuerzo Ejecutivo,Corrientes,51,domicilio,25000,Jueves,entre_semana
2024-11-22,Lengua en salsa,Sopas,1,mesa,60000,Viernes,entre_semana
2024-11-22,Lengua en salsa,Sopas,1,domicilio,60000,Viernes,entre_semana
2024-11-22,Sancocho de Gallina,Sopas,3,mesa,60000,Viernes,entre_semana
2024-11-22,Sancocho de Gallina,Sopas,3,domicilio,60000,Viernes,entre_semana
2024-11-22,Frijoles con Pezuña,Sopas,3,mesa,50000,Viernes,entre_semana
2024-11-22,Frijoles con Pezuña,Sopas,2,domicilio,50000,Viernes,entre_semana
2024-11-22,Pata,Sopas,1,mesa,27000,Viernes,entre_semana
2024-11-22,Pata,Sopas,1,domicilio,27000,Viernes,entre_semana
2024-11-22,Cola de Buey,Sopas,3,mesa,60000,Viernes,entre_semana
2024-11-22,Cola de Buey,Sopas,4,domicilio,60000,Viernes,entre_semana
2024-11-22,Cazuela de Mariscos,Sopas,1,mesa,53000,Viernes,entre_semana
2024-11-22,Cazuela de Mariscos,Sopas,1,domicilio,53000,Viernes,entre_semana
2024-11-22,Carne Asada (Chatas),Carnes,9,mesa,56000,Viernes,entre_semana
2024-11-22,Carne Asada (Chatas),Carnes,10,domicilio,56000,Viernes,entre_semana
2024-11-22,Carne Oreada,Carnes,3,mesa,56000,Viernes,entre_semana
2024-11-22,Carne Oreada,Carnes,3,domicilio,56000,Viernes,entre_semana
2024-11-22,Cabro con Pepitoria,Carnes,8,mesa,56000,Viernes,entre_semana
2024-11-22,Cabro con Pepitoria,Carnes,7,domicilio,56000,Viernes,entre_semana
2024-11-22,Costillas de Cerdo,Carnes,4,mesa,54000,Viernes,entre_semana
2024-11-22,Costillas de Cerdo,Carnes,6,domicilio,54000,Viernes,entre_semana
2024-11-22,Lomo de Cerdo,Carnes,5,mesa,54000,Viernes,entre_semana
2024-11-22,Lomo de Cerdo,Carnes,3,domicilio,54000,Viernes,entre_semana
2024-11-22,Sobrebarriga,Carnes,9,mesa,54000,Viernes,entre_semana
2024-11-22,Sobrebarriga,Carnes,12,domicilio,54000,Viernes,entre_semana
2024-11-22,Pechuga Asada,Carnes,2,mesa,52000,Viernes,entre_semana
2024-11-22,Pechuga Asada,Carnes,4,domicilio,52000,Viernes,entre_semana
2024-11-22,Mojarra 2en1,Pescados,4,mesa,50000,Viernes,entre_semana
2024-11-22,Mojarra 2en1,Pescados,3,domicilio,50000,Viernes,entre_semana
2024-11-22,Trucha 2en1,Pescados,1,mesa,50000,Viernes,entre_semana
2024-11-22,Trucha 2en1,Pescados,1,domicilio,50000,Viernes,entre_semana
2024-11-22,Tierra Aire Mar,Pescados,1,domicilio,90000,Viernes,entre_semana
2024-11-22,Arroz con Pollo,Arroces,7,mesa,45000,Viernes,entre_semana
2024-11-22,Arroz con Pollo,Arroces,9,domicilio,45000,Viernes,entre_semana
2024-11-22,Almuerzo Ejecutivo,Corrientes,40,mesa,25000,Viernes,entre_semana
2024-11-22,Almuerzo Ejecutivo,Corrientes,47,domicilio,25000,Viernes,entre_semana
2024-11-23,Lengua en salsa,Sopas,2,mesa,60000,Sábado,sabado
2024-11-23,Lengua en salsa,Sopas,2,domicilio,60000,Sábado,sabado
2024-11-23,Mute,Sopas,17,mesa,30000,Sábado,sabado
2024-11-23,Mute,Sopas,16,domicilio,30000,Sábado,sabado
2024-11-23,Sancocho de Gallina,Sopas,14,mesa,60000,Sábado,sabado
2024-11-23,Sancocho de Gallina,Sopas,10,domicilio,60000,Sábado,sabado
2024-11-23,Frijoles con Pezuña,Sopas,4,mesa,50000,Sábado,sabado
2024-11-23,Frijoles con Pezuña,Sopas,5,domicilio,50000,Sábado,sabado
2024-11-23,Pata,Sopas,3,mesa,27000,Sábado,sabado
2024-11-23,Pata,Sopas,2,domicilio,27000,Sábado,sabado
2024-11-23,Cola de Buey,Sopas,5,mesa,60000,Sábado,sabado
2024-11-23,Cola de Buey,Sopas,7,domicilio,60000,Sábado,sabado
2024-11-23,Cazuela de Mariscos,Sopas,2,mesa,53000,Sábado,sabado
2024-11-23,Cazuela de Mariscos,Sopas,2,domicilio,53000,Sábado,sabado
2024-11-23,Carne Asada (Chatas),Carnes,12,mesa,56000,Sábado,sabado
2024-11-23,Carne Asada (Chatas),Carnes,16,domicilio,56000,Sábado,sabado
2024-11-23,Carne Oreada,Carnes,5,mesa,56000,Sábado,sabado
2024-11-23,Carne Oreada,Carnes,4,domicilio,56000,Sábado,sabado
2024-11-23,Cabro con Pepitoria,Carnes,15,mesa,56000,Sábado,sabado
2024-11-23,Cabro con Pepitoria,Carnes,13,domicilio,56000,Sábado,sabado
2024-11-23,Costillas de Cerdo,Carnes,8,mesa,54000,Sábado,sabado
2024-11-23,Costillas de Cerdo,Carnes,11,domicilio,54000,Sábado,sabado
2024-11-23,Lomo de Cerdo,Carnes,7,mesa,54000,Sábado,sabado
2024-11-23,Lomo de Cerdo,Carnes,5,domicilio,54000,Sábado,sabado
2024-11-23,Sobrebarriga,Carnes,17,mesa,54000,Sábado,sabado
2024-11-23,Sobrebarriga,Carnes,12,domicilio,54000,Sábado,sabado
2024-11-23,Pechuga Asada,Carnes,4,mesa,52000,Sábado,sabado
2024-11-23,Pechuga Asada,Carnes,6,domicilio,52000,Sábado,sabado
2024-11-23,Mojarra 2en1,Pescados,9,mesa,50000,Sábado,sabado
2024-11-23,Mojarra 2en1,Pescados,8,domicilio,50000,Sábado,sabado
2024-11-23,Trucha 2en1,Pescados,2,mesa,50000,Sábado,sabado
2024-11-23,Trucha 2en1,Pescados,2,domicilio,50000,Sábado,sabado
2024-11-23,Tierra Aire Mar,Pescados,1,mesa,90000,Sábado,sabado
2024-11-23,Tierra Aire Mar,Pescados,1,domicilio,90000,Sábado,sabado
2024-11-23,Arroz con Pollo,Arroces,12,mesa,45000,Sábado,sabado
2024-11-23,Arroz con Pollo,Arroces,11,domicilio,45000,Sábado,sabado
2024-11-23,Almuerzo Ejecutivo,Corrientes,32,domicilio,25000,Sábado,sabado
2024-11-24,Lengua en salsa,Sopas,4,mesa,60000,Domingo,domingo
2024-11-24,Lengua en salsa,Sopas,3,domicilio,60000,Domingo,domingo
2024-11-24,Mute,Sopas,33,mesa,30000,Domingo,domingo
2024-11-24,Mute,Sopas,30,domicilio,30000,Domingo,domingo
2024-11-24,Sancocho de Gallina,Sopas,28,mesa,60000,Domingo,domingo
2024-11-24,Sancocho de Gallina,Sopas,23,domicilio,60000,Domingo,domingo
2024-11-24,Pata,Sopas,6,mesa,27000,Domingo,domingo
2024-11-24,Pata,Sopas,4,domicilio,27000,Domingo,domingo
2024-11-24,Cola de Buey,Sopas,9,mesa,60000,Domingo,domingo
2024-11-24,Cola de Buey,Sopas,17,domicilio,60000,Domingo,domingo
2024-11-24,Cazuela de Mariscos,Sopas,4,mesa,53000,Domingo,domingo
2024-11-24,Cazuela de Mariscos,Sopas,3,domicilio,53000,Domingo,domingo
2024-11-24,Carne Asada (Chatas),Carnes,30,mesa,56000,Domingo,domingo
2024-11-24,Carne Asada (Chatas),Carnes,29,domicilio,56000,Domingo,domingo
2024-11-24,Carne Oreada,Carnes,13,mesa,56000,Domingo,domingo
2024-11-24,Carne Oreada,Carnes,9,domicilio,56000,Domingo,domingo
2024-11-24,Cabro con Pepitoria,Carnes,26,mesa,56000,Domingo,domingo
2024-11-24,Cabro con Pepitoria,Carnes,28,domicilio,56000,Domingo,domingo
2024-11-24,Costillas de Cerdo,Carnes,18,mesa,54000,Domingo,domingo
2024-11-24,Costillas de Cerdo,Carnes,21,domicilio,54000,Domingo,domingo
2024-11-24,Lomo de Cerdo,Carnes,13,mesa,54000,Domingo,domingo
2024-11-24,Lomo de Cerdo,Carnes,10,domicilio,54000,Domingo,domingo
2024-11-24,Sobrebarriga,Carnes,29,mesa,54000,Domingo,domingo
2024-11-24,Sobrebarriga,Carnes,33,domicilio,54000,Domingo,domingo
2024-11-24,Pechuga Asada,Carnes,7,mesa,52000,Domingo,domingo
2024-11-24,Pechuga Asada,Carnes,11,domicilio,52000,Domingo,domingo
2024-11-24,Mojarra 2en1,Pescados,12,mesa,50000,Domingo,domingo
2024-11-24,Mojarra 2en1,Pescados,13,domicilio,50000,Domingo,domingo
2024-11-24,Trucha 2en1,Pescados,4,mesa,50000,Domingo,domingo
2024-11-24,Trucha 2en1,Pescados,4,domicilio,50000,Domingo,domingo
2024-11-24,Tierra Aire Mar,Pescados,2,mesa,90000,Domingo,domingo
2024-11-24,Tierra Aire Mar,Pescados,2,domicilio,90000,Domingo,domingo
2024-11-24,Arroz con Pollo,Arroces,30,mesa,45000,Domingo,domingo
2024-11-24,Arroz con Pollo,Arroces,23,domicilio,45000,Domingo,domingo
2024-11-26,Lengua en salsa,Sopas,1,mesa,60000,Martes,entre_semana
2024-11-26,Lengua en salsa,Sopas,1,domicilio,60000,Martes,entre_semana
2024-11-26,Sancocho de Gallina,Sopas,3,mesa,60000,Martes,entre_semana
2024-11-26,Sancocho de Gallina,Sopas,4,domicilio,60000,Martes,entre_semana
2024-11-26,Frijoles con Pezuña,Sopas,3,mesa,50000,Martes,entre_semana
2024-11-26,Frijoles con Pezuña,Sopas,2,domicilio,50000,Martes,entre_semana
2024-11-26,Pata,Sopas,1,mesa,27000,Martes,entre_semana
2024-11-26,Pata,Sopas,1,domicilio,27000,Martes,entre_semana
2024-11-26,Cola de Buey,Sopas,3,mesa,60000,Martes,entre_semana
2024-11-26,Cola de Buey,Sopas,4,domicilio,60000,Martes,entre_semana
2024-11-26,Cazuela de Mariscos,Sopas,1,mesa,53000,Martes,entre_semana
2024-11-26,Cazuela de Mariscos,Sopas,1,domicilio,53000,Martes,entre_semana
2024-11-26,Carne Asada (Chatas),Carnes,7,mesa,56000,Martes,entre_semana
2024-11-26,Carne Asada (Chatas),Carnes,7,domicilio,56000,Martes,entre_semana
2024-11-26,Carne Oreada,Carnes,3,mesa,56000,Martes,entre_semana
2024-11-26,Carne Oreada,Carnes,3,domicilio,56000,Martes,entre_semana
2024-11-26,Cabro con Pepitoria,Carnes,10,mesa,56000,Martes,entre_semana
2024-11-26,Cabro con Pepitoria,Carnes,10,domicilio,56000,Martes,entre_semana
2024-11-26,Costillas de Cerdo,Carnes,5,mesa,54000,Martes,entre_semana
2024-11-26,Costillas de Cerdo,Carnes,6,domicilio,54000,Martes,entre_semana
2024-11-26,Lomo de Cerdo,Carnes,3,mesa,54000,Martes,entre_semana
2024-11-26,Lomo de Cerdo,Carnes,3,domicilio,54000,Martes,entre_semana
2024-11-26,Sobrebarriga,Carnes,11,mesa,54000,Martes,entre_semana
2024-11-26,Sobrebarriga,Carnes,12,domicilio,54000,Martes,entre_semana
2024-11-26,Pechuga Asada,Carnes,2,mesa,52000,Martes,entre_semana
2024-11-26,Pechuga Asada,Carnes,4,domicilio,52000,Martes,entre_semana
2024-11-26,Mojarra 2en1,Pescados,4,mesa,50000,Martes,entre_semana
2024-11-26,Mojarra 2en1,Pescados,4,domicilio,50000,Martes,entre_semana
2024-11-26,Trucha 2en1,Pescados,1,mesa,50000,Martes,entre_semana
2024-11-26,Trucha 2en1,Pescados,1,domicilio,50000,Martes,entre_semana
2024-11-26,Tierra Aire Mar,Pescados,1,domicilio,90000,Martes,entre_semana
2024-11-26,Arroz con Pollo,Arroces,9,mesa,45000,Martes,entre_semana
2024-11-26,Arroz con Pollo,Arroces,9,domicilio,45000,Martes,entre_semana
2024-11-26,Almuerzo Ejecutivo,Corrientes,53,mesa,25000,Martes,entre_semana
2024-11-26,Almuerzo Ejecutivo,Corrientes,54,domicilio,25000,Martes,entre_semana
2024-11-27,Lengua en salsa,Sopas,1,mesa,60000,Miércoles,entre_semana
2024-11-27,Lengua en salsa,Sopas,1,domicilio,60000,Miércoles,entre_semana
2024-11-27,Sancocho de Gallina,Sopas,3,mesa,60000,Miércoles,entre_semana
2024-11-27,Sancocho de Gallina,Sopas,2,domicilio,60000,Miércoles,entre_semana
2024-11-27,Frijoles con Pezuña,Sopas,3,mesa,50000,Miércoles,entre_semana
2024-11-27,Frijoles con Pezuña,Sopas,2,domicilio,50000,Miércoles,entre_semana
2024-11-27,Pata,Sopas,1,mesa,27000,Miércoles,entre_semana
2024-11-27,Pata,Sopas,1,domicilio,27000,Miércoles,entre_semana
2024-11-27,Cola de Buey,Sopas,3,mesa,60000,Miércoles,entre_semana
2024-11-27,Cola de Buey,Sopas,4,domicilio,60000,Miércoles,entre_semana
2024-11-27,Cazuela de Mariscos,Sopas,1,mesa,53000,Miércoles,entre_semana
2024-11-27,Cazuela de Mariscos,Sopas,1,domicilio,53000,Miércoles,entre_semana
2024-11-27,Carne Asada (Chatas),Carnes,8,mesa,56000,Miércoles,entre_semana
2024-11-27,Carne Asada (Chatas),Carnes,7,domicilio,56000,Miércoles,entre_semana
2024-11-27,Carne Oreada,Carnes,3,mesa,56000,Miércoles,entre_semana
2024-11-27,Carne Oreada,Carnes,3,domicilio,56000,Miércoles,entre_semana
2024-11-27,Cabro con Pepitoria,Carnes,9,mesa,56000,Miércoles,entre_semana
2024-11-27,Cabro con Pepitoria,Carnes,10,domicilio,56000,Miércoles,entre_semana
2024-11-27,Costillas de Cerdo,Carnes,5,mesa,54000,Miércoles,entre_semana
2024-11-27,Costillas de Cerdo,Carnes,5,domicilio,54000,Miércoles,entre_semana
2024-11-27,Lomo de Cerdo,Carnes,4,mesa,54000,Miércoles,entre_semana
2024-11-27,Lomo de Cerdo,Carnes,5,domicilio,54000,Miércoles,entre_semana
2024-11-27,Sobrebarriga,Carnes,11,mesa,54000,Miércoles,entre_semana
2024-11-27,Sobrebarriga,Carnes,12,domicilio,54000,Miércoles,entre_semana
2024-11-27,Pechuga Asada,Carnes,2,mesa,52000,Miércoles,entre_semana
2024-11-27,Pechuga Asada,Carnes,4,domicilio,52000,Miércoles,entre_semana
2024-11-27,Mojarra 2en1,Pescados,3,mesa,50000,Miércoles,entre_semana
2024-11-27,Mojarra 2en1,Pescados,4,domicilio,50000,Miércoles,entre_semana
2024-11-27,Trucha 2en1,Pescados,1,mesa,50000,Miércoles,entre_semana
2024-11-27,Trucha 2en1,Pescados,1,domicilio,50000,Miércoles,entre_semana
2024-11-27,Tierra Aire Mar,Pescados,1,domicilio,90000,Miércoles,entre_semana
2024-11-27,Arroz con Pollo,Arroces,8,mesa,45000,Miércoles,entre_semana
2024-11-27,Arroz con Pollo,Arroces,8,domicilio,45000,Miércoles,entre_semana
2024-11-27,Almuerzo Ejecutivo,Corrientes,45,mesa,25000,Miércoles,entre_semana
2024-11-27,Almuerzo Ejecutivo,Corrientes,44,domicilio,25000,Miércoles,entre_semana
2024-11-28,Lengua en salsa,Sopas,1,mesa,60000,Jueves,entre_semana
2024-11-28,Lengua en salsa,Sopas,1,domicilio,60000,Jueves,entre_semana
2024-11-28,Sancocho de Gallina,Sopas,3,mesa,60000,Jueves,entre_semana
2024-11-28,Sancocho de Gallina,Sopas,3,domicilio,60000,Jueves,entre_semana
2024-11-28,Frijoles con Pezuña,Sopas,3,mesa,50000,Jueves,entre_semana
2024-11-28,Frijoles con Pezuña,Sopas,2,domicilio,50000,Jueves,entre_semana
2024-11-28,Pata,Sopas,1,mesa,27000,Jueves,entre_semana
2024-11-28,Pata,Sopas,1,domicilio,27000,Jueves,entre_semana
2024-11-28,Cola de Buey,Sopas,3,mesa,60000,Jueves,entre_semana
2024-11-28,Cola de Buey,Sopas,3,domicilio,60000,Jueves,entre_semana
2024-11-28,Cazuela de Mariscos,Sopas,1,mesa,53000,Jueves,entre_semana
2024-11-28,Cazuela de Mariscos,Sopas,1,domicilio,53000,Jueves,entre_semana
2024-11-28,Carne Asada (Chatas),Carnes,10,mesa,56000,Jueves,entre_semana
2024-11-28,Carne Asada (Chatas),Carnes,9,domicilio,56000,Jueves,entre_semana
2024-11-28,Carne Oreada,Carnes,3,mesa,56000,Jueves,entre_semana
2024-11-28,Carne Oreada,Carnes,3,domicilio,56000,Jueves,entre_semana
2024-11-28,Cabro con Pepitoria,Carnes,9,mesa,56000,Jueves,entre_semana
2024-11-28,Cabro con Pepitoria,Carnes,11,domicilio,56000,Jueves,entre_semana
2024-11-28,Costillas de Cerdo,Carnes,5,mesa,54000,Jueves,entre_semana
2024-11-28,Costillas de Cerdo,Carnes,6,domicilio,54000,Jueves,entre_semana
2024-11-28,Lomo de Cerdo,Carnes,3,mesa,54000,Jueves,entre_semana
2024-11-28,Lomo de Cerdo,Carnes,3,domicilio,54000,Jueves,entre_semana
2024-11-28,Sobrebarriga,Carnes,10,mesa,54000,Jueves,entre_semana
2024-11-28,Sobrebarriga,Carnes,9,domicilio,54000,Jueves,entre_semana
2024-11-28,Pechuga Asada,Carnes,2,mesa,52000,Jueves,entre_semana
2024-11-28,Pechuga Asada,Carnes,4,domicilio,52000,Jueves,entre_semana
2024-11-28,Mojarra 2en1,Pescados,4,mesa,50000,Jueves,entre_semana
2024-11-28,Mojarra 2en1,Pescados,4,domicilio,50000,Jueves,entre_semana
2024-11-28,Trucha 2en1,Pescados,1,mesa,50000,Jueves,entre_semana
2024-11-28,Trucha 2en1,Pescados,1,domicilio,50000,Jueves,entre_semana
2024-11-28,Tierra Aire Mar,Pescados,1,domicilio,90000,Jueves,entre_semana
2024-11-28,Arroz con Pollo,Arroces,8,mesa,45000,Jueves,entre_semana
2024-11-28,Arroz con Pollo,Arroces,7,domicilio,45000,Jueves,entre_semana
2024-11-28,Almuerzo Ejecutivo,Corrientes,40,mesa,25000,Jueves,entre_semana
2024-11-28,Almuerzo Ejecutivo,Corrientes,48,domicilio,25000,Jueves,entre_semana
2024-11-29,Lengua en salsa,Sopas,1,mesa,60000,Viernes,entre_semana
2024-11-29,Lengua en salsa,Sopas,1,domicilio,60000,Viernes,entre_semana
2024-11-29,Sancocho de Gallina,Sopas,3,mesa,60000,Viernes,entre_semana
2024-11-29,Sancocho de Gallina,Sopas,3,domicilio,60000,Viernes,entre_semana
2024-11-29,Frijoles con Pezuña,Sopas,3,mesa,50000,Viernes,entre_semana
2024-11-29,Frijoles con Pezuña,Sopas,2,domicilio,50000,Viernes,entre_semana
2024-11-29,Pata,Sopas,1,mesa,27000,Viernes,entre_semana
2024-11-29,Pata,Sopas,1,domicilio,27000,Viernes,entre_semana
2024-11-29,Cola de Buey,Sopas,2,mesa,60000,Viernes,entre_semana
2024-11-29,Cola de Buey,Sopas,3,domicilio,60000,Viernes,entre_semana
2024-11-29,Cazuela de Mariscos,Sopas,1,mesa,53000,Viernes,entre_semana
2024-11-29,Cazuela de Mariscos,Sopas,1,domicilio,53000,Viernes,entre_semana
2024-11-29,Carne Asada (Chatas),Carnes,8,mesa,56000,Viernes,entre_semana
2024-11-29,Carne Asada (Chatas),Carnes,8,domicilio,56000,Viernes,entre_semana
2024-11-29,Carne Oreada,Carnes,3,mesa,56000,Viernes,entre_semana
2024-11-29,Carne Oreada,Carnes,3,domicilio,56000,Viernes,entre_semana
2024-11-29,Cabro con Pepitoria,Carnes,8,mesa,56000,Viernes,entre_semana
2024-11-29,Cabro con Pepitoria,Carnes,10,domicilio,56000,Viernes,entre_semana
2024-11-29,Costillas de Cerdo,Carnes,6,mesa,54000,Viernes,entre_semana
2024-11-29,Costillas de Cerdo,Carnes,7,domicilio,54000,Viernes,entre_semana
2024-11-29,Lomo de Cerdo,Carnes,4,mesa,54000,Viernes,entre_semana
2024-11-29,Lomo de Cerdo,Carnes,4,domicilio,54000,Viernes,entre_semana
2024-11-29,Sobrebarriga,Carnes,12,mesa,54000,Viernes,entre_semana
2024-11-29,Sobrebarriga,Carnes,8,domicilio,54000,Viernes,entre_semana
2024-11-29,Pechuga Asada,Carnes,2,mesa,52000,Viernes,entre_semana
2024-11-29,Pechuga Asada,Carnes,5,domicilio,52000,Viernes,entre_semana
2024-11-29,Mojarra 2en1,Pescados,4,mesa,50000,Viernes,entre_semana
2024-11-29,Mojarra 2en1,Pescados,4,domicilio,50000,Viernes,entre_semana
2024-11-29,Trucha 2en1,Pescados,1,mesa,50000,Viernes,entre_semana
2024-11-29,Trucha 2en1,Pescados,1,domicilio,50000,Viernes,entre_semana
2024-11-29,Tierra Aire Mar,Pescados,1,domicilio,90000,Viernes,entre_semana
2024-11-29,Arroz con Pollo,Arroces,8,mesa,45000,Viernes,entre_semana
2024-11-29,Arroz con Pollo,Arroces,9,domicilio,45000,Viernes,entre_semana
2024-11-29,Almuerzo Ejecutivo,Corrientes,39,mesa,25000,Viernes,entre_semana
2024-11-29,Almuerzo Ejecutivo,Corrientes,43,domicilio,25000,Viernes,entre_semana
2024-11-30,Lengua en salsa,Sopas,2,mesa,60000,Sábado,sabado
2024-11-30,Lengua en salsa,Sopas,2,domicilio,60000,Sábado,sabado
2024-11-30,Mute,Sopas,18,mesa,30000,Sábado,sabado
2024-11-30,Mute,Sopas,14,domicilio,30000,Sábado,sabado
2024-11-30,Sancocho de Gallina,Sopas,13,mesa,60000,Sábado,sabado
2024-11-30,Sancocho de Gallina,Sopas,11,domicilio,60000,Sábado,sabado
2024-11-30,Frijoles con Pezuña,Sopas,4,mesa,50000,Sábado,sabado
2024-11-30,Frijoles con Pezuña,Sopas,4,domicilio,50000,Sábado,sabado
2024-11-30,Pata,Sopas,3,mesa,27000,Sábado,sabado
2024-11-30,Pata,Sopas,2,domicilio,27000,Sábado,sabado
2024-11-30,Cola de Buey,Sopas,4,mesa,60000,Sábado,sabado
2024-11-30,Cola de Buey,Sopas,9,domicilio,60000,Sábado,sabado
2024-11-30,Cazuela de Mariscos,Sopas,2,mesa,53000,Sábado,sabado
2024-11-30,Cazuela de Mariscos,Sopas,2,domicilio,53000,Sábado,sabado
2024-11-30,Carne Asada (Chatas),Carnes,14,mesa,56000,Sábado,sabado
2024-11-30,Carne Asada (Chatas),Carnes,14,domicilio,56000,Sábado,sabado
2024-11-30,Carne Oreada,Carnes,6,mesa,56000,Sábado,sabado
2024-11-30,Carne Oreada,Carnes,4,domicilio,56000,Sábado,sabado
2024-11-30,Cabro con Pepitoria,Carnes,12,mesa,56000,Sábado,sabado
2024-11-30,Cabro con Pepitoria,Carnes,16,domicilio,56000,Sábado,sabado
2024-11-30,Costillas de Cerdo,Carnes,6,mesa,54000,Sábado,sabado
2024-11-30,Costillas de Cerdo,Carnes,11,domicilio,54000,Sábado,sabado
2024-11-30,Lomo de Cerdo,Carnes,8,mesa,54000,Sábado,sabado
2024-11-30,Lomo de Cerdo,Carnes,6,domicilio,54000,Sábado,sabado
2024-11-30,Sobrebarriga,Carnes,15,mesa,54000,Sábado,sabado
2024-11-30,Sobrebarriga,Carnes,16,domicilio,54000,Sábado,sabado
2024-11-30,Pechuga Asada,Carnes,4,mesa,52000,Sábado,sabado
2024-11-30,Pechuga Asada,Carnes,7,domicilio,52000,Sábado,sabado
2024-11-30,Mojarra 2en1,Pescados,8,mesa,50000,Sábado,sabado
2024-11-30,Mojarra 2en1,Pescados,7,domicilio,50000,Sábado,sabado
2024-11-30,Trucha 2en1,Pescados,2,mesa,50000,Sábado,sabado
2024-11-30,Trucha 2en1,Pescados,2,domicilio,50000,Sábado,sabado
2024-11-30,Tierra Aire Mar,Pescados,1,mesa,90000,Sábado,sabado
2024-11-30,Tierra Aire Mar,Pescados,1,domicilio,90000,Sábado,sabado
2024-11-30,Arroz con Pollo,Arroces,15,mesa,45000,Sábado,sabado
2024-11-30,Arroz con Pollo,Arroces,11,domicilio,45000,Sábado,sabado
2024-11-30,Almuerzo Ejecutivo,Corrientes,42,domicilio,25000,Sábado,sabado
2024-12-01,Lengua en salsa,Sopas,4,mesa,60000,Domingo,domingo
2024-12-01,Lengua en salsa,Sopas,3,domicilio,60000,Domingo,domingo
2024-12-01,Mute,Sopas,48,mesa,30000,Domingo,domingo
2024-12-01,Mute,Sopas,26,domicilio,30000,Domingo,domingo
2024-12-01,Sancocho de Gallina,Sopas,24,mesa,60000,Domingo,domingo
2024-12-01,Sancocho de Gallina,Sopas,20,domicilio,60000,Domingo,domingo
2024-12-01,Pata,Sopas,5,mesa,27000,Domingo,domingo
2024-12-01,Pata,Sopas,3,domicilio,27000,Domingo,domingo
2024-12-01,Cola de Buey,Sopas,10,mesa,60000,Domingo,domingo
2024-12-01,Cola de Buey,Sopas,15,domicilio,60000,Domingo,domingo
2024-12-01,Cazuela de Mariscos,Sopas,5,mesa,53000,Domingo,domingo
2024-12-01,Cazuela de Mariscos,Sopas,3,domicilio,53000,Domingo,domingo
2024-12-01,Carne Asada (Chatas),Carnes,24,mesa,56000,Domingo,domingo
2024-12-01,Carne Asada (Chatas),Carnes,28,domicilio,56000,Domingo,domingo
2024-12-01,Carne Oreada,Carnes,9,mesa,56000,Domingo,domingo
2024-12-01,Carne Oreada,Carnes,10,domicilio,56000,Domingo,domingo
2024-12-01,Cabro con Pepitoria,Carnes,28,mesa,56000,Domingo,domingo
2024-12-01,Cabro con Pepitoria,Carnes,24,domicilio,56000,Domingo,domingo
2024-12-01,Costillas de Cerdo,Carnes,12,mesa,54000,Domingo,domingo
2024-12-01,Costillas de Cerdo,Carnes,24,domicilio,54000,Domingo,domingo
2024-12-01,Lomo de Cerdo,Carnes,12,mesa,54000,Domingo,domingo
2024-12-01,Lomo de Cerdo,Carnes,11,domicilio,54000,Domingo,domingo
2024-12-01,Sobrebarriga,Carnes,32,mesa,54000,Domingo,domingo
2024-12-01,Sobrebarriga,Carnes,25,domicilio,54000,Domingo,domingo
2024-12-01,Pechuga Asada,Carnes,7,mesa,52000,Domingo,domingo
2024-12-01,Pechuga Asada,Carnes,12,domicilio,52000,Domingo,domingo
2024-12-01,Mojarra 2en1,Pescados,13,mesa,50000,Domingo,domingo
2024-12-01,Mojarra 2en1,Pescados,17,domicilio,50000,Domingo,domingo
2024-12-01,Trucha 2en1,Pescados,4,mesa,50000,Domingo,domingo
2024-12-01,Trucha 2en1,Pescados,3,domicilio,50000,Domingo,domingo
2024-12-01,Tierra Aire Mar,Pescados,2,mesa,90000,Domingo,domingo
2024-12-01,Tierra Aire Mar,Pescados,2,domicilio,90000,Domingo,domingo
2024-12-01,Arroz con Pollo,Arroces,25,mesa,45000,Domingo,domingo
2024-12-01,Arroz con Pollo,Arroces,21,domicilio,45000,Domingo,domingo
2024-12-03,Lengua en salsa,Sopas,1,mesa,60000,Martes,entre_semana
2024-12-03,Lengua en salsa,Sopas,1,domicilio,60000,Martes,entre_semana
2024-12-03,Sancocho de Gallina,Sopas,3,mesa,60000,Martes,entre_semana
2024-12-03,Sancocho de Gallina,Sopas,3,domicilio,60000,Martes,entre_semana
2024-12-03,Frijoles con Pezuña,Sopas,3,mesa,50000,Martes,entre_semana
2024-12-03,Frijoles con Pezuña,Sopas,2,domicilio,50000,Martes,entre_semana
2024-12-03,Pata,Sopas,1,mesa,27000,Martes,entre_semana
2024-12-03,Pata,Sopas,1,domicilio,27000,Martes,entre_semana
2024-12-03,Cola de Buey,Sopas,4,mesa,60000,Martes,entre_semana
2024-12-03,Cola de Buey,Sopas,4,domicilio,60000,Martes,entre_semana
2024-12-03,Cazuela de Mariscos,Sopas,1,mesa,53000,Martes,entre_semana
2024-12-03,Cazuela de Mariscos,Sopas,1,domicilio,53000,Martes,entre_semana
2024-12-03,Carne Asada (Chatas),Carnes,8,mesa,56000,Martes,entre_semana
2024-12-03,Carne Asada (Chatas),Carnes,7,domicilio,56000,Martes,entre_semana
2024-12-03,Carne Oreada,Carnes,3,mesa,56000,Martes,entre_semana
2024-12-03,Carne Oreada,Carnes,2,domicilio,56000,Martes,entre_semana
2024-12-03,Cabro con Pepitoria,Carnes,9,mesa,56000,Martes,entre_semana
2024-12-03,Cabro con Pepitoria,Carnes,10,domicilio,56000,Martes,entre_semana
2024-12-03,Costillas de Cerdo,Carnes,5,mesa,54000,Martes,entre_semana
2024-12-03,Costillas de Cerdo,Carnes,7,domicilio,54000,Martes,entre_semana
2024-12-03,Lomo de Cerdo,Carnes,5,mesa,54000,Martes,entre_semana
2024-12-03,Lomo de Cerdo,Carnes,4,domicilio,54000,Martes,entre_semana
2024-12-03,Sobrebarriga,Carnes,10,mesa,54000,Martes,entre_semana
2024-12-03,Sobrebarriga,Carnes,11,domicilio,54000,Martes,entre_semana
2024-12-03,Pechuga Asada,Carnes,2,mesa,52000,Martes,entre_semana
2024-12-03,Pechuga Asada,Carnes,5,domicilio,52000,Martes,entre_semana
2024-12-03,Mojarra 2en1,Pescados,4,mesa,50000,Martes,entre_semana
2024-12-03,Mojarra 2en1,Pescados,4,domicilio,50000,Martes,entre_semana
2024-12-03,Trucha 2en1,Pescados,1,mesa,50000,Martes,entre_semana
2024-12-03,Trucha 2en1,Pescados,1,domicilio,50000,Martes,entre_semana
2024-12-03,Tierra Aire Mar,Pescados,1,domicilio,90000,Martes,entre_semana
2024-12-03,Arroz con Pollo,Arroces,7,mesa,45000,Martes,entre_semana
2024-12-03,Arroz con Pollo,Arroces,7,domicilio,45000,Martes,entre_semana
2024-12-03,Almuerzo Ejecutivo,Corrientes,52,mesa,25000,Martes,entre_semana
2024-12-03,Almuerzo Ejecutivo,Corrientes,49,domicilio,25000,Martes,entre_semana
2024-12-04,Lengua en salsa,Sopas,1,mesa,60000,Miércoles,entre_semana
2024-12-04,Lengua en salsa,Sopas,1,domicilio,60000,Miércoles,entre_semana
2024-12-04,Sancocho de Gallina,Sopas,3,mesa,60000,Miércoles,entre_semana
2024-12-04,Sancocho de Gallina,Sopas,3,domicilio,60000,Miércoles,entre_semana
2024-12-04,Frijoles con Pezuña,Sopas,3,mesa,50000,Miércoles,entre_semana
2024-12-04,Frijoles con Pezuña,Sopas,2,domicilio,50000,Miércoles,entre_semana
2024-12-04,Pata,Sopas,1,mesa,27000,Miércoles,entre_semana
2024-12-04,Pata,Sopas,1,domicilio,27000,Miércoles,entre_semana
2024-12-04,Cola de Buey,Sopas,3,mesa,60000,Miércoles,entre_semana
2024-12-04,Cola de Buey,Sopas,4,domicilio,60000,Miércoles,entre_semana
2024-12-04,Cazuela de Mariscos,Sopas,1,mesa,53000,Miércoles,entre_semana
2024-12-04,Cazuela de Mariscos,Sopas,1,domicilio,53000,Miércoles,entre_semana
2024-12-04,Carne Asada (Chatas),Carnes,10,mesa,56000,Miércoles,entre_semana
2024-12-04,Carne Asada (Chatas),Carnes,10,domicilio,56000,Miércoles,entre_semana
2024-12-04,Carne Oreada,Carnes,3,mesa,56000,Miércoles,entre_semana
2024-12-04,Carne Oreada,Carnes,3,domicilio,56000,Miércoles,entre_semana
2024-12-04,Cabro con Pepitoria,Carnes,11,mesa,56000,Miércoles,entre_semana
2024-12-04,Cabro con Pepitoria,Carnes,9,domicilio,56000,Miércoles,entre_semana
2024-12-04,Costillas de Cerdo,Carnes,6,mesa,54000,Miércoles,entre_semana
2024-12-04,Costillas de Cerdo,Carnes,5,domicilio,54000,Miércoles,entre_semana
2024-12-04,Lomo de Cerdo,Carnes,3,mesa,54000,Miércoles,entre_semana
2024-12-04,Lomo de Cerdo,Carnes,4,domicilio,54000,Miércoles,entre_semana
2024-12-04,Sobrebarriga,Carnes,9,mesa,54000,Miércoles,entre_semana
2024-12-04,Sobrebarriga,Carnes,10,domicilio,54000,Miércoles,entre_semana
2024-12-04,Pechuga Asada,Carnes,2,mesa,52000,Miércoles,entre_semana
2024-12-04,Pechuga Asada,Carnes,4,domicilio,52000,Miércoles,entre_semana
2024-12-04,Mojarra 2en1,Pescados,4,mesa,50000,Miércoles,entre_semana
2024-12-04,Mojarra 2en1,Pescados,3,domicilio,50000,Miércoles,entre_semana
2024-12-04,Trucha 2en1,Pescados,1,mesa,50000,Miércoles,entre_semana
2024-12-04,Trucha 2en1,Pescados,1,domicilio,50000,Miércoles,entre_semana
2024-12-04,Tierra Aire Mar,Pescados,1,domicilio,90000,Miércoles,entre_semana
2024-12-04,Arroz con Pollo,Arroces,9,mesa,45000,Miércoles,entre_semana
2024-12-04,Arroz con Pollo,Arroces,8,domicilio,45000,Miércoles,entre_semana
2024-12-04,Almuerzo Ejecutivo,Corrientes,36,mesa,25000,Miércoles,entre_semana
2024-12-04,Almuerzo Ejecutivo,Corrientes,38,domicilio,25000,Miércoles,entre_semana
2024-12-05,Lengua en salsa,Sopas,1,mesa,60000,Jueves,entre_semana
2024-12-05,Lengua en salsa,Sopas,1,domicilio,60000,Jueves,entre_semana
2024-12-05,Sancocho de Gallina,Sopas,3,mesa,60000,Jueves,entre_semana
2024-12-05,Sancocho de Gallina,Sopas,3,domicilio,60000,Jueves,entre_semana
2024-12-05,Frijoles con Pezuña,Sopas,2,mesa,50000,Jueves,entre_semana
2024-12-05,Frijoles con Pezuña,Sopas,2,domicilio,50000,Jueves,entre_semana
2024-12-05,Pata,Sopas,1,mesa,27000,Jueves,entre_semana
2024-12-05,Pata,Sopas,1,domicilio,27000,Jueves,entre_semana
2024-12-05,Cola de Buey,Sopas,3,mesa,60000,Jueves,entre_semana
2024-12-05,Cola de Buey,Sopas,5,domicilio,60000,Jueves,entre_semana
2024-12-05,Cazuela de Mariscos,Sopas,1,mesa,53000,Jueves,entre_semana
2024-12-05,Cazuela de Mariscos,Sopas,1,domicilio,53000,Jueves,entre_semana
2024-12-05,Carne Asada (Chatas),Carnes,7,mesa,56000,Jueves,entre_semana
2024-12-05,Carne Asada (Chatas),Carnes,8,domicilio,56000,Jueves,entre_semana
2024-12-05,Carne Oreada,Carnes,3,mesa,56000,Jueves,entre_semana
2024-12-05,Carne Oreada,Carnes,3,domicilio,56000,Jueves,entre_semana
2024-12-05,Cabro con Pepitoria,Carnes,9,mesa,56000,Jueves,entre_semana
2024-12-05,Cabro con Pepitoria,Carnes,7,domicilio,56000,Jueves,entre_semana
2024-12-05,Costillas de Cerdo,Carnes,6,mesa,54000,Jueves,entre_semana
2024-12-05,Costillas de Cerdo,Carnes,6,domicilio,54000,Jueves,entre_semana
2024-12-05,Lomo de Cerdo,Carnes,3,mesa,54000,Jueves,entre_semana
2024-12-05,Lomo de Cerdo,Carnes,4,domicilio,54000,Jueves,entre_semana
2024-12-05,Sobrebarriga,Carnes,9,mesa,54000,Jueves,entre_semana
2024-12-05,Sobrebarriga,Carnes,8,domicilio,54000,Jueves,entre_semana
2024-12-05,Pechuga Asada,Carnes,2,mesa,52000,Jueves,entre_semana
2024-12-05,Pechuga Asada,Carnes,4,domicilio,52000,Jueves,entre_semana
2024-12-05,Mojarra 2en1,Pescados,4,mesa,50000,Jueves,entre_semana
2024-12-05,Mojarra 2en1,Pescados,5,domicilio,50000,Jueves,entre_semana
2024-12-05,Trucha 2en1,Pescados,1,mesa,50000,Jueves,entre_semana
2024-12-05,Trucha 2en1,Pescados,1,domicilio,50000,Jueves,entre_semana
2024-12-05,Tierra Aire Mar,Pescados,1,domicilio,90000,Jueves,entre_semana
2024-12-05,Arroz con Pollo,Arroces,8,mesa,45000,Jueves,entre_semana
2024-12-05,Arroz con Pollo,Arroces,7,domicilio,45000,Jueves,entre_semana
2024-12-05,Almuerzo Ejecutivo,Corrientes,37,mesa,25000,Jueves,entre_semana
2024-12-05,Almuerzo Ejecutivo,Corrientes,36,domicilio,25000,Jueves,entre_semana
2024-12-06,Lengua en salsa,Sopas,1,mesa,60000,Viernes,entre_semana
2024-12-06,Lengua en salsa,Sopas,1,domicilio,60000,Viernes,entre_semana
2024-12-06,Sancocho de Gallina,Sopas,4,mesa,60000,Viernes,entre_semana
2024-12-06,Sancocho de Gallina,Sopas,3,domicilio,60000,Viernes,entre_semana
2024-12-06,Frijoles con Pezuña,Sopas,3,mesa,50000,Viernes,entre_semana
2024-12-06,Frijoles con Pezuña,Sopas,2,domicilio,50000,Viernes,entre_semana
2024-12-06,Pata,Sopas,1,mesa,27000,Viernes,entre_semana
2024-12-06,Pata,Sopas,1,domicilio,27000,Viernes,entre_semana
2024-12-06,Cola de Buey,Sopas,3,mesa,60000,Viernes,entre_semana
2024-12-06,Cola de Buey,Sopas,4,domicilio,60000,Viernes,entre_semana
2024-12-06,Cazuela de Mariscos,Sopas,1,mesa,53000,Viernes,entre_semana
2024-12-06,Cazuela de Mariscos,Sopas,1,domicilio,53000,Viernes,entre_semana
2024-12-06,Carne Asada (Chatas),Carnes,10,mesa,56000,Viernes,entre_semana
2024-12-06,Carne Asada (Chatas),Carnes,10,domicilio,56000,Viernes,entre_semana
2024-12-06,Carne Oreada,Carnes,3,mesa,56000,Viernes,entre_semana
2024-12-06,Carne Oreada,Carnes,3,domicilio,56000,Viernes,entre_semana
2024-12-06,Cabro con Pepitoria,Carnes,8,mesa,56000,Viernes,entre_semana
2024-12-06,Cabro con Pepitoria,Carnes,9,domicilio,56000,Viernes,entre_semana
2024-12-06,Costillas de Cerdo,Carnes,4,mesa,54000,Viernes,entre_semana
2024-12-06,Costillas de Cerdo,Carnes,6,domicilio,54000,Viernes,entre_semana
2024-12-06,Lomo de Cerdo,Carnes,4,mesa,54000,Viernes,entre_semana
2024-12-06,Lomo de Cerdo,Carnes,4,domicilio,54000,Viernes,entre_semana
2024-12-06,Sobrebarriga,Carnes,9,mesa,54000,Viernes,entre_semana
2024-12-06,Sobrebarriga,Carnes,10,domicilio,54000,Viernes,entre_semana
2024-12-06,Pechuga Asada,Carnes,2,mesa,52000,Viernes,entre_semana
2024-12-06,Pechuga Asada,Carnes,3,domicilio,52000,Viernes,entre_semana
2024-12-06,Mojarra 2en1,Pescados,4,mesa,50000,Viernes,entre_semana
2024-12-06,Mojarra 2en1,Pescados,4,domicilio,50000,Viernes,entre_semana
2024-12-06,Trucha 2en1,Pescados,1,mesa,50000,Viernes,entre_semana
2024-12-06,Trucha 2en1,Pescados,1,domicilio,50000,Viernes,entre_semana
2024-12-06,Tierra Aire Mar,Pescados,1,domicilio,90000,Viernes,entre_semana
2024-12-06,Arroz con Pollo,Arroces,8,mesa,45000,Viernes,entre_semana
2024-12-06,Arroz con Pollo,Arroces,7,domicilio,45000,Viernes,entre_semana
2024-12-06,Almuerzo Ejecutivo,Corrientes,51,mesa,25000,Viernes,entre_semana
2024-12-06,Almuerzo Ejecutivo,Corrientes,48,domicilio,25000,Viernes,entre_semana
2024-12-07,Lengua en salsa,Sopas,2,mesa,60000,Sábado,sabado
2024-12-07,Lengua en salsa,Sopas,2,domicilio,60000,Sábado,sabado
2024-12-07,Mute,Sopas,16,mesa,30000,Sábado,sabado
2024-12-07,Mute,Sopas,13,domicilio,30000,Sábado,sabado
2024-12-07,Sancocho de Gallina,Sopas,12,mesa,60000,Sábado,sabado
2024-12-07,Sancocho de Gallina,Sopas,12,domicilio,60000,Sábado,sabado
2024-12-07,Frijoles con Pezuña,Sopas,3,mesa,50000,Sábado,sabado
2024-12-07,Frijoles con Pezuña,Sopas,4,domicilio,50000,Sábado,sabado
2024-12-07,Pata,Sopas,4,mesa,27000,Sábado,sabado
2024-12-07,Pata,Sopas,2,domicilio,27000,Sábado,sabado
2024-12-07,Cola de Buey,Sopas,4,mesa,60000,Sábado,sabado
2024-12-07,Cola de Buey,Sopas,9,domicilio,60000,Sábado,sabado
2024-12-07,Cazuela de Mariscos,Sopas,2,mesa,53000,Sábado,sabado
2024-12-07,Cazuela de Mariscos,Sopas,2,domicilio,53000,Sábado,sabado
2024-12-07,Carne Asada (Chatas),Carnes,15,mesa,56000,Sábado,sabado
2024-12-07,Carne Asada (Chatas),Carnes,15,domicilio,56000,Sábado,sabado
2024-12-07,Carne Oreada,Carnes,7,mesa,56000,Sábado,sabado
2024-12-07,Carne Oreada,Carnes,4,domicilio,56000,Sábado,sabado
2024-12-07,Cabro con Pepitoria,Carnes,13,mesa,56000,Sábado,sabado
2024-12-07,Cabro con Pepitoria,Carnes,15,domicilio,56000,Sábado,sabado
2024-12-07,Costillas de Cerdo,Carnes,9,mesa,54000,Sábado,sabado
2024-12-07,Costillas de Cerdo,Carnes,9,domicilio,54000,Sábado,sabado
2024-12-07,Lomo de Cerdo,Carnes,8,mesa,54000,Sábado,sabado
2024-12-07,Lomo de Cerdo,Carnes,6,domicilio,54000,Sábado,sabado
2024-12-07,Sobrebarriga,Carnes,14,mesa,54000,Sábado,sabado
2024-12-07,Sobrebarriga,Carnes,16,domicilio,54000,Sábado,sabado
2024-12-07,Pechuga Asada,Carnes,4,mesa,52000,Sábado,sabado
2024-12-07,Pechuga Asada,Carnes,6,domicilio,52000,Sábado,sabado
2024-12-07,Mojarra 2en1,Pescados,8,mesa,50000,Sábado,sabado
2024-12-07,Mojarra 2en1,Pescados,6,domicilio,50000,Sábado,sabado
2024-12-07,Trucha 2en1,Pescados,2,mesa,50000,Sábado,sabado
2024-12-07,Trucha 2en1,Pescados,2,domicilio,50000,Sábado,sabado
2024-12-07,Tierra Aire Mar,Pescados,1,mesa,90000,Sábado,sabado
2024-12-07,Tierra Aire Mar,Pescados,1,domicilio,90000,Sábado,sabado
2024-12-07,Arroz con Pollo,Arroces,15,mesa,45000,Sábado,sabado
2024-12-07,Arroz con Pollo,Arroces,11,domicilio,45000,Sábado,sabado
2024-12-07,Almuerzo Ejecutivo,Corrientes,44,domicilio,25000,Sábado,sabado
2024-12-08,Lengua en salsa,Sopas,2,mesa,60000,Domingo,festivo
2024-12-08,Lengua en salsa,Sopas,2,domicilio,60000,Domingo,festivo
2024-12-08,Mute,Sopas,22,mesa,30000,Domingo,festivo
2024-12-08,Mute,Sopas,17,domicilio,30000,Domingo,festivo
2024-12-08,Sancocho de Gallina,Sopas,16,mesa,60000,Domingo,festivo
2024-12-08,Sancocho de Gallina,Sopas,11,domicilio,60000,Domingo,festivo
2024-12-08,Pata,Sopas,5,mesa,27000,Domingo,festivo
2024-12-08,Pata,Sopas,3,domicilio,27000,Domingo,festivo
2024-12-08,Cola de Buey,Sopas,6,mesa,60000,Domingo,festivo
2024-12-08,Cola de Buey,Sopas,10,domicilio,60000,Domingo,festivo
2024-12-08,Cazuela de Mariscos,Sopas,4,mesa,53000,Domingo,festivo
2024-12-08,Cazuela de Mariscos,Sopas,2,domicilio,53000,Domingo,festivo
2024-12-08,Carne Asada (Chatas),Carnes,14,mesa,56000,Domingo,festivo
2024-12-08,Carne Asada (Chatas),Carnes,19,domicilio,56000,Domingo,festivo
2024-12-08,Carne Oreada,Carnes,6,mesa,56000,Domingo,festivo
2024-12-08,Carne Oreada,Carnes,6,domicilio,56000,Domingo,festivo
2024-12-08,Cabro con Pepitoria,Carnes,23,mesa,56000,Domingo,festivo
2024-12-08,Cabro con Pepitoria,Carnes,19,domicilio,56000,Domingo,festivo
2024-12-08,Costillas de Cerdo,Carnes,12,mesa,54000,Domingo,festivo
2024-12-08,Costillas de Cerdo,Carnes,15,domicilio,54000,Domingo,festivo
2024-12-08,Lomo de Cerdo,Carnes,7,mesa,54000,Domingo,festivo
2024-12-08,Lomo de Cerdo,Carnes,8,domicilio,54000,Domingo,festivo
2024-12-08,Sobrebarriga,Carnes,20,mesa,54000,Domingo,festivo
2024-12-08,Sobrebarriga,Carnes,14,domicilio,54000,Domingo,festivo
2024-12-08,Pechuga Asada,Carnes,5,mesa,52000,Domingo,festivo
2024-12-08,Pechuga Asada,Carnes,6,domicilio,52000,Domingo,festivo
2024-12-08,Mojarra 2en1,Pescados,8,mesa,50000,Domingo,festivo
2024-12-08,Mojarra 2en1,Pescados,9,domicilio,50000,Domingo,festivo
2024-12-08,Trucha 2en1,Pescados,4,mesa,50000,Domingo,festivo
2024-12-08,Trucha 2en1,Pescados,3,domicilio,50000,Domingo,festivo
2024-12-08,Tierra Aire Mar,Pescados,1,mesa,90000,Domingo,festivo
2024-12-08,Tierra Aire Mar,Pescados,1,domicilio,90000,Domingo,festivo
2024-12-08,Arroz con Pollo,Arroces,16,mesa,45000,Domingo,festivo
2024-12-08,Arroz con Pollo,Arroces,16,domicilio,45000,Domingo,festivo
2024-12-10,Lengua en salsa,Sopas,1,mesa,60000,Martes,entre_semana
2024-12-10,Lengua en salsa,Sopas,1,domicilio,60000,Martes,entre_semana
2024-12-10,Sancocho de Gallina,Sopas,3,mesa,60000,Martes,entre_semana
2024-12-10,Sancocho de Gallina,Sopas,3,domicilio,60000,Martes,entre_semana
2024-12-10,Frijoles con Pezuña,Sopas,3,mesa,50000,Martes,entre_semana
2024-12-10,Frijoles con Pezuña,Sopas,2,domicilio,50000,Martes,entre_semana
2024-12-10,Pata,Sopas,1,mesa,27000,Martes,entre_semana
2024-12-10,Pata,Sopas,1,domicilio,27000,Martes,entre_semana
2024-12-10,Cola de Buey,Sopas,3,mesa,60000,Martes,entre_semana
2024-12-10,Cola de Buey,Sopas,3,domicilio,60000,Martes,entre_semana
2024-12-10,Cazuela de Mariscos,Sopas,1,mesa,53000,Martes,entre_semana
2024-12-10,Cazuela de Mariscos,Sopas,1,domicilio,53000,Martes,entre_semana
2024-12-10,Carne Asada (Chatas),Carnes,10,mesa,56000,Martes,entre_semana
2024-12-10,Carne Asada (Chatas),Carnes,10,domicilio,56000,Martes,entre_semana
2024-12-10,Carne Oreada,Carnes,3,mesa,56000,Martes,entre_semana
2024-12-10,Carne Oreada,Carnes,3,domicilio,56000,Martes,entre_semana
2024-12-10,Cabro con Pepitoria,Carnes,7,mesa,56000,Martes,entre_semana
2024-12-10,Cabro con Pepitoria,Carnes,9,domicilio,56000,Martes,entre_semana
2024-12-10,Costillas de Cerdo,Carnes,6,mesa,54000,Martes,entre_semana
2024-12-10,Costillas de Cerdo,Carnes,7,domicilio,54000,Martes,entre_semana
2024-12-10,Lomo de Cerdo,Carnes,5,mesa,54000,Martes,entre_semana
2024-12-10,Lomo de Cerdo,Carnes,4,domicilio,54000,Martes,entre_semana
2024-12-10,Sobrebarriga,Carnes,9,mesa,54000,Martes,entre_semana
2024-12-10,Sobrebarriga,Carnes,11,domicilio,54000,Martes,entre_semana
2024-12-10,Pechuga Asada,Carnes,2,mesa,52000,Martes,entre_semana
2024-12-10,Pechuga Asada,Carnes,4,domicilio,52000,Martes,entre_semana
2024-12-10,Mojarra 2en1,Pescados,4,mesa,50000,Martes,entre_semana
2024-12-10,Mojarra 2en1,Pescados,4,domicilio,50000,Martes,entre_semana
2024-12-10,Trucha 2en1,Pescados,1,mesa,50000,Martes,entre_semana
2024-12-10,Trucha 2en1,Pescados,1,domicilio,50000,Martes,entre_semana
2024-12-10,Tierra Aire Mar,Pescados,1,domicilio,90000,Martes,entre_semana
2024-12-10,Arroz con Pollo,Arroces,7,mesa,45000,Martes,entre_semana
2024-12-10,Arroz con Pollo,Arroces,7,domicilio,45000,Martes,entre_semana
2024-12-10,Almuerzo Ejecutivo,Corrientes,36,mesa,25000,Martes,entre_semana
2024-12-10,Almuerzo Ejecutivo,Corrientes,45,domicilio,25000,Martes,entre_semana
2024-12-11,Lengua en salsa,Sopas,1,mesa,60000,Miércoles,entre_semana
2024-12-11,Lengua en salsa,Sopas,1,domicilio,60000,Miércoles,entre_semana
2024-12-11,Sancocho de Gallina,Sopas,4,mesa,60000,Miércoles,entre_semana
2024-12-11,Sancocho de Gallina,Sopas,4,domicilio,60000,Miércoles,entre_semana
2024-12-11,Frijoles con Pezuña,Sopas,4,mesa,50000,Miércoles,entre_semana
2024-12-11,Frijoles con Pezuña,Sopas,2,domicilio,50000,Miércoles,entre_semana
2024-12-11,Pata,Sopas,1,mesa,27000,Miércoles,entre_semana
2024-12-11,Pata,Sopas,1,domicilio,27000,Miércoles,entre_semana
2024-12-11,Cola de Buey,Sopas,3,mesa,60000,Miércoles,entre_semana
2024-12-11,Cola de Buey,Sopas,4,domicilio,60000,Miércoles,entre_semana
2024-12-11,Cazuela de Mariscos,Sopas,1,mesa,53000,Miércoles,entre_semana
2024-12-11,Cazuela de Mariscos,Sopas,1,domicilio,53000,Miércoles,entre_semana
2024-12-11,Carne Asada (Chatas),Carnes,9,mesa,56000,Miércoles,entre_semana
2024-12-11,Carne Asada (Chatas),Carnes,9,domicilio,56000,Miércoles,entre_semana
2024-12-11,Carne Oreada,Carnes,3,mesa,56000,Miércoles,entre_semana
2024-12-11,Carne Oreada,Carnes,3,domicilio,56000,Miércoles,entre_semana
2024-12-11,Cabro con Pepitoria,Carnes,8,mesa,56000,Miércoles,entre_semana
2024-12-11,Cabro con Pepitoria,Carnes,10,domicilio,56000,Miércoles,entre_semana
2024-12-11,Costillas de Cerdo,Carnes,5,mesa,54000,Miércoles,entre_semana
2024-12-11,Costillas de Cerdo,Carnes,6,domicilio,54000,Miércoles,entre_semana
2024-12-11,Lomo de Cerdo,Carnes,4,mesa,54000,Miércoles,entre_semana
2024-12-11,Lomo de Cerdo,Carnes,4,domicilio,54000,Miércoles,entre_semana
2024-12-11,Sobrebarriga,Carnes,11,mesa,54000,Miércoles,entre_semana
2024-12-11,Sobrebarriga,Carnes,11,domicilio,54000,Miércoles,entre_semana
2024-12-11,Pechuga Asada,Carnes,2,mesa,52000,Miércoles,entre_semana
2024-12-11,Pechuga Asada,Carnes,4,domicilio,52000,Miércoles,entre_semana
2024-12-11,Mojarra 2en1,Pescados,4,mesa,50000,Miércoles,entre_semana
2024-12-11,Mojarra 2en1,Pescados,3,domicilio,50000,Miércoles,entre_semana
2024-12-11,Trucha 2en1,Pescados,1,mesa,50000,Miércoles,entre_semana
2024-12-11,Trucha 2en1,Pescados,1,domicilio,50000,Miércoles,entre_semana
2024-12-11,Tierra Aire Mar,Pescados,1,domicilio,90000,Miércoles,entre_semana
2024-12-11,Arroz con Pollo,Arroces,8,mesa,45000,Miércoles,entre_semana
2024-12-11,Arroz con Pollo,Arroces,7,domicilio,45000,Miércoles,entre_semana
2024-12-11,Almuerzo Ejecutivo,Corrientes,44,mesa,25000,Miércoles,entre_semana
2024-12-11,Almuerzo Ejecutivo,Corrientes,48,domicilio,25000,Miércoles,entre_semana
2024-12-12,Lengua en salsa,Sopas,1,mesa,60000,Jueves,entre_semana
2024-12-12,Lengua en salsa,Sopas,1,domicilio,60000,Jueves,entre_semana
2024-12-12,Sancocho de Gallina,Sopas,4,mesa,60000,Jueves,entre_semana
2024-12-12,Sancocho de Gallina,Sopas,3,domicilio,60000,Jueves,entre_semana
2024-12-12,Frijoles con Pezuña,Sopas,2,mesa,50000,Jueves,entre_semana
2024-12-12,Frijoles con Pezuña,Sopas,2,domicilio,50000,Jueves,entre_semana
2024-12-12,Pata,Sopas,1,mesa,27000,Jueves,entre_semana
2024-12-12,Pata,Sopas,1,domicilio,27000,Jueves,entre_semana
2024-12-12,Cola de Buey,Sopas,3,mesa,60000,Jueves,entre_semana
2024-12-12,Cola de Buey,Sopas,4,domicilio,60000,Jueves,entre_semana
2024-12-12,Cazuela de Mariscos,Sopas,1,mesa,53000,Jueves,entre_semana
2024-12-12,Cazuela de Mariscos,Sopas,1,domicilio,53000,Jueves,entre_semana
2024-12-12,Carne Asada (Chatas),Carnes,8,mesa,56000,Jueves,entre_semana
2024-12-12,Carne Asada (Chatas),Carnes,9,domicilio,56000,Jueves,entre_semana
2024-12-12,Carne Oreada,Carnes,3,mesa,56000,Jueves,entre_semana
2024-12-12,Carne Oreada,Carnes,3,domicilio,56000,Jueves,entre_semana
2024-12-12,Cabro con Pepitoria,Carnes,8,mesa,56000,Jueves,entre_semana
2024-12-12,Cabro con Pepitoria,Carnes,11,domicilio,56000,Jueves,entre_semana
2024-12-12,Costillas de Cerdo,Carnes,5,mesa,54000,Jueves,entre_semana
2024-12-12,Costillas de Cerdo,Carnes,6,domicilio,54000,Jueves,entre_semana
2024-12-12,Lomo de Cerdo,Carnes,4,mesa,54000,Jueves,entre_semana
2024-12-12,Lomo de Cerdo,Carnes,4,domicilio,54000,Jueves,entre_semana
2024-12-12,Sobrebarriga,Carnes,12,mesa,54000,Jueves,entre_semana
2024-12-12,Sobrebarriga,Carnes,11,domicilio,54000,Jueves,entre_semana
2024-12-12,Pechuga Asada,Carnes,2,mesa,52000,Jueves,entre_semana
2024-12-12,Pechuga Asada,Carnes,4,domicilio,52000,Jueves,entre_semana
2024-12-12,Mojarra 2en1,Pescados,4,mesa,50000,Jueves,entre_semana
2024-12-12,Mojarra 2en1,Pescados,4,domicilio,50000,Jueves,entre_semana
2024-12-12,Trucha 2en1,Pescados,1,mesa,50000,Jueves,entre_semana
2024-12-12,Trucha 2en1,Pescados,1,domicilio,50000,Jueves,entre_semana
2024-12-12,Tierra Aire Mar,Pescados,1,domicilio,90000,Jueves,entre_semana
2024-12-12,Arroz con Pollo,Arroces,7,mesa,45000,Jueves,entre_semana
2024-12-12,Arroz con Pollo,Arroces,10,domicilio,45000,Jueves,entre_semana
2024-12-12,Almuerzo Ejecutivo,Corrientes,51,mesa,25000,Jueves,entre_semana
2024-12-12,Almuerzo Ejecutivo,Corrientes,36,domicilio,25000,Jueves,entre_semana
2024-12-13,Lengua en salsa,Sopas,1,mesa,60000,Viernes,entre_semana
2024-12-13,Lengua en salsa,Sopas,1,domicilio,60000,Viernes,entre_semana
2024-12-13,Sancocho de Gallina,Sopas,3,mesa,60000,Viernes,entre_semana
2024-12-13,Sancocho de Gallina,Sopas,3,domicilio,60000,Viernes,entre_semana
2024-12-13,Frijoles con Pezuña,Sopas,3,mesa,50000,Viernes,entre_semana
2024-12-13,Frijoles con Pezuña,Sopas,2,domicilio,50000,Viernes,entre_semana
2024-12-13,Pata,Sopas,1,mesa,27000,Viernes,entre_semana
2024-12-13,Pata,Sopas,1,domicilio,27000,Viernes,entre_semana
2024-12-13,Cola de Buey,Sopas,3,mesa,60000,Viernes,entre_semana
2024-12-13,Cola de Buey,Sopas,3,domicilio,60000,Viernes,entre_semana
2024-12-13,Cazuela de Mariscos,Sopas,1,mesa,53000,Viernes,entre_semana
2024-12-13,Cazuela de Mariscos,Sopas,1,domicilio,53000,Viernes,entre_semana
2024-12-13,Carne Asada (Chatas),Carnes,10,mesa,56000,Viernes,entre_semana
2024-12-13,Carne Asada (Chatas),Carnes,8,domicilio,56000,Viernes,entre_semana
2024-12-13,Carne Oreada,Carnes,2,mesa,56000,Viernes,entre_semana
2024-12-13,Carne Oreada,Carnes,3,domicilio,56000,Viernes,entre_semana
2024-12-13,Cabro con Pepitoria,Carnes,10,mesa,56000,Viernes,entre_semana
2024-12-13,Cabro con Pepitoria,Carnes,8,domicilio,56000,Viernes,entre_semana
2024-12-13,Costillas de Cerdo,Carnes,6,mesa,54000,Viernes,entre_semana
2024-12-13,Costillas de Cerdo,Carnes,6,domicilio,54000,Viernes,entre_semana
2024-12-13,Lomo de Cerdo,Carnes,4,mesa,54000,Viernes,entre_semana
2024-12-13,Lomo de Cerdo,Carnes,4,domicilio,54000,Viernes,entre_semana
2024-12-13,Sobrebarriga,Carnes,11,mesa,54000,Viernes,entre_semana
2024-12-13,Sobrebarriga,Carnes,9,domicilio,54000,Viernes,entre_semana
2024-12-13,Pechuga Asada,Carnes,2,mesa,52000,Viernes,entre_semana
2024-12-13,Pechuga Asada,Carnes,4,domicilio,52000,Viernes,entre_semana
2024-12-13,Mojarra 2en1,Pescados,4,mesa,50000,Viernes,entre_semana
2024-12-13,Mojarra 2en1,Pescados,4,domicilio,50000,Viernes,entre_semana
2024-12-13,Trucha 2en1,Pescados,1,mesa,50000,Viernes,entre_semana
2024-12-13,Trucha 2en1,Pescados,1,domicilio,50000,Viernes,entre_semana
2024-12-13,Tierra Aire Mar,Pescados,1,domicilio,90000,Viernes,entre_semana
2024-12-13,Arroz con Pollo,Arroces,7,mesa,45000,Viernes,entre_semana
2024-12-13,Arroz con Pollo,Arroces,9,domicilio,45000,Viernes,entre_semana
2024-12-13,Almuerzo Ejecutivo,Corrientes,36,mesa,25000,Viernes,entre_semana
2024-12-13,Almuerzo Ejecutivo,Corrientes,46,domicilio,25000,Viernes,entre_semana
2024-12-14,Lengua en salsa,Sopas,2,mesa,60000,Sábado,sabado
2024-12-14,Lengua en salsa,Sopas,2,domicilio,60000,Sábado,sabado
2024-12-14,Mute,Sopas,18,mesa,30000,Sábado,sabado
2024-12-14,Mute,Sopas,11,domicilio,30000,Sábado,sabado
2024-12-14,Sancocho de Gallina,Sopas,12,mesa,60000,Sábado,sabado
2024-12-14,Sancocho de Gallina,Sopas,12,domicilio,60000,Sábado,sabado
2024-12-14,Frijoles con Pezuña,Sopas,4,mesa,50000,Sábado,sabado
2024-12-14,Frijoles con Pezuña,Sopas,5,domicilio,50000,Sábado,sabado
2024-12-14,Pata,Sopas,3,mesa,27000,Sábado,sabado
2024-12-14,Pata,Sopas,2,domicilio,27000,Sábado,sabado
2024-12-14,Cola de Buey,Sopas,5,mesa,60000,Sábado,sabado
2024-12-14,Cola de Buey,Sopas,8,domicilio,60000,Sábado,sabado
2024-12-14,Cazuela de Mariscos,Sopas,2,mesa,53000,Sábado,sabado
2024-12-14,Cazuela de Mariscos,Sopas,2,domicilio,53000,Sábado,sabado
2024-12-14,Carne Asada (Chatas),Carnes,16,mesa,56000,Sábado,sabado
2024-12-14,Carne Asada (Chatas),Carnes,16,domicilio,56000,Sábado,sabado
2024-12-14,Carne Oreada,Carnes,6,mesa,56000,Sábado,sabado
2024-12-14,Carne Oreada,Carnes,4,domicilio,56000,Sábado,sabado
2024-12-14,Cabro con Pepitoria,Carnes,12,mesa,56000,Sábado,sabado
2024-12-14,Cabro con Pepitoria,Carnes,13,domicilio,56000,Sábado,sabado
2024-12-14,Costillas de Cerdo,Carnes,7,mesa,54000,Sábado,sabado
2024-12-14,Costillas de Cerdo,Carnes,8,domicilio,54000,Sábado,sabado
2024-12-14,Lomo de Cerdo,Carnes,7,mesa,54000,Sábado,sabado
2024-12-14,Lomo de Cerdo,Carnes,6,domicilio,54000,Sábado,sabado
2024-12-14,Sobrebarriga,Carnes,16,mesa,54000,Sábado,sabado
2024-12-14,Sobrebarriga,Carnes,17,domicilio,54000,Sábado,sabado
2024-12-14,Pechuga Asada,Carnes,3,mesa,52000,Sábado,sabado
2024-12-14,Pechuga Asada,Carnes,6,domicilio,52000,Sábado,sabado
2024-12-14,Mojarra 2en1,Pescados,9,mesa,50000,Sábado,sabado
2024-12-14,Mojarra 2en1,Pescados,6,domicilio,50000,Sábado,sabado
2024-12-14,Trucha 2en1,Pescados,2,mesa,50000,Sábado,sabado
2024-12-14,Trucha 2en1,Pescados,2,domicilio,50000,Sábado,sabado
2024-12-14,Tierra Aire Mar,Pescados,1,mesa,90000,Sábado,sabado
2024-12-14,Tierra Aire Mar,Pescados,1,domicilio,90000,Sábado,sabado
2024-12-14,Arroz con Pollo,Arroces,14,mesa,45000,Sábado,sabado
2024-12-14,Arroz con Pollo,Arroces,12,domicilio,45000,Sábado,sabado
2024-12-14,Almuerzo Ejecutivo,Corrientes,35,domicilio,25000,Sábado,sabado
2024-12-15,Lengua en salsa,Sopas,5,mesa,60000,Domingo,domingo
2024-12-15,Lengua en salsa,Sopas,4,domicilio,60000,Domingo,domingo
2024-12-15,Mute,Sopas,45,mesa,30000,Domingo,domingo
2024-12-15,Mute,Sopas,24,domicilio,30000,Domingo,domingo
2024-12-15,Sancocho de Gallina,Sopas,24,mesa,60000,Domingo,domingo
2024-12-15,Sancocho de Gallina,Sopas,16,domicilio,60000,Domingo,domingo
2024-12-15,Pata,Sopas,7,mesa,27000,Domingo,domingo
2024-12-15,Pata,Sopas,4,domicilio,27000,Domingo,domingo
2024-12-15,Cola de Buey,Sopas,10,mesa,60000,Domingo,domingo
2024-12-15,Cola de Buey,Sopas,16,domicilio,60000,Domingo,domingo
2024-12-15,Cazuela de Mariscos,Sopas,4,mesa,53000,Domingo,domingo
2024-12-15,Cazuela de Mariscos,Sopas,3,domicilio,53000,Domingo,domingo
2024-12-15,Carne Asada (Chatas),Carnes,23,mesa,56000,Domingo,domingo
2024-12-15,Carne Asada (Chatas),Carnes,26,domicilio,56000,Domingo,domingo
2024-12-15,Carne Oreada,Carnes,13,mesa,56000,Domingo,domingo
2024-12-15,Carne Oreada,Carnes,11,domicilio,56000,Domingo,domingo
2024-12-15,Cabro con Pepitoria,Carnes,33,mesa,56000,Domingo,domingo
2024-12-15,Cabro con Pepitoria,Carnes,31,domicilio,56000,Domingo,domingo
2024-12-15,Costillas de Cerdo,Carnes,17,mesa,54000,Domingo,domingo
2024-12-15,Costillas de Cerdo,Carnes,22,domicilio,54000,Domingo,domingo
2024-12-15,Lomo de Cerdo,Carnes,12,mesa,54000,Domingo,domingo
2024-12-15,Lomo de Cerdo,Carnes,11,domicilio,54000,Domingo,domingo
2024-12-15,Sobrebarriga,Carnes,26,mesa,54000,Domingo,domingo
2024-12-15,Sobrebarriga,Carnes,30,domicilio,54000,Domingo,domingo
2024-12-15,Pechuga Asada,Carnes,8,mesa,52000,Domingo,domingo
2024-12-15,Pechuga Asada,Carnes,14,domicilio,52000,Domingo,domingo
2024-12-15,Mojarra 2en1,Pescados,15,mesa,50000,Domingo,domingo
2024-12-15,Mojarra 2en1,Pescados,13,domicilio,50000,Domingo,domingo
2024-12-15,Trucha 2en1,Pescados,4,mesa,50000,Domingo,domingo
2024-12-15,Trucha 2en1,Pescados,4,domicilio,50000,Domingo,domingo
2024-12-15,Tierra Aire Mar,Pescados,2,mesa,90000,Domingo,domingo
2024-12-15,Tierra Aire Mar,Pescados,2,domicilio,90000,Domingo,domingo
2024-12-15,Arroz con Pollo,Arroces,29,mesa,45000,Domingo,domingo
2024-12-15,Arroz con Pollo,Arroces,22,domicilio,45000,Domingo,domingo
2024-12-17,Lengua en salsa,Sopas,1,mesa,60000,Martes,entre_semana
2024-12-17,Lengua en salsa,Sopas,1,domicilio,60000,Martes,entre_semana
2024-12-17,Sancocho de Gallina,Sopas,3,mesa,60000,Martes,entre_semana
2024-12-17,Sancocho de Gallina,Sopas,3,domicilio,60000,Martes,entre_semana
2024-12-17,Frijoles con Pezuña,Sopas,3,mesa,50000,Martes,entre_semana
2024-12-17,Frijoles con Pezuña,Sopas,2,domicilio,50000,Martes,entre_semana
2024-12-17,Pata,Sopas,1,mesa,27000,Martes,entre_semana
2024-12-17,Pata,Sopas,1,domicilio,27000,Martes,entre_semana
2024-12-17,Cola de Buey,Sopas,3,mesa,60000,Martes,entre_semana
2024-12-17,Cola de Buey,Sopas,4,domicilio,60000,Martes,entre_semana
2024-12-17,Cazuela de Mariscos,Sopas,1,mesa,53000,Martes,entre_semana
2024-12-17,Cazuela de Mariscos,Sopas,1,domicilio,53000,Martes,entre_semana
2024-12-17,Carne Asada (Chatas),Carnes,10,mesa,56000,Martes,entre_semana
2024-12-17,Carne Asada (Chatas),Carnes,10,domicilio,56000,Martes,entre_semana
2024-12-17,Carne Oreada,Carnes,3,mesa,56000,Martes,entre_semana
2024-12-17,Carne Oreada,Carnes,3,domicilio,56000,Martes,entre_semana
2024-12-17,Cabro con Pepitoria,Carnes,9,mesa,56000,Martes,entre_semana
2024-12-17,Cabro con Pepitoria,Carnes,10,domicilio,56000,Martes,entre_semana
2024-12-17,Costillas de Cerdo,Carnes,4,mesa,54000,Martes,entre_semana
2024-12-17,Costillas de Cerdo,Carnes,5,domicilio,54000,Martes,entre_semana
2024-12-17,Lomo de Cerdo,Carnes,4,mesa,54000,Martes,entre_semana
2024-12-17,Lomo de Cerdo,Carnes,4,domicilio,54000,Martes,entre_semana
2024-12-17,Sobrebarriga,Carnes,8,mesa,54000,Martes,entre_semana
2024-12-17,Sobrebarriga,Carnes,11,domicilio,54000,Martes,entre_semana
2024-12-17,Pechuga Asada,Carnes,2,mesa,52000,Martes,entre_semana
2024-12-17,Pechuga Asada,Carnes,5,domicilio,52000,Martes,entre_semana
2024-12-17,Mojarra 2en1,Pescados,4,mesa,50000,Martes,entre_semana
2024-12-17,Mojarra 2en1,Pescados,4,domicilio,50000,Martes,entre_semana
2024-12-17,Trucha 2en1,Pescados,1,mesa,50000,Martes,entre_semana
2024-12-17,Trucha 2en1,Pescados,1,domicilio,50000,Martes,entre_semana
2024-12-17,Tierra Aire Mar,Pescados,1,domicilio,90000,Martes,entre_semana
2024-12-17,Arroz con Pollo,Arroces,8,mesa,45000,Martes,entre_semana
2024-12-17,Arroz con Pollo,Arroces,8,domicilio,45000,Martes,entre_semana
2024-12-17,Almuerzo Ejecutivo,Corrientes,46,mesa,25000,Martes,entre_semana
2024-12-17,Almuerzo Ejecutivo,Corrientes,51,domicilio,25000,Martes,entre_semana
2024-12-18,Lengua en salsa,Sopas,1,mesa,60000,Miércoles,entre_semana
2024-12-18,Lengua en salsa,Sopas,1,domicilio,60000,Miércoles,entre_semana
2024-12-18,Sancocho de Gallina,Sopas,3,mesa,60000,Miércoles,entre_semana
2024-12-18,Sancocho de Gallina,Sopas,3,domicilio,60000,Miércoles,entre_semana
2024-12-18,Frijoles con Pezuña,Sopas,3,mesa,50000,Miércoles,entre_semana
2024-12-18,Frijoles con Pezuña,Sopas,2,domicilio,50000,Miércoles,entre_semana
2024-12-18,Pata,Sopas,1,mesa,27000,Miércoles,entre_semana
2024-12-18,Pata,Sopas,1,domicilio,27000,Miércoles,entre_semana
2024-12-18,Cola de Buey,Sopas,3,mesa,60000,Miércoles,entre_semana
2024-12-18,Cola de Buey,Sopas,4,domicilio,60000,Miércoles,entre_semana
2024-12-18,Cazuela de Mariscos,Sopas,1,mesa,53000,Miércoles,entre_semana
2024-12-18,Cazuela de Mariscos,Sopas,1,domicilio,53000,Miércoles,entre_semana
2024-12-18,Carne Asada (Chatas),Carnes,9,mesa,56000,Miércoles,entre_semana
2024-12-18,Carne Asada (Chatas),Carnes,7,domicilio,56000,Miércoles,entre_semana
2024-12-18,Carne Oreada,Carnes,2,mesa,56000,Miércoles,entre_semana
2024-12-18,Carne Oreada,Carnes,3,domicilio,56000,Miércoles,entre_semana
2024-12-18,Cabro con Pepitoria,Carnes,10,mesa,56000,Miércoles,entre_semana
2024-12-18,Cabro con Pepitoria,Carnes,11,domicilio,56000,Miércoles,entre_semana
2024-12-18,Costillas de Cerdo,Carnes,5,mesa,54000,Miércoles,entre_semana
2024-12-18,Costillas de Cerdo,Carnes,6,domicilio,54000,Miércoles,entre_semana
2024-12-18,Lomo de Cerdo,Carnes,4,mesa,54000,Miércoles,entre_semana
2024-12-18,Lomo de Cerdo,Carnes,4,domicilio,54000,Miércoles,entre_semana
2024-12-18,Sobrebarriga,Carnes,10,mesa,54000,Miércoles,entre_semana
2024-12-18,Sobrebarriga,Carnes,10,domicilio,54000,Miércoles,entre_semana
2024-12-18,Pechuga Asada,Carnes,2,mesa,52000,Miércoles,entre_semana
2024-12-18,Pechuga Asada,Carnes,4,domicilio,52000,Miércoles,entre_semana
2024-12-18,Mojarra 2en1,Pescados,4,mesa,50000,Miércoles,entre_semana
2024-12-18,Mojarra 2en1,Pescados,4,domicilio,50000,Miércoles,entre_semana
2024-12-18,Trucha 2en1,Pescados,1,mesa,50000,Miércoles,entre_semana
2024-12-18,Trucha 2en1,Pescados,1,domicilio,50000,Miércoles,entre_semana
2024-12-18,Tierra Aire Mar,Pescados,1,domicilio,90000,Miércoles,entre_semana
2024-12-18,Arroz con Pollo,Arroces,8,mesa,45000,Miércoles,entre_semana
2024-12-18,Arroz con Pollo,Arroces,8,domicilio,45000,Miércoles,entre_semana
2024-12-18,Almuerzo Ejecutivo,Corrientes,39,mesa,25000,Miércoles,entre_semana
2024-12-18,Almuerzo Ejecutivo,Corrientes,48,domicilio,25000,Miércoles,entre_semana
2024-12-19,Lengua en salsa,Sopas,1,mesa,60000,Jueves,entre_semana
2024-12-19,Lengua en salsa,Sopas,1,domicilio,60000,Jueves,entre_semana
2024-12-19,Sancocho de Gallina,Sopas,3,mesa,60000,Jueves,entre_semana
2024-12-19,Sancocho de Gallina,Sopas,3,domicilio,60000,Jueves,entre_semana
2024-12-19,Frijoles con Pezuña,Sopas,4,mesa,50000,Jueves,entre_semana
2024-12-19,Frijoles con Pezuña,Sopas,2,domicilio,50000,Jueves,entre_semana
2024-12-19,Pata,Sopas,1,mesa,27000,Jueves,entre_semana
2024-12-19,Pata,Sopas,1,domicilio,27000,Jueves,entre_semana
2024-12-19,Cola de Buey,Sopas,3,mesa,60000,Jueves,entre_semana
2024-12-19,Cola de Buey,Sopas,5,domicilio,60000,Jueves,entre_semana
2024-12-19,Cazuela de Mariscos,Sopas,1,mesa,53000,Jueves,entre_semana
2024-12-19,Cazuela de Mariscos,Sopas,1,domicilio,53000,Jueves,entre_semana
2024-12-19,Carne Asada (Chatas),Carnes,9,mesa,56000,Jueves,entre_semana
2024-12-19,Carne Asada (Chatas),Carnes,11,domicilio,56000,Jueves,entre_semana
2024-12-19,Carne Oreada,Carnes,3,mesa,56000,Jueves,entre_semana
2024-12-19,Carne Oreada,Carnes,3,domicilio,56000,Jueves,entre_semana
2024-12-19,Cabro con Pepitoria,Carnes,8,mesa,56000,Jueves,entre_semana
2024-12-19,Cabro con Pepitoria,Carnes,10,domicilio,56000,Jueves,entre_semana
2024-12-19,Costillas de Cerdo,Carnes,6,mesa,54000,Jueves,entre_semana
2024-12-19,Costillas de Cerdo,Carnes,6,domicilio,54000,Jueves,entre_semana
2024-12-19,Lomo de Cerdo,Carnes,3,mesa,54000,Jueves,entre_semana
2024-12-19,Lomo de Cerdo,Carnes,5,domicilio,54000,Jueves,entre_semana
2024-12-19,Sobrebarriga,Carnes,9,mesa,54000,Jueves,entre_semana
2024-12-19,Sobrebarriga,Carnes,10,domicilio,54000,Jueves,entre_semana
2024-12-19,Pechuga Asada,Carnes,2,mesa,52000,Jueves,entre_semana
2024-12-19,Pechuga Asada,Carnes,5,domicilio,52000,Jueves,entre_semana
2024-12-19,Mojarra 2en1,Pescados,4,mesa,50000,Jueves,entre_semana
2024-12-19,Mojarra 2en1,Pescados,5,domicilio,50000,Jueves,entre_semana
2024-12-19,Trucha 2en1,Pescados,1,mesa,50000,Jueves,entre_semana
2024-12-19,Trucha 2en1,Pescados,1,domicilio,50000,Jueves,entre_semana
2024-12-19,Tierra Aire Mar,Pescados,1,domicilio,90000,Jueves,entre_semana
2024-12-19,Arroz con Pollo,Arroces,10,mesa,45000,Jueves,entre_semana
2024-12-19,Arroz con Pollo,Arroces,9,domicilio,45000,Jueves,entre_semana
2024-12-19,Almuerzo Ejecutivo,Corrientes,43,mesa,25000,Jueves,entre_semana
2024-12-19,Almuerzo Ejecutivo,Corrientes,46,domicilio,25000,Jueves,entre_semana
2024-12-20,Lengua en salsa,Sopas,1,mesa,60000,Viernes,entre_semana
2024-12-20,Lengua en salsa,Sopas,1,domicilio,60000,Viernes,entre_semana
2024-12-20,Sancocho de Gallina,Sopas,3,mesa,60000,Viernes,entre_semana
2024-12-20,Sancocho de Gallina,Sopas,3,domicilio,60000,Viernes,entre_semana
2024-12-20,Frijoles con Pezuña,Sopas,3,mesa,50000,Viernes,entre_semana
2024-12-20,Frijoles con Pezuña,Sopas,2,domicilio,50000,Viernes,entre_semana
2024-12-20,Pata,Sopas,1,mesa,27000,Viernes,entre_semana
2024-12-20,Pata,Sopas,1,domicilio,27000,Viernes,entre_semana
2024-12-20,Cola de Buey,Sopas,3,mesa,60000,Viernes,entre_semana
2024-12-20,Cola de Buey,Sopas,5,domicilio,60000,Viernes,entre_semana
2024-12-20,Cazuela de Mariscos,Sopas,1,mesa,53000,Viernes,entre_semana
2024-12-20,Cazuela de Mariscos,Sopas,1,domicilio,53000,Viernes,entre_semana
2024-12-20,Carne Asada (Chatas),Carnes,8,mesa,56000,Viernes,entre_semana
2024-12-20,Carne Asada (Chatas),Carnes,8,domicilio,56000,Viernes,entre_semana
2024-12-20,Carne Oreada,Carnes,3,mesa,56000,Viernes,entre_semana
2024-12-20,Carne Oreada,Carnes,3,domicilio,56000,Viernes,entre_semana
2024-12-20,Cabro con Pepitoria,Carnes,8,mesa,56000,Viernes,entre_semana
2024-12-20,Cabro con Pepitoria,Carnes,8,domicilio,56000,Viernes,entre_semana
2024-12-20,Costillas de Cerdo,Carnes,5,mesa,54000,Viernes,entre_semana
2024-12-20,Costillas de Cerdo,Carnes,7,domicilio,54000,Viernes,entre_semana
2024-12-20,Lomo de Cerdo,Carnes,3,mesa,54000,Viernes,entre_semana
2024-12-20,Lomo de Cerdo,Carnes,4,domicilio,54000,Viernes,entre_semana
2024-12-20,Sobrebarriga,Carnes,10,mesa,54000,Viernes,entre_semana
2024-12-20,Sobrebarriga,Carnes,11,domicilio,54000,Viernes,entre_semana
2024-12-20,Pechuga Asada,Carnes,2,mesa,52000,Viernes,entre_semana
2024-12-20,Pechuga Asada,Carnes,3,domicilio,52000,Viernes,entre_semana
2024-12-20,Mojarra 2en1,Pescados,5,mesa,50000,Viernes,entre_semana
2024-12-20,Mojarra 2en1,Pescados,4,domicilio,50000,Viernes,entre_semana
2024-12-20,Trucha 2en1,Pescados,1,mesa,50000,Viernes,entre_semana
2024-12-20,Trucha 2en1,Pescados,1,domicilio,50000,Viernes,entre_semana
2024-12-20,Tierra Aire Mar,Pescados,1,domicilio,90000,Viernes,entre_semana
2024-12-20,Arroz con Pollo,Arroces,7,mesa,45000,Viernes,entre_semana
2024-12-20,Arroz con Pollo,Arroces,7,domicilio,45000,Viernes,entre_semana
2024-12-20,Almuerzo Ejecutivo,Corrientes,54,mesa,25000,Viernes,entre_semana
2024-12-20,Almuerzo Ejecutivo,Corrientes,48,domicilio,25000,Viernes,entre_semana
2024-12-21,Lengua en salsa,Sopas,2,mesa,60000,Sábado,sabado
2024-12-21,Lengua en salsa,Sopas,2,domicilio,60000,Sábado,sabado
2024-12-21,Mute,Sopas,19,mesa,30000,Sábado,sabado
2024-12-21,Mute,Sopas,13,domicilio,30000,Sábado,sabado
2024-12-21,Sancocho de Gallina,Sopas,10,mesa,60000,Sábado,sabado
2024-12-21,Sancocho de Gallina,Sopas,9,domicilio,60000,Sábado,sabado
2024-12-21,Frijoles con Pezuña,Sopas,4,mesa,50000,Sábado,sabado
2024-12-21,Frijoles con Pezuña,Sopas,4,domicilio,50000,Sábado,sabado
2024-12-21,Pata,Sopas,4,mesa,27000,Sábado,sabado
2024-12-21,Pata,Sopas,2,domicilio,27000,Sábado,sabado
2024-12-21,Cola de Buey,Sopas,5,mesa,60000,Sábado,sabado
2024-12-21,Cola de Buey,Sopas,9,domicilio,60000,Sábado,sabado
2024-12-21,Cazuela de Mariscos,Sopas,2,mesa,53000,Sábado,sabado
2024-12-21,Cazuela de Mariscos,Sopas,2,domicilio,53000,Sábado,sabado
2024-12-21,Carne Asada (Chatas),Carnes,16,mesa,56000,Sábado,sabado
2024-12-21,Carne Asada (Chatas),Carnes,16,domicilio,56000,Sábado,sabado
2024-12-21,Carne Oreada,Carnes,6,mesa,56000,Sábado,sabado
2024-12-21,Carne Oreada,Carnes,4,domicilio,56000,Sábado,sabado
2024-12-21,Cabro con Pepitoria,Carnes,15,mesa,56000,Sábado,sabado
2024-12-21,Cabro con Pepitoria,Carnes,13,domicilio,56000,Sábado,sabado
2024-12-21,Costillas de Cerdo,Carnes,7,mesa,54000,Sábado,sabado
2024-12-21,Costillas de Cerdo,Carnes,8,domicilio,54000,Sábado,sabado
2024-12-21,Lomo de Cerdo,Carnes,7,mesa,54000,Sábado,sabado
2024-12-21,Lomo de Cerdo,Carnes,6,domicilio,54000,Sábado,sabado
2024-12-21,Sobrebarriga,Carnes,15,mesa,54000,Sábado,sabado
2024-12-21,Sobrebarriga,Carnes,12,domicilio,54000,Sábado,sabado
2024-12-21,Pechuga Asada,Carnes,4,mesa,52000,Sábado,sabado
2024-12-21,Pechuga Asada,Carnes,6,domicilio,52000,Sábado,sabado
2024-12-21,Mojarra 2en1,Pescados,7,mesa,50000,Sábado,sabado
2024-12-21,Mojarra 2en1,Pescados,8,domicilio,50000,Sábado,sabado
2024-12-21,Trucha 2en1,Pescados,2,mesa,50000,Sábado,sabado
2024-12-21,Trucha 2en1,Pescados,2,domicilio,50000,Sábado,sabado
2024-12-21,Tierra Aire Mar,Pescados,1,mesa,90000,Sábado,sabado
2024-12-21,Tierra Aire Mar,Pescados,1,domicilio,90000,Sábado,sabado
2024-12-21,Arroz con Pollo,Arroces,13,mesa,45000,Sábado,sabado
2024-12-21,Arroz con Pollo,Arroces,12,domicilio,45000,Sábado,sabado
2024-12-21,Almuerzo Ejecutivo,Corrientes,33,domicilio,25000,Sábado,sabado
2024-12-22,Lengua en salsa,Sopas,5,mesa,60000,Domingo,domingo
2024-12-22,Lengua en salsa,Sopas,3,domicilio,60000,Domingo,domingo
2024-12-22,Mute,Sopas,35,mesa,30000,Domingo,domingo
2024-12-22,Mute,Sopas,34,domicilio,30000,Domingo,domingo
2024-12-22,Sancocho de Gallina,Sopas,20,mesa,60000,Domingo,domingo
2024-12-22,Sancocho de Gallina,Sopas,20,domicilio,60000,Domingo,domingo
2024-12-22,Pata,Sopas,6,mesa,27000,Domingo,domingo
2024-12-22,Pata,Sopas,4,domicilio,27000,Domingo,domingo
2024-12-22,Cola de Buey,Sopas,10,mesa,60000,Domingo,domingo
2024-12-22,Cola de Buey,Sopas,15,domicilio,60000,Domingo,domingo
2024-12-22,Cazuela de Mariscos,Sopas,4,mesa,53000,Domingo,domingo
2024-12-22,Cazuela de Mariscos,Sopas,3,domicilio,53000,Domingo,domingo
2024-12-22,Carne Asada (Chatas),Carnes,31,mesa,56000,Domingo,domingo
2024-12-22,Carne Asada (Chatas),Carnes,23,domicilio,56000,Domingo,domingo
2024-12-22,Carne Oreada,Carnes,12,mesa,56000,Domingo,domingo
2024-12-22,Carne Oreada,Carnes,11,domicilio,56000,Domingo,domingo
2024-12-22,Cabro con Pepitoria,Carnes,32,mesa,56000,Domingo,domingo
2024-12-22,Cabro con Pepitoria,Carnes,24,domicilio,56000,Domingo,domingo
2024-12-22,Costillas de Cerdo,Carnes,16,mesa,54000,Domingo,domingo
2024-12-22,Costillas de Cerdo,Carnes,17,domicilio,54000,Domingo,domingo
2024-12-22,Lomo de Cerdo,Carnes,13,mesa,54000,Domingo,domingo
2024-12-22,Lomo de Cerdo,Carnes,13,domicilio,54000,Domingo,domingo
2024-12-22,Sobrebarriga,Carnes,25,mesa,54000,Domingo,domingo
2024-12-22,Sobrebarriga,Carnes,26,domicilio,54000,Domingo,domingo
2024-12-22,Pechuga Asada,Carnes,7,mesa,52000,Domingo,domingo
2024-12-22,Pechuga Asada,Carnes,10,domicilio,52000,Domingo,domingo
2024-12-22,Mojarra 2en1,Pescados,15,mesa,50000,Domingo,domingo
2024-12-22,Mojarra 2en1,Pescados,17,domicilio,50000,Domingo,domingo
2024-12-22,Trucha 2en1,Pescados,3,mesa,50000,Domingo,domingo
2024-12-22,Trucha 2en1,Pescados,5,domicilio,50000,Domingo,domingo
2024-12-22,Tierra Aire Mar,Pescados,2,mesa,90000,Domingo,domingo
2024-12-22,Tierra Aire Mar,Pescados,2,domicilio,90000,Domingo,domingo
2024-12-22,Arroz con Pollo,Arroces,25,mesa,45000,Domingo,domingo
2024-12-22,Arroz con Pollo,Arroces,24,domicilio,45000,Domingo,domingo
2024-12-24,Lengua en salsa,Sopas,1,mesa,60000,Martes,entre_semana
2024-12-24,Lengua en salsa,Sopas,1,domicilio,60000,Martes,entre_semana
2024-12-24,Sancocho de Gallina,Sopas,3,mesa,60000,Martes,entre_semana
2024-12-24,Sancocho de Gallina,Sopas,4,domicilio,60000,Martes,entre_semana
2024-12-24,Frijoles con Pezuña,Sopas,3,mesa,50000,Martes,entre_semana
2024-12-24,Frijoles con Pezuña,Sopas,2,domicilio,50000,Martes,entre_semana
2024-12-24,Pata,Sopas,1,mesa,27000,Martes,entre_semana
2024-12-24,Pata,Sopas,1,domicilio,27000,Martes,entre_semana
2024-12-24,Cola de Buey,Sopas,3,mesa,60000,Martes,entre_semana
2024-12-24,Cola de Buey,Sopas,4,domicilio,60000,Martes,entre_semana
2024-12-24,Cazuela de Mariscos,Sopas,1,mesa,53000,Martes,entre_semana
2024-12-24,Cazuela de Mariscos,Sopas,1,domicilio,53000,Martes,entre_semana
2024-12-24,Carne Asada (Chatas),Carnes,8,mesa,56000,Martes,entre_semana
2024-12-24,Carne Asada (Chatas),Carnes,9,domicilio,56000,Martes,entre_semana
2024-12-24,Carne Oreada,Carnes,3,mesa,56000,Martes,entre_semana
2024-12-24,Carne Oreada,Carnes,3,domicilio,56000,Martes,entre_semana
2024-12-24,Cabro con Pepitoria,Carnes,10,mesa,56000,Martes,entre_semana
2024-12-24,Cabro con Pepitoria,Carnes,8,domicilio,56000,Martes,entre_semana
2024-12-24,Costillas de Cerdo,Carnes,4,mesa,54000,Martes,entre_semana
2024-12-24,Costillas de Cerdo,Carnes,6,domicilio,54000,Martes,entre_semana
2024-12-24,Lomo de Cerdo,Carnes,5,mesa,54000,Martes,entre_semana
2024-12-24,Lomo de Cerdo,Carnes,5,domicilio,54000,Martes,entre_semana
2024-12-24,Sobrebarriga,Carnes,10,mesa,54000,Martes,entre_semana
2024-12-24,Sobrebarriga,Carnes,9,domicilio,54000,Martes,entre_semana
2024-12-24,Pechuga Asada,Carnes,2,mesa,52000,Martes,entre_semana
2024-12-24,Pechuga Asada,Carnes,3,domicilio,52000,Martes,entre_semana
2024-12-24,Mojarra 2en1,Pescados,4,mesa,50000,Martes,entre_semana
2024-12-24,Mojarra 2en1,Pescados,3,domicilio,50000,Martes,entre_semana
2024-12-24,Trucha 2en1,Pescados,1,mesa,50000,Martes,entre_semana
2024-12-24,Trucha 2en1,Pescados,1,domicilio,50000,Martes,entre_semana
2024-12-24,Tierra Aire Mar,Pescados,1,domicilio,90000,Martes,entre_semana
2024-12-24,Arroz con Pollo,Arroces,7,mesa,45000,Martes,entre_semana
2024-12-24,Arroz con Pollo,Arroces,7,domicilio,45000,Martes,entre_semana
2024-12-24,Almuerzo Ejecutivo,Corrientes,44,mesa,25000,Martes,entre_semana
2024-12-24,Almuerzo Ejecutivo,Corrientes,49,domicilio,25000,Martes,entre_semana
2024-12-25,Lengua en salsa,Sopas,3,mesa,60000,Miércoles,festivo_especial
2024-12-25,Lengua en salsa,Sopas,3,domicilio,60000,Miércoles,festivo_especial
2024-12-25,Mute,Sopas,54,mesa,30000,Miércoles,festivo_especial
2024-12-25,Mute,Sopas,32,domicilio,30000,Miércoles,festivo_especial
2024-12-25,Sancocho de Gallina,Sopas,29,mesa,60000,Miércoles,festivo_especial
2024-12-25,Sancocho de Gallina,Sopas,24,domicilio,60000,Miércoles,festivo_especial
2024-12-25,Pata,Sopas,7,mesa,27000,Miércoles,festivo_especial
2024-12-25,Pata,Sopas,4,domicilio,27000,Miércoles,festivo_especial
2024-12-25,Cola de Buey,Sopas,12,mesa,60000,Miércoles,festivo_especial
2024-12-25,Cola de Buey,Sopas,15,domicilio,60000,Miércoles,festivo_especial
2024-12-25,Cazuela de Mariscos,Sopas,4,mesa,53000,Miércoles,festivo_especial
2024-12-25,Cazuela de Mariscos,Sopas,3,domicilio,53000,Miércoles,festivo_especial
2024-12-25,Carne Asada (Chatas),Carnes,29,mesa,56000,Miércoles,festivo_especial
2024-12-25,Carne Asada (Chatas),Carnes,22,domicilio,56000,Miércoles,festivo_especial
2024-12-25,Carne Oreada,Carnes,12,mesa,56000,Miércoles,festivo_especial
2024-12-25,Carne Oreada,Carnes,9,domicilio,56000,Miércoles,festivo_especial
2024-12-25,Cabro con Pepitoria,Carnes,33,mesa,56000,Miércoles,festivo_especial
2024-12-25,Cabro con Pepitoria,Carnes,25,domicilio,56000,Miércoles,festivo_especial
2024-12-25,Costillas de Cerdo,Carnes,13,mesa,54000,Miércoles,festivo_especial
2024-12-25,Costillas de Cerdo,Carnes,23,domicilio,54000,Miércoles,festivo_especial
2024-12-25,Lomo de Cerdo,Carnes,12,mesa,54000,Miércoles,festivo_especial
2024-12-25,Lomo de Cerdo,Carnes,15,domicilio,54000,Miércoles,festivo_especial
2024-12-25,Sobrebarriga,Carnes,33,mesa,54000,Miércoles,festivo_especial
2024-12-25,Sobrebarriga,Carnes,28,domicilio,54000,Miércoles,festivo_especial
2024-12-25,Pechuga Asada,Carnes,10,mesa,52000,Miércoles,festivo_especial
2024-12-25,Pechuga Asada,Carnes,14,domicilio,52000,Miércoles,festivo_especial
2024-12-25,Mojarra 2en1,Pescados,19,mesa,50000,Miércoles,festivo_especial
2024-12-25,Mojarra 2en1,Pescados,17,domicilio,50000,Miércoles,festivo_especial
2024-12-25,Trucha 2en1,Pescados,6,mesa,50000,Miércoles,festivo_especial
2024-12-25,Trucha 2en1,Pescados,4,domicilio,50000,Miércoles,festivo_especial
2024-12-25,Tierra Aire Mar,Pescados,2,mesa,90000,Miércoles,festivo_especial
2024-12-25,Tierra Aire Mar,Pescados,2,domicilio,90000,Miércoles,festivo_especial
2024-12-25,Arroz con Pollo,Arroces,34,mesa,45000,Miércoles,festivo_especial
2024-12-25,Arroz con Pollo,Arroces,29,domicilio,45000,Miércoles,festivo_especial
2024-12-26,Lengua en salsa,Sopas,1,mesa,60000,Jueves,entre_semana
2024-12-26,Lengua en salsa,Sopas,1,domicilio,60000,Jueves,entre_semana
2024-12-26,Sancocho de Gallina,Sopas,3,mesa,60000,Jueves,entre_semana
2024-12-26,Sancocho de Gallina,Sopas,3,domicilio,60000,Jueves,entre_semana
2024-12-26,Frijoles con Pezuña,Sopas,2,mesa,50000,Jueves,entre_semana
2024-12-26,Frijoles con Pezuña,Sopas,2,domicilio,50000,Jueves,entre_semana
2024-12-26,Pata,Sopas,1,mesa,27000,Jueves,entre_semana
2024-12-26,Pata,Sopas,1,domicilio,27000,Jueves,entre_semana
2024-12-26,Cola de Buey,Sopas,3,mesa,60000,Jueves,entre_semana
2024-12-26,Cola de Buey,Sopas,4,domicilio,60000,Jueves,entre_semana
2024-12-26,Cazuela de Mariscos,Sopas,1,mesa,53000,Jueves,entre_semana
2024-12-26,Cazuela de Mariscos,Sopas,1,domicilio,53000,Jueves,entre_semana
2024-12-26,Carne Asada (Chatas),Carnes,11,mesa,56000,Jueves,entre_semana
2024-12-26,Carne Asada (Chatas),Carnes,10,domicilio,56000,Jueves,entre_semana
2024-12-26,Carne Oreada,Carnes,3,mesa,56000,Jueves,entre_semana
2024-12-26,Carne Oreada,Carnes,3,domicilio,56000,Jueves,entre_semana
2024-12-26,Cabro con Pepitoria,Carnes,10,mesa,56000,Jueves,entre_semana
2024-12-26,Cabro con Pepitoria,Carnes,8,domicilio,56000,Jueves,entre_semana
2024-12-26,Costillas de Cerdo,Carnes,6,mesa,54000,Jueves,entre_semana
2024-12-26,Costillas de Cerdo,Carnes,7,domicilio,54000,Jueves,entre_semana
2024-12-26,Lomo de Cerdo,Carnes,4,mesa,54000,Jueves,entre_semana
2024-12-26,Lomo de Cerdo,Carnes,4,domicilio,54000,Jueves,entre_semana
2024-12-26,Sobrebarriga,Carnes,10,mesa,54000,Jueves,entre_semana
2024-12-26,Sobrebarriga,Carnes,12,domicilio,54000,Jueves,entre_semana
2024-12-26,Pechuga Asada,Carnes,2,mesa,52000,Jueves,entre_semana
2024-12-26,Pechuga Asada,Carnes,5,domicilio,52000,Jueves,entre_semana
2024-12-26,Mojarra 2en1,Pescados,4,mesa,50000,Jueves,entre_semana
2024-12-26,Mojarra 2en1,Pescados,5,domicilio,50000,Jueves,entre_semana
2024-12-26,Trucha 2en1,Pescados,1,mesa,50000,Jueves,entre_semana
2024-12-26,Trucha 2en1,Pescados,1,domicilio,50000,Jueves,entre_semana
2024-12-26,Tierra Aire Mar,Pescados,1,domicilio,90000,Jueves,entre_semana
2024-12-26,Arroz con Pollo,Arroces,7,mesa,45000,Jueves,entre_semana
2024-12-26,Arroz con Pollo,Arroces,9,domicilio,45000,Jueves,entre_semana
2024-12-26,Almuerzo Ejecutivo,Corrientes,53,mesa,25000,Jueves,entre_semana
2024-12-26,Almuerzo Ejecutivo,Corrientes,39,domicilio,25000,Jueves,entre_semana
2024-12-27,Lengua en salsa,Sopas,1,mesa,60000,Viernes,entre_semana
2024-12-27,Lengua en salsa,Sopas,1,domicilio,60000,Viernes,entre_semana
2024-12-27,Sancocho de Gallina,Sopas,3,mesa,60000,Viernes,entre_semana
2024-12-27,Sancocho de Gallina,Sopas,3,domicilio,60000,Viernes,entre_semana
2024-12-27,Frijoles con Pezuña,Sopas,3,mesa,50000,Viernes,entre_semana
2024-12-27,Frijoles con Pezuña,Sopas,2,domicilio,50000,Viernes,entre_semana
2024-12-27,Pata,Sopas,1,mesa,27000,Viernes,entre_semana
2024-12-27,Pata,Sopas,1,domicilio,27000,Viernes,entre_semana
2024-12-27,Cola de Buey,Sopas,3,mesa,60000,Viernes,entre_semana
2024-12-27,Cola de Buey,Sopas,4,domicilio,60000,Viernes,entre_semana
2024-12-27,Cazuela de Mariscos,Sopas,1,mesa,53000,Viernes,entre_semana
2024-12-27,Cazuela de Mariscos,Sopas,1,domicilio,53000,Viernes,entre_semana
2024-12-27,Carne Asada (Chatas),Carnes,10,mesa,56000,Viernes,entre_semana
2024-12-27,Carne Asada (Chatas),Carnes,10,domicilio,56000,Viernes,entre_semana
2024-12-27,Carne Oreada,Carnes,3,mesa,56000,Viernes,entre_semana
2024-12-27,Carne Oreada,Carnes,3,domicilio,56000,Viernes,entre_semana
2024-12-27,Cabro con Pepitoria,Carnes,10,mesa,56000,Viernes,entre_semana
2024-12-27,Cabro con Pepitoria,Carnes,10,domicilio,56000,Viernes,entre_semana
2024-12-27,Costillas de Cerdo,Carnes,5,mesa,54000,Viernes,entre_semana
2024-12-27,Costillas de Cerdo,Carnes,6,domicilio,54000,Viernes,entre_semana
2024-12-27,Lomo de Cerdo,Carnes,4,mesa,54000,Viernes,entre_semana
2024-12-27,Lomo de Cerdo,Carnes,4,domicilio,54000,Viernes,entre_semana
2024-12-27,Sobrebarriga,Carnes,11,mesa,54000,Viernes,entre_semana
2024-12-27,Sobrebarriga,Carnes,12,domicilio,54000,Viernes,entre_semana
2024-12-27,Pechuga Asada,Carnes,2,mesa,52000,Viernes,entre_semana
2024-12-27,Pechuga Asada,Carnes,5,domicilio,52000,Viernes,entre_semana
2024-12-27,Mojarra 2en1,Pescados,4,mesa,50000,Viernes,entre_semana
2024-12-27,Mojarra 2en1,Pescados,4,domicilio,50000,Viernes,entre_semana
2024-12-27,Trucha 2en1,Pescados,1,mesa,50000,Viernes,entre_semana
2024-12-27,Trucha 2en1,Pescados,1,domicilio,50000,Viernes,entre_semana
2024-12-27,Tierra Aire Mar,Pescados,1,domicilio,90000,Viernes,entre_semana
2024-12-27,Arroz con Pollo,Arroces,8,mesa,45000,Viernes,entre_semana
2024-12-27,Arroz con Pollo,Arroces,7,domicilio,45000,Viernes,entre_semana
2024-12-27,Almuerzo Ejecutivo,Corrientes,37,mesa,25000,Viernes,entre_semana
2024-12-27,Almuerzo Ejecutivo,Corrientes,51,domicilio,25000,Viernes,entre_semana
2024-12-28,Lengua en salsa,Sopas,2,mesa,60000,Sábado,sabado
2024-12-28,Lengua en salsa,Sopas,2,domicilio,60000,Sábado,sabado
2024-12-28,Mute,Sopas,17,mesa,30000,Sábado,sabado
2024-12-28,Mute,Sopas,13,domicilio,30000,Sábado,sabado
2024-12-28,Sancocho de Gallina,Sopas,11,mesa,60000,Sábado,sabado
2024-12-28,Sancocho de Gallina,Sopas,8,domicilio,60000,Sábado,sabado
2024-12-28,Frijoles con Pezuña,Sopas,5,mesa,50000,Sábado,sabado
2024-12-28,Frijoles con Pezuña,Sopas,4,domicilio,50000,Sábado,sabado
2024-12-28,Pata,Sopas,3,mesa,27000,Sábado,sabado
2024-12-28,Pata,Sopas,2,domicilio,27000,Sábado,sabado
2024-12-28,Cola de Buey,Sopas,4,mesa,60000,Sábado,sabado
2024-12-28,Cola de Buey,Sopas,7,domicilio,60000,Sábado,sabado
2024-12-28,Cazuela de Mariscos,Sopas,2,mesa,53000,Sábado,sabado
2024-12-28,Cazuela de Mariscos,Sopas,2,domicilio,53000,Sábado,sabado
2024-12-28,Carne Asada (Chatas),Carnes,15,mesa,56000,Sábado,sabado
2024-12-28,Carne Asada (Chatas),Carnes,14,domicilio,56000,Sábado,sabado
2024-12-28,Carne Oreada,Carnes,5,mesa,56000,Sábado,sabado
2024-12-28,Carne Oreada,Carnes,4,domicilio,56000,Sábado,sabado
2024-12-28,Cabro con Pepitoria,Carnes,16,mesa,56000,Sábado,sabado
2024-12-28,Cabro con Pepitoria,Carnes,15,domicilio,56000,Sábado,sabado
2024-12-28,Costillas de Cerdo,Carnes,9,mesa,54000,Sábado,sabado
2024-12-28,Costillas de Cerdo,Carnes,8,domicilio,54000,Sábado,sabado
2024-12-28,Lomo de Cerdo,Carnes,7,mesa,54000,Sábado,sabado
2024-12-28,Lomo de Cerdo,Carnes,6,domicilio,54000,Sábado,sabado
2024-12-28,Sobrebarriga,Carnes,15,mesa,54000,Sábado,sabado
2024-12-28,Sobrebarriga,Carnes,14,domicilio,54000,Sábado,sabado
2024-12-28,Pechuga Asada,Carnes,4,mesa,52000,Sábado,sabado
2024-12-28,Pechuga Asada,Carnes,6,domicilio,52000,Sábado,sabado
2024-12-28,Mojarra 2en1,Pescados,8,mesa,50000,Sábado,sabado
2024-12-28,Mojarra 2en1,Pescados,6,domicilio,50000,Sábado,sabado
2024-12-28,Trucha 2en1,Pescados,2,mesa,50000,Sábado,sabado
2024-12-28,Trucha 2en1,Pescados,2,domicilio,50000,Sábado,sabado
2024-12-28,Tierra Aire Mar,Pescados,1,mesa,90000,Sábado,sabado
2024-12-28,Tierra Aire Mar,Pescados,1,domicilio,90000,Sábado,sabado
2024-12-28,Arroz con Pollo,Arroces,13,mesa,45000,Sábado,sabado
2024-12-28,Arroz con Pollo,Arroces,10,domicilio,45000,Sábado,sabado
2024-12-28,Almuerzo Ejecutivo,Corrientes,34,domicilio,25000,Sábado,sabado
2024-12-29,Lengua en salsa,Sopas,3,mesa,60000,Domingo,domingo
2024-12-29,Lengua en salsa,Sopas,3,domicilio,60000,Domingo,domingo
2024-12-29,Mute,Sopas,34,mesa,30000,Domingo,domingo
2024-12-29,Mute,Sopas,32,domicilio,30000,Domingo,domingo
2024-12-29,Sancocho de Gallina,Sopas,22,mesa,60000,Domingo,domingo
2024-12-29,Sancocho de Gallina,Sopas,19,domicilio,60000,Domingo,domingo
2024-12-29,Pata,Sopas,6,mesa,27000,Domingo,domingo
2024-12-29,Pata,Sopas,4,domicilio,27000,Domingo,domingo
2024-12-29,Cola de Buey,Sopas,9,mesa,60000,Domingo,domingo
2024-12-29,Cola de Buey,Sopas,17,domicilio,60000,Domingo,domingo
2024-12-29,Cazuela de Mariscos,Sopas,3,mesa,53000,Domingo,domingo
2024-12-29,Cazuela de Mariscos,Sopas,3,domicilio,53000,Domingo,domingo
2024-12-29,Carne Asada (Chatas),Carnes,32,mesa,56000,Domingo,domingo
2024-12-29,Carne Asada (Chatas),Carnes,23,domicilio,56000,Domingo,domingo
2024-12-29,Carne Oreada,Carnes,10,mesa,56000,Domingo,domingo
2024-12-29,Carne Oreada,Carnes,9,domicilio,56000,Domingo,domingo
2024-12-29,Cabro con Pepitoria,Carnes,26,mesa,56000,Domingo,domingo
2024-12-29,Cabro con Pepitoria,Carnes,31,domicilio,56000,Domingo,domingo
2024-12-29,Costillas de Cerdo,Carnes,13,mesa,54000,Domingo,domingo
2024-12-29,Costillas de Cerdo,Carnes,18,domicilio,54000,Domingo,domingo
2024-12-29,Lomo de Cerdo,Carnes,11,mesa,54000,Domingo,domingo
2024-12-29,Lomo de Cerdo,Carnes,11,domicilio,54000,Domingo,domingo
2024-12-29,Sobrebarriga,Carnes,33,mesa,54000,Domingo,domingo
2024-12-29,Sobrebarriga,Carnes,35,domicilio,54000,Domingo,domingo
2024-12-29,Pechuga Asada,Carnes,7,mesa,52000,Domingo,domingo
2024-12-29,Pechuga Asada,Carnes,11,domicilio,52000,Domingo,domingo
2024-12-29,Mojarra 2en1,Pescados,15,mesa,50000,Domingo,domingo
2024-12-29,Mojarra 2en1,Pescados,16,domicilio,50000,Domingo,domingo
2024-12-29,Trucha 2en1,Pescados,4,mesa,50000,Domingo,domingo
2024-12-29,Trucha 2en1,Pescados,4,domicilio,50000,Domingo,domingo
2024-12-29,Tierra Aire Mar,Pescados,2,mesa,90000,Domingo,domingo
2024-12-29,Tierra Aire Mar,Pescados,2,domicilio,90000,Domingo,domingo
2024-12-29,Arroz con Pollo,Arroces,27,mesa,45000,Domingo,domingo
2024-12-29,Arroz con Pollo,Arroces,23,domicilio,45000,Domingo,domingo
2024-12-31,Lengua en salsa,Sopas,1,mesa,60000,Martes,entre_semana
2024-12-31,Lengua en salsa,Sopas,1,domicilio,60000,Martes,entre_semana
2024-12-31,Sancocho de Gallina,Sopas,3,mesa,60000,Martes,entre_semana
2024-12-31,Sancocho de Gallina,Sopas,4,domicilio,60000,Martes,entre_semana
2024-12-31,Frijoles con Pezuña,Sopas,3,mesa,50000,Martes,entre_semana
2024-12-31,Frijoles con Pezuña,Sopas,2,domicilio,50000,Martes,entre_semana
2024-12-31,Pata,Sopas,1,mesa,27000,Martes,entre_semana
2024-12-31,Pata,Sopas,1,domicilio,27000,Martes,entre_semana
2024-12-31,Cola de Buey,Sopas,2,mesa,60000,Martes,entre_semana
2024-12-31,Cola de Buey,Sopas,3,domicilio,60000,Martes,entre_semana
2024-12-31,Cazuela de Mariscos,Sopas,1,mesa,53000,Martes,entre_semana
2024-12-31,Cazuela de Mariscos,Sopas,1,domicilio,53000,Martes,entre_semana
2024-12-31,Carne Asada (Chatas),Carnes,8,mesa,56000,Martes,entre_semana
2024-12-31,Carne Asada (Chatas),Carnes,10,domicilio,56000,Martes,entre_semana
2024-12-31,Carne Oreada,Carnes,3,mesa,56000,Martes,entre_semana
2024-12-31,Carne Oreada,Carnes,4,domicilio,56000,Martes,entre_semana
2024-12-31,Cabro con Pepitoria,Carnes,10,mesa,56000,Martes,entre_semana
2024-12-31,Cabro con Pepitoria,Carnes,9,domicilio,56000,Martes,entre_semana
2024-12-31,Costillas de Cerdo,Carnes,5,mesa,54000,Martes,entre_semana
2024-12-31,Costillas de Cerdo,Carnes,6,domicilio,54000,Martes,entre_semana
2024-12-31,Lomo de Cerdo,Carnes,4,mesa,54000,Martes,entre_semana
2024-12-31,Lomo de Cerdo,Carnes,4,domicilio,54000,Martes,entre_semana
2024-12-31,Sobrebarriga,Carnes,9,mesa,54000,Martes,entre_semana
2024-12-31,Sobrebarriga,Carnes,10,domicilio,54000,Martes,entre_semana
2024-12-31,Pechuga Asada,Carnes,2,mesa,52000,Martes,entre_semana
2024-12-31,Pechuga Asada,Carnes,4,domicilio,52000,Martes,entre_semana
2024-12-31,Mojarra 2en1,Pescados,5,mesa,50000,Martes,entre_semana
2024-12-31,Mojarra 2en1,Pescados,5,domicilio,50000,Martes,entre_semana
2024-12-31,Trucha 2en1,Pescados,1,mesa,50000,Martes,entre_semana
2024-12-31,Trucha 2en1,Pescados,1,domicilio,50000,Martes,entre_semana
2024-12-31,Tierra Aire Mar,Pescados,1,domicilio,90000,Martes,entre_semana
2024-12-31,Arroz con Pollo,Arroces,9,mesa,45000,Martes,entre_semana
2024-12-31,Arroz con Pollo,Arroces,9,domicilio,45000,Martes,entre_semana
2024-12-31,Almuerzo Ejecutivo,Corrientes,45,mesa,25000,Martes,entre_semana
2024-12-31,Almuerzo Ejecutivo,Corrientes,39,domicilio,25000,Martes,entre_semana
2025-01-01,Lengua en salsa,Sopas,5,mesa,60000,Miércoles,festivo_especial
2025-01-01,Lengua en salsa,Sopas,4,domicilio,60000,Miércoles,festivo_especial
2025-01-01,Mute,Sopas,35,mesa,30000,Miércoles,festivo_especial
2025-01-01,Mute,Sopas,25,domicilio,30000,Miércoles,festivo_especial
2025-01-01,Sancocho de Gallina,Sopas,36,mesa,60000,Miércoles,festivo_especial
2025-01-01,Sancocho de Gallina,Sopas,24,domicilio,60000,Miércoles,festivo_especial
2025-01-01,Pata,Sopas,6,mesa,27000,Miércoles,festivo_especial
2025-01-01,Pata,Sopas,4,domicilio,27000,Miércoles,festivo_especial
2025-01-01,Cola de Buey,Sopas,10,mesa,60000,Miércoles,festivo_especial
2025-01-01,Cola de Buey,Sopas,17,domicilio,60000,Miércoles,festivo_especial
2025-01-01,Cazuela de Mariscos,Sopas,4,mesa,53000,Miércoles,festivo_especial
2025-01-01,Cazuela de Mariscos,Sopas,3,domicilio,53000,Miércoles,festivo_especial
2025-01-01,Carne Asada (Chatas),Carnes,33,mesa,56000,Miércoles,festivo_especial
2025-01-01,Carne Asada (Chatas),Carnes,28,domicilio,56000,Miércoles,festivo_especial
2025-01-01,Carne Oreada,Carnes,10,mesa,56000,Miércoles,festivo_especial
2025-01-01,Carne Oreada,Carnes,8,domicilio,56000,Miércoles,festivo_especial
2025-01-01,Cabro con Pepitoria,Carnes,28,mesa,56000,Miércoles,festivo_especial
2025-01-01,Cabro con Pepitoria,Carnes,24,domicilio,56000,Miércoles,festivo_especial
2025-01-01,Costillas de Cerdo,Carnes,11,mesa,54000,Miércoles,festivo_especial
2025-01-01,Costillas de Cerdo,Carnes,21,domicilio,54000,Miércoles,festivo_especial
2025-01-01,Lomo de Cerdo,Carnes,13,mesa,54000,Miércoles,festivo_especial
2025-01-01,Lomo de Cerdo,Carnes,14,domicilio,54000,Miércoles,festivo_especial
2025-01-01,Sobrebarriga,Carnes,25,mesa,54000,Miércoles,festivo_especial
2025-01-01,Sobrebarriga,Carnes,34,domicilio,54000,Miércoles,festivo_especial
2025-01-01,Pechuga Asada,Carnes,7,mesa,52000,Miércoles,festivo_especial
2025-01-01,Pechuga Asada,Carnes,11,domicilio,52000,Miércoles,festivo_especial
2025-01-01,Mojarra 2en1,Pescados,14,mesa,50000,Miércoles,festivo_especial
2025-01-01,Mojarra 2en1,Pescados,16,domicilio,50000,Miércoles,festivo_especial
2025-01-01,Trucha 2en1,Pescados,4,mesa,50000,Miércoles,festivo_especial
2025-01-01,Trucha 2en1,Pescados,4,domicilio,50000,Miércoles,festivo_especial
2025-01-01,Tierra Aire Mar,Pescados,2,mesa,90000,Miércoles,festivo_especial
2025-01-01,Tierra Aire Mar,Pescados,2,domicilio,90000,Miércoles,festivo_especial
2025-01-01,Arroz con Pollo,Arroces,26,mesa,45000,Miércoles,festivo_especial
2025-01-01,Arroz con Pollo,Arroces,28,domicilio,45000,Miércoles,festivo_especial
2025-01-02,Lengua en salsa,Sopas,1,mesa,60000,Jueves,entre_semana
2025-01-02,Lengua en salsa,Sopas,1,domicilio,60000,Jueves,entre_semana
2025-01-02,Sancocho de Gallina,Sopas,3,mesa,60000,Jueves,entre_semana
2025-01-02,Sancocho de Gallina,Sopas,3,domicilio,60000,Jueves,entre_semana
2025-01-02,Frijoles con Pezuña,Sopas,3,mesa,50000,Jueves,entre_semana
2025-01-02,Frijoles con Pezuña,Sopas,2,domicilio,50000,Jueves,entre_semana
2025-01-02,Pata,Sopas,1,mesa,27000,Jueves,entre_semana
2025-01-02,Pata,Sopas,1,domicilio,27000,Jueves,entre_semana
2025-01-02,Cola de Buey,Sopas,3,mesa,60000,Jueves,entre_semana
2025-01-02,Cola de Buey,Sopas,5,domicilio,60000,Jueves,entre_semana
2025-01-02,Cazuela de Mariscos,Sopas,1,mesa,53000,Jueves,entre_semana
2025-01-02,Cazuela de Mariscos,Sopas,1,domicilio,53000,Jueves,entre_semana
2025-01-02,Carne Asada (Chatas),Carnes,8,mesa,56000,Jueves,entre_semana
2025-01-02,Carne Asada (Chatas),Carnes,10,domicilio,56000,Jueves,entre_semana
2025-01-02,Carne Oreada,Carnes,4,mesa,56000,Jueves,entre_semana
2025-01-02,Carne Oreada,Carnes,3,domicilio,56000,Jueves,entre_semana
2025-01-02,Cabro con Pepitoria,Carnes,10,mesa,56000,Jueves,entre_semana
2025-01-02,Cabro con Pepitoria,Carnes,7,domicilio,56000,Jueves,entre_semana
2025-01-02,Costillas de Cerdo,Carnes,4,mesa,54000,Jueves,entre_semana
2025-01-02,Costillas de Cerdo,Carnes,6,domicilio,54000,Jueves,entre_semana
2025-01-02,Lomo de Cerdo,Carnes,4,mesa,54000,Jueves,entre_semana
2025-01-02,Lomo de Cerdo,Carnes,5,domicilio,54000,Jueves,entre_semana
2025-01-02,Sobrebarriga,Carnes,11,mesa,54000,Jueves,entre_semana
2025-01-02,Sobrebarriga,Carnes,12,domicilio,54000,Jueves,entre_semana
2025-01-02,Pechuga Asada,Carnes,2,mesa,52000,Jueves,entre_semana
2025-01-02,Pechuga Asada,Carnes,5,domicilio,52000,Jueves,entre_semana
2025-01-02,Mojarra 2en1,Pescados,4,mesa,50000,Jueves,entre_semana
2025-01-02,Mojarra 2en1,Pescados,4,domicilio,50000,Jueves,entre_semana
2025-01-02,Trucha 2en1,Pescados,1,mesa,50000,Jueves,entre_semana
2025-01-02,Trucha 2en1,Pescados,1,domicilio,50000,Jueves,entre_semana
2025-01-02,Tierra Aire Mar,Pescados,1,domicilio,90000,Jueves,entre_semana
2025-01-02,Arroz con Pollo,Arroces,8,mesa,45000,Jueves,entre_semana
2025-01-02,Arroz con Pollo,Arroces,6,domicilio,45000,Jueves,entre_semana
2025-01-02,Almuerzo Ejecutivo,Corrientes,47,mesa,25000,Jueves,entre_semana
2025-01-02,Almuerzo Ejecutivo,Corrientes,49,domicilio,25000,Jueves,entre_semana
2025-01-03,Lengua en salsa,Sopas,1,mesa,60000,Viernes,entre_semana
2025-01-03,Lengua en salsa,Sopas,1,domicilio,60000,Viernes,entre_semana
2025-01-03,Sancocho de Gallina,Sopas,3,mesa,60000,Viernes,entre_semana
2025-01-03,Sancocho de Gallina,Sopas,3,domicilio,60000,Viernes,entre_semana
2025-01-03,Frijoles con Pezuña,Sopas,3,mesa,50000,Viernes,entre_semana
2025-01-03,Frijoles con Pezuña,Sopas,2,domicilio,50000,Viernes,entre_semana
2025-01-03,Pata,Sopas,1,mesa,27000,Viernes,entre_semana
2025-01-03,Pata,Sopas,1,domicilio,27000,Viernes,entre_semana
2025-01-03,Cola de Buey,Sopas,3,mesa,60000,Viernes,entre_semana
2025-01-03,Cola de Buey,Sopas,5,domicilio,60000,Viernes,entre_semana
2025-01-03,Cazuela de Mariscos,Sopas,1,mesa,53000,Viernes,entre_semana
2025-01-03,Cazuela de Mariscos,Sopas,1,domicilio,53000,Viernes,entre_semana
2025-01-03,Carne Asada (Chatas),Carnes,9,mesa,56000,Viernes,entre_semana
2025-01-03,Carne Asada (Chatas),Carnes,10,domicilio,56000,Viernes,entre_semana
2025-01-03,Carne Oreada,Carnes,3,mesa,56000,Viernes,entre_semana
2025-01-03,Carne Oreada,Carnes,3,domicilio,56000,Viernes,entre_semana
2025-01-03,Cabro con Pepitoria,Carnes,8,mesa,56000,Viernes,entre_semana
2025-01-03,Cabro con Pepitoria,Carnes,8,domicilio,56000,Viernes,entre_semana
2025-01-03,Costillas de Cerdo,Carnes,4,mesa,54000,Viernes,entre_semana
2025-01-03,Costillas de Cerdo,Carnes,6,domicilio,54000,Viernes,entre_semana
2025-01-03,Lomo de Cerdo,Carnes,5,mesa,54000,Viernes,entre_semana
2025-01-03,Lomo de Cerdo,Carnes,4,domicilio,54000,Viernes,entre_semana
2025-01-03,Sobrebarriga,Carnes,10,mesa,54000,Viernes,entre_semana
2025-01-03,Sobrebarriga,Carnes,11,domicilio,54000,Viernes,entre_semana
2025-01-03,Pechuga Asada,Carnes,2,mesa,52000,Viernes,entre_semana
2025-01-03,Pechuga Asada,Carnes,4,domicilio,52000,Viernes,entre_semana
2025-01-03,Mojarra 2en1,Pescados,4,mesa,50000,Viernes,entre_semana
2025-01-03,Mojarra 2en1,Pescados,4,domicilio,50000,Viernes,entre_semana
2025-01-03,Trucha 2en1,Pescados,1,mesa,50000,Viernes,entre_semana
2025-01-03,Trucha 2en1,Pescados,1,domicilio,50000,Viernes,entre_semana
2025-01-03,Tierra Aire Mar,Pescados,1,domicilio,90000,Viernes,entre_semana
2025-01-03,Arroz con Pollo,Arroces,7,mesa,45000,Viernes,entre_semana
2025-01-03,Arroz con Pollo,Arroces,7,domicilio,45000,Viernes,entre_semana
2025-01-03,Almuerzo Ejecutivo,Corrientes,52,mesa,25000,Viernes,entre_semana
2025-01-03,Almuerzo Ejecutivo,Corrientes,53,domicilio,25000,Viernes,entre_semana
2025-01-04,Lengua en salsa,Sopas,2,mesa,60000,Sábado,sabado
2025-01-04,Lengua en salsa,Sopas,2,domicilio,60000,Sábado,sabado
2025-01-04,Mute,Sopas,19,mesa,30000,Sábado,sabado
2025-01-04,Mute,Sopas,13,domicilio,30000,Sábado,sabado
2025-01-04,Sancocho de Gallina,Sopas,14,mesa,60000,Sábado,sabado
2025-01-04,Sancocho de Gallina,Sopas,10,domicilio,60000,Sábado,sabado
2025-01-04,Frijoles con Pezuña,Sopas,3,mesa,50000,Sábado,sabado
2025-01-04,Frijoles con Pezuña,Sopas,4,domicilio,50000,Sábado,sabado
2025-01-04,Pata,Sopas,3,mesa,27000,Sábado,sabado
2025-01-04,Pata,Sopas,2,domicilio,27000,Sábado,sabado
2025-01-04,Cola de Buey,Sopas,4,mesa,60000,Sábado,sabado
2025-01-04,Cola de Buey,Sopas,9,domicilio,60000,Sábado,sabado
2025-01-04,Cazuela de Mariscos,Sopas,2,mesa,53000,Sábado,sabado
2025-01-04,Cazuela de Mariscos,Sopas,2,domicilio,53000,Sábado,sabado
2025-01-04,Carne Asada (Chatas),Carnes,13,mesa,56000,Sábado,sabado
2025-01-04,Carne Asada (Chatas),Carnes,15,domicilio,56000,Sábado,sabado
2025-01-04,Carne Oreada,Carnes,6,mesa,56000,Sábado,sabado
2025-01-04,Carne Oreada,Carnes,3,domicilio,56000,Sábado,sabado
2025-01-04,Cabro con Pepitoria,Carnes,16,mesa,56000,Sábado,sabado
2025-01-04,Cabro con Pepitoria,Carnes,16,domicilio,56000,Sábado,sabado
2025-01-04,Costillas de Cerdo,Carnes,7,mesa,54000,Sábado,sabado
2025-01-04,Costillas de Cerdo,Carnes,12,domicilio,54000,Sábado,sabado
2025-01-04,Lomo de Cerdo,Carnes,6,mesa,54000,Sábado,sabado
2025-01-04,Lomo de Cerdo,Carnes,7,domicilio,54000,Sábado,sabado
2025-01-04,Sobrebarriga,Carnes,15,mesa,54000,Sábado,sabado
2025-01-04,Sobrebarriga,Carnes,18,domicilio,54000,Sábado,sabado
2025-01-04,Pechuga Asada,Carnes,4,mesa,52000,Sábado,sabado
2025-01-04,Pechuga Asada,Carnes,7,domicilio,52000,Sábado,sabado
2025-01-04,Mojarra 2en1,Pescados,7,mesa,50000,Sábado,sabado
2025-01-04,Mojarra 2en1,Pescados,8,domicilio,50000,Sábado,sabado
2025-01-04,Trucha 2en1,Pescados,2,mesa,50000,Sábado,sabado
2025-01-04,Trucha 2en1,Pescados,2,domicilio,50000,Sábado,sabado
2025-01-04,Tierra Aire Mar,Pescados,1,mesa,90000,Sábado,sabado
2025-01-04,Tierra Aire Mar,Pescados,1,domicilio,90000,Sábado,sabado
2025-01-04,Arroz con Pollo,Arroces,13,mesa,45000,Sábado,sabado
2025-01-04,Arroz con Pollo,Arroces,14,domicilio,45000,Sábado,sabado
2025-01-04,Almuerzo Ejecutivo,Corrientes,36,domicilio,25000,Sábado,sabado
2025-01-05,Lengua en salsa,Sopas,4,mesa,60000,Domingo,domingo
2025-01-05,Lengua en salsa,Sopas,3,domicilio,60000,Domingo,domingo
2025-01-05,Mute,Sopas,44,mesa,30000,Domingo,domingo
2025-01-05,Mute,Sopas,26,domicilio,30000,Domingo,domingo
2025-01-05,Sancocho de Gallina,Sopas,22,mesa,60000,Domingo,domingo
2025-01-05,Sancocho de Gallina,Sopas,22,domicilio,60000,Domingo,domingo
2025-01-05,Pata,Sopas,6,mesa,27000,Domingo,domingo
2025-01-05,Pata,Sopas,5,domicilio,27000,Domingo,domingo
2025-01-05,Cola de Buey,Sopas,8,mesa,60000,Domingo,domingo
2025-01-05,Cola de Buey,Sopas,13,domicilio,60000,Domingo,domingo
2025-01-05,Cazuela de Mariscos,Sopas,3,mesa,53000,Domingo,domingo
2025-01-05,Cazuela de Mariscos,Sopas,3,domicilio,53000,Domingo,domingo
2025-01-05,Carne Asada (Chatas),Carnes,25,mesa,56000,Domingo,domingo
2025-01-05,Carne Asada (Chatas),Carnes,27,domicilio,56000,Domingo,domingo
2025-01-05,Carne Oreada,Carnes,12,mesa,56000,Domingo,domingo
2025-01-05,Carne Oreada,Carnes,10,domicilio,56000,Domingo,domingo
2025-01-05,Cabro con Pepitoria,Carnes,23,mesa,56000,Domingo,domingo
2025-01-05,Cabro con Pepitoria,Carnes,23,domicilio,56000,Domingo,domingo
2025-01-05,Costillas de Cerdo,Carnes,13,mesa,54000,Domingo,domingo
2025-01-05,Costillas de Cerdo,Carnes,19,domicilio,54000,Domingo,domingo
2025-01-05,Lomo de Cerdo,Carnes,14,mesa,54000,Domingo,domingo
2025-01-05,Lomo de Cerdo,Carnes,10,domicilio,54000,Domingo,domingo
2025-01-05,Sobrebarriga,Carnes,25,mesa,54000,Domingo,domingo
2025-01-05,Sobrebarriga,Carnes,27,domicilio,54000,Domingo,domingo
2025-01-05,Pechuga Asada,Carnes,9,mesa,52000,Domingo,domingo
2025-01-05,Pechuga Asada,Carnes,14,domicilio,52000,Domingo,domingo
2025-01-05,Mojarra 2en1,Pescados,13,mesa,50000,Domingo,domingo
2025-01-05,Mojarra 2en1,Pescados,15,domicilio,50000,Domingo,domingo
2025-01-05,Trucha 2en1,Pescados,4,mesa,50000,Domingo,domingo
2025-01-05,Trucha 2en1,Pescados,4,domicilio,50000,Domingo,domingo
2025-01-05,Tierra Aire Mar,Pescados,2,mesa,90000,Domingo,domingo
2025-01-05,Tierra Aire Mar,Pescados,2,domicilio,90000,Domingo,domingo
2025-01-05,Arroz con Pollo,Arroces,20,mesa,45000,Domingo,domingo
2025-01-05,Arroz con Pollo,Arroces,28,domicilio,45000,Domingo,domingo
2025-01-07,Lengua en salsa,Sopas,1,mesa,60000,Martes,entre_semana
2025-01-07,Lengua en salsa,Sopas,1,domicilio,60000,Martes,entre_semana
2025-01-07,Sancocho de Gallina,Sopas,2,mesa,60000,Martes,entre_semana
2025-01-07,Sancocho de Gallina,Sopas,3,domicilio,60000,Martes,entre_semana
2025-01-07,Frijoles con Pezuña,Sopas,3,mesa,50000,Martes,entre_semana
2025-01-07,Frijoles con Pezuña,Sopas,2,domicilio,50000,Martes,entre_semana
2025-01-07,Pata,Sopas,1,mesa,27000,Martes,entre_semana
2025-01-07,Pata,Sopas,1,domicilio,27000,Martes,entre_semana
2025-01-07,Cola de Buey,Sopas,4,mesa,60000,Martes,entre_semana
2025-01-07,Cola de Buey,Sopas,5,domicilio,60000,Martes,entre_semana
2025-01-07,Cazuela de Mariscos,Sopas,1,mesa,53000,Martes,entre_semana
2025-01-07,Cazuela de Mariscos,Sopas,1,domicilio,53000,Martes,entre_semana
2025-01-07,Carne Asada (Chatas),Carnes,8,mesa,56000,Martes,entre_semana
2025-01-07,Carne Asada (Chatas),Carnes,10,domicilio,56000,Martes,entre_semana
2025-01-07,Carne Oreada,Carnes,3,mesa,56000,Martes,entre_semana
2025-01-07,Carne Oreada,Carnes,3,domicilio,56000,Martes,entre_semana
2025-01-07,Cabro con Pepitoria,Carnes,9,mesa,56000,Martes,entre_semana
2025-01-07,Cabro con Pepitoria,Carnes,9,domicilio,56000,Martes,entre_semana
2025-01-07,Costillas de Cerdo,Carnes,4,mesa,54000,Martes,entre_semana
2025-01-07,Costillas de Cerdo,Carnes,6,domicilio,54000,Martes,entre_semana
2025-01-07,Lomo de Cerdo,Carnes,3,mesa,54000,Martes,entre_semana
2025-01-07,Lomo de Cerdo,Carnes,3,domicilio,54000,Martes,entre_semana
2025-01-07,Sobrebarriga,Carnes,11,mesa,54000,Martes,entre_semana
2025-01-07,Sobrebarriga,Carnes,11,domicilio,54000,Martes,entre_semana
2025-01-07,Pechuga Asada,Carnes,2,mesa,52000,Martes,entre_semana
2025-01-07,Pechuga Asada,Carnes,5,domicilio,52000,Martes,entre_semana
2025-01-07,Mojarra 2en1,Pescados,3,mesa,50000,Martes,entre_semana
2025-01-07,Mojarra 2en1,Pescados,4,domicilio,50000,Martes,entre_semana
2025-01-07,Trucha 2en1,Pescados,1,mesa,50000,Martes,entre_semana
2025-01-07,Trucha 2en1,Pescados,1,domicilio,50000,Martes,entre_semana
2025-01-07,Tierra Aire Mar,Pescados,1,domicilio,90000,Martes,entre_semana
2025-01-07,Arroz con Pollo,Arroces,6,mesa,45000,Martes,entre_semana
2025-01-07,Arroz con Pollo,Arroces,8,domicilio,45000,Martes,entre_semana
2025-01-07,Almuerzo Ejecutivo,Corrientes,39,mesa,25000,Martes,entre_semana
2025-01-07,Almuerzo Ejecutivo,Corrientes,48,domicilio,25000,Martes,entre_semana
2025-01-08,Lengua en salsa,Sopas,1,mesa,60000,Miércoles,entre_semana
2025-01-08,Lengua en salsa,Sopas,1,domicilio,60000,Miércoles,entre_semana
2025-01-08,Sancocho de Gallina,Sopas,3,mesa,60000,Miércoles,entre_semana
2025-01-08,Sancocho de Gallina,Sopas,3,domicilio,60000,Miércoles,entre_semana
2025-01-08,Frijoles con Pezuña,Sopas,3,mesa,50000,Miércoles,entre_semana
2025-01-08,Frijoles con Pezuña,Sopas,2,domicilio,50000,Miércoles,entre_semana
2025-01-08,Pata,Sopas,1,mesa,27000,Miércoles,entre_semana
2025-01-08,Pata,Sopas,1,domicilio,27000,Miércoles,entre_semana
2025-01-08,Cola de Buey,Sopas,3,mesa,60000,Miércoles,entre_semana
2025-01-08,Cola de Buey,Sopas,5,domicilio,60000,Miércoles,entre_semana
2025-01-08,Cazuela de Mariscos,Sopas,1,mesa,53000,Miércoles,entre_semana
2025-01-08,Cazuela de Mariscos,Sopas,1,domicilio,53000,Miércoles,entre_semana
2025-01-08,Carne Asada (Chatas),Carnes,8,mesa,56000,Miércoles,entre_semana
2025-01-08,Carne Asada (Chatas),Carnes,11,domicilio,56000,Miércoles,entre_semana
2025-01-08,Carne Oreada,Carnes,4,mesa,56000,Miércoles,entre_semana
2025-01-08,Carne Oreada,Carnes,3,domicilio,56000,Miércoles,entre_semana
2025-01-08,Cabro con Pepitoria,Carnes,9,mesa,56000,Miércoles,entre_semana
2025-01-08,Cabro con Pepitoria,Carnes,8,domicilio,56000,Miércoles,entre_semana
2025-01-08,Costillas de Cerdo,Carnes,5,mesa,54000,Miércoles,entre_semana
2025-01-08,Costillas de Cerdo,Carnes,6,domicilio,54000,Miércoles,entre_semana
2025-01-08,Lomo de Cerdo,Carnes,4,mesa,54000,Miércoles,entre_semana
2025-01-08,Lomo de Cerdo,Carnes,3,domicilio,54000,Miércoles,entre_semana
2025-01-08,Sobrebarriga,Carnes,11,mesa,54000,Miércoles,entre_semana
2025-01-08,Sobrebarriga,Carnes,9,domicilio,54000,Miércoles,entre_semana
2025-01-08,Pechuga Asada,Carnes,2,mesa,52000,Miércoles,entre_semana
2025-01-08,Pechuga Asada,Carnes,4,domicilio,52000,Miércoles,entre_semana
2025-01-08,Mojarra 2en1,Pescados,3,mesa,50000,Miércoles,entre_semana
2025-01-08,Mojarra 2en1,Pescados,5,domicilio,50000,Miércoles,entre_semana
2025-01-08,Trucha 2en1,Pescados,1,mesa,50000,Miércoles,entre_semana
2025-01-08,Trucha 2en1,Pescados,1,domicilio,50000,Miércoles,entre_semana
2025-01-08,Tierra Aire Mar,Pescados,1,domicilio,90000,Miércoles,entre_semana
2025-01-08,Arroz con Pollo,Arroces,7,mesa,45000,Miércoles,entre_semana
2025-01-08,Arroz con Pollo,Arroces,6,domicilio,45000,Miércoles,entre_semana
2025-01-08,Almuerzo Ejecutivo,Corrientes,53,mesa,25000,Miércoles,entre_semana
2025-01-08,Almuerzo Ejecutivo,Corrientes,39,domicilio,25000,Miércoles,entre_semana
2025-01-09,Lengua en salsa,Sopas,1,mesa,60000,Jueves,entre_semana
2025-01-09,Lengua en salsa,Sopas,1,domicilio,60000,Jueves,entre_semana
2025-01-09,Sancocho de Gallina,Sopas,3,mesa,60000,Jueves,entre_semana
2025-01-09,Sancocho de Gallina,Sopas,3,domicilio,60000,Jueves,entre_semana
2025-01-09,Frijoles con Pezuña,Sopas,3,mesa,50000,Jueves,entre_semana
2025-01-09,Frijoles con Pezuña,Sopas,2,domicilio,50000,Jueves,entre_semana
2025-01-09,Pata,Sopas,1,mesa,27000,Jueves,entre_semana
2025-01-09,Pata,Sopas,1,domicilio,27000,Jueves,entre_semana
2025-01-09,Cola de Buey,Sopas,4,mesa,60000,Jueves,entre_semana
2025-01-09,Cola de Buey,Sopas,4,domicilio,60000,Jueves,entre_semana
2025-01-09,Cazuela de Mariscos,Sopas,1,mesa,53000,Jueves,entre_semana
2025-01-09,Cazuela de Mariscos,Sopas,1,domicilio,53000,Jueves,entre_semana
2025-01-09,Carne Asada (Chatas),Carnes,8,mesa,56000,Jueves,entre_semana
2025-01-09,Carne Asada (Chatas),Carnes,9,domicilio,56000,Jueves,entre_semana
2025-01-09,Carne Oreada,Carnes,3,mesa,56000,Jueves,entre_semana
2025-01-09,Carne Oreada,Carnes,3,domicilio,56000,Jueves,entre_semana
2025-01-09,Cabro con Pepitoria,Carnes,10,mesa,56000,Jueves,entre_semana
2025-01-09,Cabro con Pepitoria,Carnes,9,domicilio,56000,Jueves,entre_semana
2025-01-09,Costillas de Cerdo,Carnes,6,mesa,54000,Jueves,entre_semana
2025-01-09,Costillas de Cerdo,Carnes,6,domicilio,54000,Jueves,entre_semana
2025-01-09,Lomo de Cerdo,Carnes,4,mesa,54000,Jueves,entre_semana
2025-01-09,Lomo de Cerdo,Carnes,4,domicilio,54000,Jueves,entre_semana
2025-01-09,Sobrebarriga,Carnes,9,mesa,54000,Jueves,entre_semana
2025-01-09,Sobrebarriga,Carnes,10,domicilio,54000,Jueves,entre_semana
2025-01-09,Pechuga Asada,Carnes,2,mesa,52000,Jueves,entre_semana
2025-01-09,Pechuga Asada,Carnes,4,domicilio,52000,Jueves,entre_semana
2025-01-09,Mojarra 2en1,Pescados,4,mesa,50000,Jueves,entre_semana
2025-01-09,Mojarra 2en1,Pescados,5,domicilio,50000,Jueves,entre_semana
2025-01-09,Trucha 2en1,Pescados,1,mesa,50000,Jueves,entre_semana
2025-01-09,Trucha 2en1,Pescados,1,domicilio,50000,Jueves,entre_semana
2025-01-09,Tierra Aire Mar,Pescados,1,domicilio,90000,Jueves,entre_semana
2025-01-09,Arroz con Pollo,Arroces,9,mesa,45000,Jueves,entre_semana
2025-01-09,Arroz con Pollo,Arroces,9,domicilio,45000,Jueves,entre_semana
2025-01-09,Almuerzo Ejecutivo,Corrientes,49,mesa,25000,Jueves,entre_semana
2025-01-09,Almuerzo Ejecutivo,Corrientes,40,domicilio,25000,Jueves,entre_semana
2025-01-10,Lengua en salsa,Sopas,1,mesa,60000,Viernes,entre_semana
2025-01-10,Lengua en salsa,Sopas,1,domicilio,60000,Viernes,entre_semana
2025-01-10,Sancocho de Gallina,Sopas,2,mesa,60000,Viernes,entre_semana
2025-01-10,Sancocho de Gallina,Sopas,3,domicilio,60000,Viernes,entre_semana
2025-01-10,Frijoles con Pezuña,Sopas,4,mesa,50000,Viernes,entre_semana
2025-01-10,Frijoles con Pezuña,Sopas,2,domicilio,50000,Viernes,entre_semana
2025-01-10,Pata,Sopas,1,mesa,27000,Viernes,entre_semana
2025-01-10,Pata,Sopas,1,domicilio,27000,Viernes,entre_semana
2025-01-10,Cola de Buey,Sopas,3,mesa,60000,Viernes,entre_semana
2025-01-10,Cola de Buey,Sopas,5,domicilio,60000,Viernes,entre_semana
2025-01-10,Cazuela de Mariscos,Sopas,1,mesa,53000,Viernes,entre_semana
2025-01-10,Cazuela de Mariscos,Sopas,1,domicilio,53000,Viernes,entre_semana
2025-01-10,Carne Asada (Chatas),Carnes,8,mesa,56000,Viernes,entre_semana
2025-01-10,Carne Asada (Chatas),Carnes,10,domicilio,56000,Viernes,entre_semana
2025-01-10,Carne Oreada,Carnes,4,mesa,56000,Viernes,entre_semana
2025-01-10,Carne Oreada,Carnes,3,domicilio,56000,Viernes,entre_semana
2025-01-10,Cabro con Pepitoria,Carnes,8,mesa,56000,Viernes,entre_semana
2025-01-10,Cabro con Pepitoria,Carnes,10,domicilio,56000,Viernes,entre_semana
2025-01-10,Costillas de Cerdo,Carnes,4,mesa,54000,Viernes,entre_semana
2025-01-10,Costillas de Cerdo,Carnes,5,domicilio,54000,Viernes,entre_semana
2025-01-10,Lomo de Cerdo,Carnes,5,mesa,54000,Viernes,entre_semana
2025-01-10,Lomo de Cerdo,Carnes,4,domicilio,54000,Viernes,entre_semana
2025-01-10,Sobrebarriga,Carnes,10,mesa,54000,Viernes,entre_semana
2025-01-10,Sobrebarriga,Carnes,8,domicilio,54000,Viernes,entre_semana
2025-01-10,Pechuga Asada,Carnes,2,mesa,52000,Viernes,entre_semana
2025-01-10,Pechuga Asada,Carnes,4,domicilio,52000,Viernes,entre_semana
2025-01-10,Mojarra 2en1,Pescados,4,mesa,50000,Viernes,entre_semana
2025-01-10,Mojarra 2en1,Pescados,4,domicilio,50000,Viernes,entre_semana
2025-01-10,Trucha 2en1,Pescados,1,mesa,50000,Viernes,entre_semana
2025-01-10,Trucha 2en1,Pescados,1,domicilio,50000,Viernes,entre_semana
2025-01-10,Tierra Aire Mar,Pescados,1,domicilio,90000,Viernes,entre_semana
2025-01-10,Arroz con Pollo,Arroces,8,mesa,45000,Viernes,entre_semana
2025-01-10,Arroz con Pollo,Arroces,7,domicilio,45000,Viernes,entre_semana
2025-01-10,Almuerzo Ejecutivo,Corrientes,37,mesa,25000,Viernes,entre_semana
2025-01-10,Almuerzo Ejecutivo,Corrientes,46,domicilio,25000,Viernes,entre_semana
2025-01-11,Lengua en salsa,Sopas,2,mesa,60000,Sábado,sabado
2025-01-11,Lengua en salsa,Sopas,2,domicilio,60000,Sábado,sabado
2025-01-11,Mute,Sopas,16,mesa,30000,Sábado,sabado
2025-01-11,Mute,Sopas,15,domicilio,30000,Sábado,sabado
2025-01-11,Sancocho de Gallina,Sopas,13,mesa,60000,Sábado,sabado
2025-01-11,Sancocho de Gallina,Sopas,11,domicilio,60000,Sábado,sabado
2025-01-11,Frijoles con Pezuña,Sopas,4,mesa,50000,Sábado,sabado
2025-01-11,Frijoles con Pezuña,Sopas,4,domicilio,50000,Sábado,sabado
2025-01-11,Pata,Sopas,3,mesa,27000,Sábado,sabado
2025-01-11,Pata,Sopas,2,domicilio,27000,Sábado,sabado
2025-01-11,Cola de Buey,Sopas,5,mesa,60000,Sábado,sabado
2025-01-11,Cola de Buey,Sopas,7,domicilio,60000,Sábado,sabado
2025-01-11,Cazuela de Mariscos,Sopas,2,mesa,53000,Sábado,sabado
2025-01-11,Cazuela de Mariscos,Sopas,2,domicilio,53000,Sábado,sabado
2025-01-11,Carne Asada (Chatas),Carnes,11,mesa,56000,Sábado,sabado
2025-01-11,Carne Asada (Chatas),Carnes,15,domicilio,56000,Sábado,sabado
2025-01-11,Carne Oreada,Carnes,6,mesa,56000,Sábado,sabado
2025-01-11,Carne Oreada,Carnes,3,domicilio,56000,Sábado,sabado
2025-01-11,Cabro con Pepitoria,Carnes,16,mesa,56000,Sábado,sabado
2025-01-11,Cabro con Pepitoria,Carnes,15,domicilio,56000,Sábado,sabado
2025-01-11,Costillas de Cerdo,Carnes,9,mesa,54000,Sábado,sabado
2025-01-11,Costillas de Cerdo,Carnes,10,domicilio,54000,Sábado,sabado
2025-01-11,Lomo de Cerdo,Carnes,8,mesa,54000,Sábado,sabado
2025-01-11,Lomo de Cerdo,Carnes,7,domicilio,54000,Sábado,sabado
2025-01-11,Sobrebarriga,Carnes,15,mesa,54000,Sábado,sabado
2025-01-11,Sobrebarriga,Carnes,16,domicilio,54000,Sábado,sabado
2025-01-11,Pechuga Asada,Carnes,4,mesa,52000,Sábado,sabado
2025-01-11,Pechuga Asada,Carnes,5,domicilio,52000,Sábado,sabado
2025-01-11,Mojarra 2en1,Pescados,10,mesa,50000,Sábado,sabado
2025-01-11,Mojarra 2en1,Pescados,7,domicilio,50000,Sábado,sabado
2025-01-11,Trucha 2en1,Pescados,2,mesa,50000,Sábado,sabado
2025-01-11,Trucha 2en1,Pescados,2,domicilio,50000,Sábado,sabado
2025-01-11,Tierra Aire Mar,Pescados,1,mesa,90000,Sábado,sabado
2025-01-11,Tierra Aire Mar,Pescados,1,domicilio,90000,Sábado,sabado
2025-01-11,Arroz con Pollo,Arroces,12,mesa,45000,Sábado,sabado
2025-01-11,Arroz con Pollo,Arroces,10,domicilio,45000,Sábado,sabado
2025-01-11,Almuerzo Ejecutivo,Corrientes,41,domicilio,25000,Sábado,sabado
2025-01-12,Lengua en salsa,Sopas,5,mesa,60000,Domingo,domingo
2025-01-12,Lengua en salsa,Sopas,3,domicilio,60000,Domingo,domingo
2025-01-12,Mute,Sopas,39,mesa,30000,Domingo,domingo
2025-01-12,Mute,Sopas,28,domicilio,30000,Domingo,domingo
2025-01-12,Sancocho de Gallina,Sopas,26,mesa,60000,Domingo,domingo
2025-01-12,Sancocho de Gallina,Sopas,23,domicilio,60000,Domingo,domingo
2025-01-12,Pata,Sopas,5,mesa,27000,Domingo,domingo
2025-01-12,Pata,Sopas,4,domicilio,27000,Domingo,domingo
2025-01-12,Cola de Buey,Sopas,11,mesa,60000,Domingo,domingo
2025-01-12,Cola de Buey,Sopas,13,domicilio,60000,Domingo,domingo
2025-01-12,Cazuela de Mariscos,Sopas,3,mesa,53000,Domingo,domingo
2025-01-12,Cazuela de Mariscos,Sopas,2,domicilio,53000,Domingo,domingo
2025-01-12,Carne Asada (Chatas),Carnes,29,mesa,56000,Domingo,domingo
2025-01-12,Carne Asada (Chatas),Carnes,31,domicilio,56000,Domingo,domingo
2025-01-12,Carne Oreada,Carnes,9,mesa,56000,Domingo,domingo
2025-01-12,Carne Oreada,Carnes,8,domicilio,56000,Domingo,domingo
2025-01-12,Cabro con Pepitoria,Carnes,28,mesa,56000,Domingo,domingo
2025-01-12,Cabro con Pepitoria,Carnes,22,domicilio,56000,Domingo,domingo
2025-01-12,Costillas de Cerdo,Carnes,16,mesa,54000,Domingo,domingo
2025-01-12,Costillas de Cerdo,Carnes,22,domicilio,54000,Domingo,domingo
2025-01-12,Lomo de Cerdo,Carnes,12,mesa,54000,Domingo,domingo
2025-01-12,Lomo de Cerdo,Carnes,12,domicilio,54000,Domingo,domingo
2025-01-12,Sobrebarriga,Carnes,32,mesa,54000,Domingo,domingo
2025-01-12,Sobrebarriga,Carnes,24,domicilio,54000,Domingo,domingo
2025-01-12,Pechuga Asada,Carnes,7,mesa,52000,Domingo,domingo
2025-01-12,Pechuga Asada,Carnes,14,domicilio,52000,Domingo,domingo
2025-01-12,Mojarra 2en1,Pescados,15,mesa,50000,Domingo,domingo
2025-01-12,Mojarra 2en1,Pescados,15,domicilio,50000,Domingo,domingo
2025-01-12,Trucha 2en1,Pescados,4,mesa,50000,Domingo,domingo
2025-01-12,Trucha 2en1,Pescados,3,domicilio,50000,Domingo,domingo
2025-01-12,Tierra Aire Mar,Pescados,2,mesa,90000,Domingo,domingo
2025-01-12,Tierra Aire Mar,Pescados,2,domicilio,90000,Domingo,domingo
2025-01-12,Arroz con Pollo,Arroces,20,mesa,45000,Domingo,domingo
2025-01-12,Arroz con Pollo,Arroces,24,domicilio,45000,Domingo,domingo
2025-01-14,Lengua en salsa,Sopas,1,mesa,60000,Martes,entre_semana
2025-01-14,Lengua en salsa,Sopas,1,domicilio,60000,Martes,entre_semana
2025-01-14,Sancocho de Gallina,Sopas,3,mesa,60000,Martes,entre_semana
2025-01-14,Sancocho de Gallina,Sopas,3,domicilio,60000,Martes,entre_semana
2025-01-14,Frijoles con Pezuña,Sopas,3,mesa,50000,Martes,entre_semana
2025-01-14,Frijoles con Pezuña,Sopas,2,domicilio,50000,Martes,entre_semana
2025-01-14,Pata,Sopas,1,mesa,27000,Martes,entre_semana
2025-01-14,Pata,Sopas,1,domicilio,27000,Martes,entre_semana
2025-01-14,Cola de Buey,Sopas,3,mesa,60000,Martes,entre_semana
2025-01-14,Cola de Buey,Sopas,4,domicilio,60000,Martes,entre_semana
2025-01-14,Cazuela de Mariscos,Sopas,1,mesa,53000,Martes,entre_semana
2025-01-14,Cazuela de Mariscos,Sopas,1,domicilio,53000,Martes,entre_semana
2025-01-14,Carne Asada (Chatas),Carnes,8,mesa,56000,Martes,entre_semana
2025-01-14,Carne Asada (Chatas),Carnes,9,domicilio,56000,Martes,entre_semana
2025-01-14,Carne Oreada,Carnes,3,mesa,56000,Martes,entre_semana
2025-01-14,Carne Oreada,Carnes,3,domicilio,56000,Martes,entre_semana
2025-01-14,Cabro con Pepitoria,Carnes,10,mesa,56000,Martes,entre_semana
2025-01-14,Cabro con Pepitoria,Carnes,8,domicilio,56000,Martes,entre_semana
2025-01-14,Costillas de Cerdo,Carnes,4,mesa,54000,Martes,entre_semana
2025-01-14,Costillas de Cerdo,Carnes,6,domicilio,54000,Martes,entre_semana
2025-01-14,Lomo de Cerdo,Carnes,5,mesa,54000,Martes,entre_semana
2025-01-14,Lomo de Cerdo,Carnes,3,domicilio,54000,Martes,entre_semana
2025-01-14,Sobrebarriga,Carnes,11,mesa,54000,Martes,entre_semana
2025-01-14,Sobrebarriga,Carnes,12,domicilio,54000,Martes,entre_semana
2025-01-14,Pechuga Asada,Carnes,2,mesa,52000,Martes,entre_semana
2025-01-14,Pechuga Asada,Carnes,4,domicilio,52000,Martes,entre_semana
2025-01-14,Mojarra 2en1,Pescados,4,mesa,50000,Martes,entre_semana
2025-01-14,Mojarra 2en1,Pescados,3,domicilio,50000,Martes,entre_semana
2025-01-14,Trucha 2en1,Pescados,1,mesa,50000,Martes,entre_semana
2025-01-14,Trucha 2en1,Pescados,1,domicilio,50000,Martes,entre_semana
2025-01-14,Tierra Aire Mar,Pescados,1,domicilio,90000,Martes,entre_semana
2025-01-14,Arroz con Pollo,Arroces,9,mesa,45000,Martes,entre_semana
2025-01-14,Arroz con Pollo,Arroces,7,domicilio,45000,Martes,entre_semana
2025-01-14,Almuerzo Ejecutivo,Corrientes,50,mesa,25000,Martes,entre_semana
2025-01-14,Almuerzo Ejecutivo,Corrientes,42,domicilio,25000,Martes,entre_semana
2025-01-15,Lengua en salsa,Sopas,1,mesa,60000,Miércoles,entre_semana
2025-01-15,Lengua en salsa,Sopas,1,domicilio,60000,Miércoles,entre_semana
2025-01-15,Sancocho de Gallina,Sopas,3,mesa,60000,Miércoles,entre_semana
2025-01-15,Sancocho de Gallina,Sopas,3,domicilio,60000,Miércoles,entre_semana
2025-01-15,Frijoles con Pezuña,Sopas,3,mesa,50000,Miércoles,entre_semana
2025-01-15,Frijoles con Pezuña,Sopas,2,domicilio,50000,Miércoles,entre_semana
2025-01-15,Pata,Sopas,1,mesa,27000,Miércoles,entre_semana
2025-01-15,Pata,Sopas,1,domicilio,27000,Miércoles,entre_semana
2025-01-15,Cola de Buey,Sopas,2,mesa,60000,Miércoles,entre_semana
2025-01-15,Cola de Buey,Sopas,3,domicilio,60000,Miércoles,entre_semana
2025-01-15,Cazuela de Mariscos,Sopas,1,mesa,53000,Miércoles,entre_semana
2025-01-15,Cazuela de Mariscos,Sopas,1,domicilio,53000,Miércoles,entre_semana
2025-01-15,Carne Asada (Chatas),Carnes,10,mesa,56000,Miércoles,entre_semana
2025-01-15,Carne Asada (Chatas),Carnes,8,domicilio,56000,Miércoles,entre_semana
2025-01-15,Carne Oreada,Carnes,3,mesa,56000,Miércoles,entre_semana
2025-01-15,Carne Oreada,Carnes,3,domicilio,56000,Miércoles,entre_semana
2025-01-15,Cabro con Pepitoria,Carnes,11,mesa,56000,Miércoles,entre_semana
2025-01-15,Cabro con Pepitoria,Carnes,10,domicilio,56000,Miércoles,entre_semana
2025-01-15,Costillas de Cerdo,Carnes,4,mesa,54000,Miércoles,entre_semana
2025-01-15,Costillas de Cerdo,Carnes,5,domicilio,54000,Miércoles,entre_semana
2025-01-15,Lomo de Cerdo,Carnes,4,mesa,54000,Miércoles,entre_semana
2025-01-15,Lomo de Cerdo,Carnes,5,domicilio,54000,Miércoles,entre_semana
2025-01-15,Sobrebarriga,Carnes,9,mesa,54000,Miércoles,entre_semana
2025-01-15,Sobrebarriga,Carnes,9,domicilio,54000,Miércoles,entre_semana
2025-01-15,Pechuga Asada,Carnes,2,mesa,52000,Miércoles,entre_semana
2025-01-15,Pechuga Asada,Carnes,3,domicilio,52000,Miércoles,entre_semana
2025-01-15,Mojarra 2en1,Pescados,3,mesa,50000,Miércoles,entre_semana
2025-01-15,Mojarra 2en1,Pescados,4,domicilio,50000,Miércoles,entre_semana
2025-01-15,Trucha 2en1,Pescados,1,mesa,50000,Miércoles,entre_semana
2025-01-15,Trucha 2en1,Pescados,1,domicilio,50000,Miércoles,entre_semana
2025-01-15,Tierra Aire Mar,Pescados,1,domicilio,90000,Miércoles,entre_semana
2025-01-15,Arroz con Pollo,Arroces,8,mesa,45000,Miércoles,entre_semana
2025-01-15,Arroz con Pollo,Arroces,7,domicilio,45000,Miércoles,entre_semana
2025-01-15,Almuerzo Ejecutivo,Corrientes,38,mesa,25000,Miércoles,entre_semana
2025-01-15,Almuerzo Ejecutivo,Corrientes,46,domicilio,25000,Miércoles,entre_semana
2025-01-16,Lengua en salsa,Sopas,1,mesa,60000,Jueves,entre_semana
2025-01-16,Lengua en salsa,Sopas,1,domicilio,60000,Jueves,entre_semana
2025-01-16,Sancocho de Gallina,Sopas,3,mesa,60000,Jueves,entre_semana
2025-01-16,Sancocho de Gallina,Sopas,3,domicilio,60000,Jueves,entre_semana
2025-01-16,Frijoles con Pezuña,Sopas,4,mesa,50000,Jueves,entre_semana
2025-01-16,Frijoles con Pezuña,Sopas,2,domicilio,50000,Jueves,entre_semana
2025-01-16,Pata,Sopas,1,mesa,27000,Jueves,entre_semana
2025-01-16,Pata,Sopas,1,domicilio,27000,Jueves,entre_semana
2025-01-16,Cola de Buey,Sopas,4,mesa,60000,Jueves,entre_semana
2025-01-16,Cola de Buey,Sopas,4,domicilio,60000,Jueves,entre_semana
2025-01-16,Cazuela de Mariscos,Sopas,1,mesa,53000,Jueves,entre_semana
2025-01-16,Cazuela de Mariscos,Sopas,1,domicilio,53000,Jueves,entre_semana
2025-01-16,Carne Asada (Chatas),Carnes,8,mesa,56000,Jueves,entre_semana
2025-01-16,Carne Asada (Chatas),Carnes,10,domicilio,56000,Jueves,entre_semana
2025-01-16,Carne Oreada,Carnes,3,mesa,56000,Jueves,entre_semana
2025-01-16,Carne Oreada,Carnes,3,domicilio,56000,Jueves,entre_semana
2025-01-16,Cabro con Pepitoria,Carnes,10,mesa,56000,Jueves,entre_semana
2025-01-16,Cabro con Pepitoria,Carnes,10,domicilio,56000,Jueves,entre_semana
2025-01-16,Costillas de Cerdo,Carnes,4,mesa,54000,Jueves,entre_semana
2025-01-16,Costillas de Cerdo,Carnes,7,domicilio,54000,Jueves,entre_semana
2025-01-16,Lomo de Cerdo,Carnes,3,mesa,54000,Jueves,entre_semana
2025-01-16,Lomo de Cerdo,Carnes,5,domicilio,54000,Jueves,entre_semana
2025-01-16,Sobrebarriga,Carnes,9,mesa,54000,Jueves,entre_semana
2025-01-16,Sobrebarriga,Carnes,9,domicilio,54000,Jueves,entre_semana
2025-01-16,Pechuga Asada,Carnes,2,mesa,52000,Jueves,entre_semana
2025-01-16,Pechuga Asada,Carnes,3,domicilio,52000,Jueves,entre_semana
2025-01-16,Mojarra 2en1,Pescados,4,mesa,50000,Jueves,entre_semana
2025-01-16,Mojarra 2en1,Pescados,4,domicilio,50000,Jueves,entre_semana
2025-01-16,Trucha 2en1,Pescados,1,mesa,50000,Jueves,entre_semana
2025-01-16,Trucha 2en1,Pescados,1,domicilio,50000,Jueves,entre_semana
2025-01-16,Tierra Aire Mar,Pescados,1,domicilio,90000,Jueves,entre_semana
2025-01-16,Arroz con Pollo,Arroces,8,mesa,45000,Jueves,entre_semana
2025-01-16,Arroz con Pollo,Arroces,7,domicilio,45000,Jueves,entre_semana
2025-01-16,Almuerzo Ejecutivo,Corrientes,49,mesa,25000,Jueves,entre_semana
2025-01-16,Almuerzo Ejecutivo,Corrientes,53,domicilio,25000,Jueves,entre_semana
2025-01-17,Lengua en salsa,Sopas,1,mesa,60000,Viernes,entre_semana
2025-01-17,Lengua en salsa,Sopas,1,domicilio,60000,Viernes,entre_semana
2025-01-17,Sancocho de Gallina,Sopas,3,mesa,60000,Viernes,entre_semana
2025-01-17,Sancocho de Gallina,Sopas,3,domicilio,60000,Viernes,entre_semana
2025-01-17,Frijoles con Pezuña,Sopas,3,mesa,50000,Viernes,entre_semana
2025-01-17,Frijoles con Pezuña,Sopas,2,domicilio,50000,Viernes,entre_semana
2025-01-17,Pata,Sopas,1,mesa,27000,Viernes,entre_semana
2025-01-17,Pata,Sopas,1,domicilio,27000,Viernes,entre_semana
2025-01-17,Cola de Buey,Sopas,3,mesa,60000,Viernes,entre_semana
2025-01-17,Cola de Buey,Sopas,4,domicilio,60000,Viernes,entre_semana
2025-01-17,Cazuela de Mariscos,Sopas,1,mesa,53000,Viernes,entre_semana
2025-01-17,Cazuela de Mariscos,Sopas,1,domicilio,53000,Viernes,entre_semana
2025-01-17,Carne Asada (Chatas),Carnes,9,mesa,56000,Viernes,entre_semana
2025-01-17,Carne Asada (Chatas),Carnes,10,domicilio,56000,Viernes,entre_semana
2025-01-17,Carne Oreada,Carnes,3,mesa,56000,Viernes,entre_semana
2025-01-17,Carne Oreada,Carnes,2,domicilio,56000,Viernes,entre_semana
2025-01-17,Cabro con Pepitoria,Carnes,9,mesa,56000,Viernes,entre_semana
2025-01-17,Cabro con Pepitoria,Carnes,9,domicilio,56000,Viernes,entre_semana
2025-01-17,Costillas de Cerdo,Carnes,6,mesa,54000,Viernes,entre_semana
2025-01-17,Costillas de Cerdo,Carnes,6,domicilio,54000,Viernes,entre_semana
2025-01-17,Lomo de Cerdo,Carnes,4,mesa,54000,Viernes,entre_semana
2025-01-17,Lomo de Cerdo,Carnes,4,domicilio,54000,Viernes,entre_semana
2025-01-17,Sobrebarriga,Carnes,8,mesa,54000,Viernes,entre_semana
2025-01-17,Sobrebarriga,Carnes,11,domicilio,54000,Viernes,entre_semana
2025-01-17,Pechuga Asada,Carnes,2,mesa,52000,Viernes,entre_semana
2025-01-17,Pechuga Asada,Carnes,4,domicilio,52000,Viernes,entre_semana
2025-01-17,Mojarra 2en1,Pescados,4,mesa,50000,Viernes,entre_semana
2025-01-17,Mojarra 2en1,Pescados,4,domicilio,50000,Viernes,entre_semana
2025-01-17,Trucha 2en1,Pescados,1,mesa,50000,Viernes,entre_semana
2025-01-17,Trucha 2en1,Pescados,1,domicilio,50000,Viernes,entre_semana
2025-01-17,Tierra Aire Mar,Pescados,1,domicilio,90000,Viernes,entre_semana
2025-01-17,Arroz con Pollo,Arroces,9,mesa,45000,Viernes,entre_semana
2025-01-17,Arroz con Pollo,Arroces,9,domicilio,45000,Viernes,entre_semana
2025-01-17,Almuerzo Ejecutivo,Corrientes,45,mesa,25000,Viernes,entre_semana
2025-01-17,Almuerzo Ejecutivo,Corrientes,48,domicilio,25000,Viernes,entre_semana
2025-01-18,Lengua en salsa,Sopas,2,mesa,60000,Sábado,sabado
2025-01-18,Lengua en salsa,Sopas,2,domicilio,60000,Sábado,sabado
2025-01-18,Mute,Sopas,15,mesa,30000,Sábado,sabado
2025-01-18,Mute,Sopas,16,domicilio,30000,Sábado,sabado
2025-01-18,Sancocho de Gallina,Sopas,11,mesa,60000,Sábado,sabado
2025-01-18,Sancocho de Gallina,Sopas,11,domicilio,60000,Sábado,sabado
2025-01-18,Frijoles con Pezuña,Sopas,3,mesa,50000,Sábado,sabado
2025-01-18,Frijoles con Pezuña,Sopas,4,domicilio,50000,Sábado,sabado
2025-01-18,Pata,Sopas,3,mesa,27000,Sábado,sabado
2025-01-18,Pata,Sopas,2,domicilio,27000,Sábado,sabado
2025-01-18,Cola de Buey,Sopas,5,mesa,60000,Sábado,sabado
2025-01-18,Cola de Buey,Sopas,7,domicilio,60000,Sábado,sabado
2025-01-18,Cazuela de Mariscos,Sopas,2,mesa,53000,Sábado,sabado
2025-01-18,Cazuela de Mariscos,Sopas,2,domicilio,53000,Sábado,sabado
2025-01-18,Carne Asada (Chatas),Carnes,15,mesa,56000,Sábado,sabado
2025-01-18,Carne Asada (Chatas),Carnes,13,domicilio,56000,Sábado,sabado
2025-01-18,Carne Oreada,Carnes,5,mesa,56000,Sábado,sabado
2025-01-18,Carne Oreada,Carnes,4,domicilio,56000,Sábado,sabado
2025-01-18,Cabro con Pepitoria,Carnes,15,mesa,56000,Sábado,sabado
2025-01-18,Cabro con Pepitoria,Carnes,12,domicilio,56000,Sábado,sabado
2025-01-18,Costillas de Cerdo,Carnes,9,mesa,54000,Sábado,sabado
2025-01-18,Costillas de Cerdo,Carnes,10,domicilio,54000,Sábado,sabado
2025-01-18,Lomo de Cerdo,Carnes,7,mesa,54000,Sábado,sabado
2025-01-18,Lomo de Cerdo,Carnes,7,domicilio,54000,Sábado,sabado
2025-01-18,Sobrebarriga,Carnes,18,mesa,54000,Sábado,sabado
2025-01-18,Sobrebarriga,Carnes,16,domicilio,54000,Sábado,sabado
2025-01-18,Pechuga Asada,Carnes,4,mesa,52000,Sábado,sabado
2025-01-18,Pechuga Asada,Carnes,6,domicilio,52000,Sábado,sabado
2025-01-18,Mojarra 2en1,Pescados,7,mesa,50000,Sábado,sabado
2025-01-18,Mojarra 2en1,Pescados,7,domicilio,50000,Sábado,sabado
2025-01-18,Trucha 2en1,Pescados,2,mesa,50000,Sábado,sabado
2025-01-18,Trucha 2en1,Pescados,2,domicilio,50000,Sábado,sabado
2025-01-18,Tierra Aire Mar,Pescados,1,mesa,90000,Sábado,sabado
2025-01-18,Tierra Aire Mar,Pescados,1,domicilio,90000,Sábado,sabado
2025-01-18,Arroz con Pollo,Arroces,13,mesa,45000,Sábado,sabado
2025-01-18,Arroz con Pollo,Arroces,12,domicilio,45000,Sábado,sabado
2025-01-18,Almuerzo Ejecutivo,Corrientes,39,domicilio,25000,Sábado,sabado
2025-01-19,Lengua en salsa,Sopas,5,mesa,60000,Domingo,domingo
2025-01-19,Lengua en salsa,Sopas,3,domicilio,60000,Domingo,domingo
2025-01-19,Mute,Sopas,39,mesa,30000,Domingo,domingo
2025-01-19,Mute,Sopas,36,domicilio,30000,Domingo,domingo
2025-01-19,Sancocho de Gallina,Sopas,21,mesa,60000,Domingo,domingo
2025-01-19,Sancocho de Gallina,Sopas,18,domicilio,60000,Domingo,domingo
2025-01-19,Pata,Sopas,7,mesa,27000,Domingo,domingo
2025-01-19,Pata,Sopas,4,domicilio,27000,Domingo,domingo
2025-01-19,Cola de Buey,Sopas,10,mesa,60000,Domingo,domingo
2025-01-19,Cola de Buey,Sopas,13,domicilio,60000,Domingo,domingo
2025-01-19,Cazuela de Mariscos,Sopas,4,mesa,53000,Domingo,domingo
2025-01-19,Cazuela de Mariscos,Sopas,3,domicilio,53000,Domingo,domingo
2025-01-19,Carne Asada (Chatas),Carnes,33,mesa,56000,Domingo,domingo
2025-01-19,Carne Asada (Chatas),Carnes,32,domicilio,56000,Domingo,domingo
2025-01-19,Carne Oreada,Carnes,11,mesa,56000,Domingo,domingo
2025-01-19,Carne Oreada,Carnes,7,domicilio,56000,Domingo,domingo
2025-01-19,Cabro con Pepitoria,Carnes,32,mesa,56000,Domingo,domingo
2025-01-19,Cabro con Pepitoria,Carnes,22,domicilio,56000,Domingo,domingo
2025-01-19,Costillas de Cerdo,Carnes,17,mesa,54000,Domingo,domingo
2025-01-19,Costillas de Cerdo,Carnes,20,domicilio,54000,Domingo,domingo
2025-01-19,Lomo de Cerdo,Carnes,15,mesa,54000,Domingo,domingo
2025-01-19,Lomo de Cerdo,Carnes,13,domicilio,54000,Domingo,domingo
2025-01-19,Sobrebarriga,Carnes,32,mesa,54000,Domingo,domingo
2025-01-19,Sobrebarriga,Carnes,29,domicilio,54000,Domingo,domingo
2025-01-19,Pechuga Asada,Carnes,8,mesa,52000,Domingo,domingo
2025-01-19,Pechuga Asada,Carnes,11,domicilio,52000,Domingo,domingo
2025-01-19,Mojarra 2en1,Pescados,15,mesa,50000,Domingo,domingo
2025-01-19,Mojarra 2en1,Pescados,15,domicilio,50000,Domingo,domingo
2025-01-19,Trucha 2en1,Pescados,4,mesa,50000,Domingo,domingo
2025-01-19,Trucha 2en1,Pescados,3,domicilio,50000,Domingo,domingo
2025-01-19,Tierra Aire Mar,Pescados,2,mesa,90000,Domingo,domingo
2025-01-19,Tierra Aire Mar,Pescados,2,domicilio,90000,Domingo,domingo
2025-01-19,Arroz con Pollo,Arroces,22,mesa,45000,Domingo,domingo
2025-01-19,Arroz con Pollo,Arroces,26,domicilio,45000,Domingo,domingo
2025-01-21,Lengua en salsa,Sopas,1,mesa,60000,Martes,entre_semana
2025-01-21,Lengua en salsa,Sopas,1,domicilio,60000,Martes,entre_semana
2025-01-21,Sancocho de Gallina,Sopas,3,mesa,60000,Martes,entre_semana
2025-01-21,Sancocho de Gallina,Sopas,3,domicilio,60000,Martes,entre_semana
2025-01-21,Frijoles con Pezuña,Sopas,3,mesa,50000,Martes,entre_semana
2025-01-21,Frijoles con Pezuña,Sopas,2,domicilio,50000,Martes,entre_semana
2025-01-21,Pata,Sopas,1,mesa,27000,Martes,entre_semana
2025-01-21,Pata,Sopas,1,domicilio,27000,Martes,entre_semana
2025-01-21,Cola de Buey,Sopas,3,mesa,60000,Martes,entre_semana
2025-01-21,Cola de Buey,Sopas,5,domicilio,60000,Martes,entre_semana
2025-01-21,Cazuela de Mariscos,Sopas,1,mesa,53000,Martes,entre_semana
2025-01-21,Cazuela de Mariscos,Sopas,1,domicilio,53000,Martes,entre_semana
2025-01-21,Carne Asada (Chatas),Carnes,10,mesa,56000,Martes,entre_semana
2025-01-21,Carne Asada (Chatas),Carnes,9,domicilio,56000,Martes,entre_semana
2025-01-21,Carne Oreada,Carnes,3,mesa,56000,Martes,entre_semana
2025-01-21,Carne Oreada,Carnes,3,domicilio,56000,Martes,entre_semana
2025-01-21,Cabro con Pepitoria,Carnes,10,mesa,56000,Martes,entre_semana
2025-01-21,Cabro con Pepitoria,Carnes,11,domicilio,56000,Martes,entre_semana
2025-01-21,Costillas de Cerdo,Carnes,4,mesa,54000,Martes,entre_semana
2025-01-21,Costillas de Cerdo,Carnes,6,domicilio,54000,Martes,entre_semana
2025-01-21,Lomo de Cerdo,Carnes,4,mesa,54000,Martes,entre_semana
2025-01-21,Lomo de Cerdo,Carnes,3,domicilio,54000,Martes,entre_semana
2025-01-21,Sobrebarriga,Carnes,9,mesa,54000,Martes,entre_semana
2025-01-21,Sobrebarriga,Carnes,10,domicilio,54000,Martes,entre_semana
2025-01-21,Pechuga Asada,Carnes,2,mesa,52000,Martes,entre_semana
2025-01-21,Pechuga Asada,Carnes,4,domicilio,52000,Martes,entre_semana
2025-01-21,Mojarra 2en1,Pescados,4,mesa,50000,Martes,entre_semana
2025-01-21,Mojarra 2en1,Pescados,4,domicilio,50000,Martes,entre_semana
2025-01-21,Trucha 2en1,Pescados,1,mesa,50000,Martes,entre_semana
2025-01-21,Trucha 2en1,Pescados,1,domicilio,50000,Martes,entre_semana
2025-01-21,Tierra Aire Mar,Pescados,1,domicilio,90000,Martes,entre_semana
2025-01-21,Arroz con Pollo,Arroces,8,mesa,45000,Martes,entre_semana
2025-01-21,Arroz con Pollo,Arroces,9,domicilio,45000,Martes,entre_semana
2025-01-21,Almuerzo Ejecutivo,Corrientes,49,mesa,25000,Martes,entre_semana
2025-01-21,Almuerzo Ejecutivo,Corrientes,49,domicilio,25000,Martes,entre_semana
2025-01-22,Lengua en salsa,Sopas,1,mesa,60000,Miércoles,entre_semana
2025-01-22,Lengua en salsa,Sopas,1,domicilio,60000,Miércoles,entre_semana
2025-01-22,Sancocho de Gallina,Sopas,3,mesa,60000,Miércoles,entre_semana
2025-01-22,Sancocho de Gallina,Sopas,3,domicilio,60000,Miércoles,entre_semana
2025-01-22,Frijoles con Pezuña,Sopas,3,mesa,50000,Miércoles,entre_semana
2025-01-22,Frijoles con Pezuña,Sopas,2,domicilio,50000,Miércoles,entre_semana
2025-01-22,Pata,Sopas,1,mesa,27000,Miércoles,entre_semana
2025-01-22,Pata,Sopas,1,domicilio,27000,Miércoles,entre_semana
2025-01-22,Cola de Buey,Sopas,3,mesa,60000,Miércoles,entre_semana
2025-01-22,Cola de Buey,Sopas,4,domicilio,60000,Miércoles,entre_semana
2025-01-22,Cazuela de Mariscos,Sopas,1,mesa,53000,Miércoles,entre_semana
2025-01-22,Cazuela de Mariscos,Sopas,1,domicilio,53000,Miércoles,entre_semana
2025-01-22,Carne Asada (Chatas),Carnes,7,mesa,56000,Miércoles,entre_semana
2025-01-22,Carne Asada (Chatas),Carnes,8,domicilio,56000,Miércoles,entre_semana
2025-01-22,Carne Oreada,Carnes,3,mesa,56000,Miércoles,entre_semana
2025-01-22,Carne Oreada,Carnes,3,domicilio,56000,Miércoles,entre_semana
2025-01-22,Cabro con Pepitoria,Carnes,10,mesa,56000,Miércoles,entre_semana
2025-01-22,Cabro con Pepitoria,Carnes,9,domicilio,56000,Miércoles,entre_semana
2025-01-22,Costillas de Cerdo,Carnes,5,mesa,54000,Miércoles,entre_semana
2025-01-22,Costillas de Cerdo,Carnes,7,domicilio,54000,Miércoles,entre_semana
2025-01-22,Lomo de Cerdo,Carnes,5,mesa,54000,Miércoles,entre_semana
2025-01-22,Lomo de Cerdo,Carnes,4,domicilio,54000,Miércoles,entre_semana
2025-01-22,Sobrebarriga,Carnes,12,mesa,54000,Miércoles,entre_semana
2025-01-22,Sobrebarriga,Carnes,9,domicilio,54000,Miércoles,entre_semana
2025-01-22,Pechuga Asada,Carnes,2,mesa,52000,Miércoles,entre_semana
2025-01-22,Pechuga Asada,Carnes,5,domicilio,52000,Miércoles,entre_semana
2025-01-22,Mojarra 2en1,Pescados,4,mesa,50000,Miércoles,entre_semana
2025-01-22,Mojarra 2en1,Pescados,4,domicilio,50000,Miércoles,entre_semana
2025-01-22,Trucha 2en1,Pescados,1,mesa,50000,Miércoles,entre_semana
2025-01-22,Trucha 2en1,Pescados,1,domicilio,50000,Miércoles,entre_semana
2025-01-22,Tierra Aire Mar,Pescados,1,domicilio,90000,Miércoles,entre_semana
2025-01-22,Arroz con Pollo,Arroces,9,mesa,45000,Miércoles,entre_semana
2025-01-22,Arroz con Pollo,Arroces,8,domicilio,45000,Miércoles,entre_semana
2025-01-22,Almuerzo Ejecutivo,Corrientes,44,mesa,25000,Miércoles,entre_semana
2025-01-22,Almuerzo Ejecutivo,Corrientes,38,domicilio,25000,Miércoles,entre_semana
2025-01-23,Lengua en salsa,Sopas,1,mesa,60000,Jueves,entre_semana
2025-01-23,Lengua en salsa,Sopas,1,domicilio,60000,Jueves,entre_semana
2025-01-23,Sancocho de Gallina,Sopas,3,mesa,60000,Jueves,entre_semana
2025-01-23,Sancocho de Gallina,Sopas,3,domicilio,60000,Jueves,entre_semana
2025-01-23,Frijoles con Pezuña,Sopas,3,mesa,50000,Jueves,entre_semana
2025-01-23,Frijoles con Pezuña,Sopas,2,domicilio,50000,Jueves,entre_semana
2025-01-23,Pata,Sopas,1,mesa,27000,Jueves,entre_semana
2025-01-23,Pata,Sopas,1,domicilio,27000,Jueves,entre_semana
2025-01-23,Cola de Buey,Sopas,4,mesa,60000,Jueves,entre_semana
2025-01-23,Cola de Buey,Sopas,4,domicilio,60000,Jueves,entre_semana
2025-01-23,Cazuela de Mariscos,Sopas,1,mesa,53000,Jueves,entre_semana
2025-01-23,Cazuela de Mariscos,Sopas,1,domicilio,53000,Jueves,entre_semana
2025-01-23,Carne Asada (Chatas),Carnes,9,mesa,56000,Jueves,entre_semana
2025-01-23,Carne Asada (Chatas),Carnes,9,domicilio,56000,Jueves,entre_semana
2025-01-23,Carne Oreada,Carnes,2,mesa,56000,Jueves,entre_semana
2025-01-23,Carne Oreada,Carnes,3,domicilio,56000,Jueves,entre_semana
2025-01-23,Cabro con Pepitoria,Carnes,11,mesa,56000,Jueves,entre_semana
2025-01-23,Cabro con Pepitoria,Carnes,7,domicilio,56000,Jueves,entre_semana
2025-01-23,Costillas de Cerdo,Carnes,5,mesa,54000,Jueves,entre_semana
2025-01-23,Costillas de Cerdo,Carnes,7,domicilio,54000,Jueves,entre_semana
2025-01-23,Lomo de Cerdo,Carnes,3,mesa,54000,Jueves,entre_semana
2025-01-23,Lomo de Cerdo,Carnes,4,domicilio,54000,Jueves,entre_semana
2025-01-23,Sobrebarriga,Carnes,11,mesa,54000,Jueves,entre_semana
2025-01-23,Sobrebarriga,Carnes,9,domicilio,54000,Jueves,entre_semana
2025-01-23,Pechuga Asada,Carnes,2,mesa,52000,Jueves,entre_semana
2025-01-23,Pechuga Asada,Carnes,5,domicilio,52000,Jueves,entre_semana
2025-01-23,Mojarra 2en1,Pescados,4,mesa,50000,Jueves,entre_semana
2025-01-23,Mojarra 2en1,Pescados,4,domicilio,50000,Jueves,entre_semana
2025-01-23,Trucha 2en1,Pescados,1,mesa,50000,Jueves,entre_semana
2025-01-23,Trucha 2en1,Pescados,1,domicilio,50000,Jueves,entre_semana
2025-01-23,Tierra Aire Mar,Pescados,1,domicilio,90000,Jueves,entre_semana
2025-01-23,Arroz con Pollo,Arroces,9,mesa,45000,Jueves,entre_semana
2025-01-23,Arroz con Pollo,Arroces,7,domicilio,45000,Jueves,entre_semana
2025-01-23,Almuerzo Ejecutivo,Corrientes,53,mesa,25000,Jueves,entre_semana
2025-01-23,Almuerzo Ejecutivo,Corrientes,47,domicilio,25000,Jueves,entre_semana
2025-01-24,Lengua en salsa,Sopas,1,mesa,60000,Viernes,entre_semana
2025-01-24,Lengua en salsa,Sopas,1,domicilio,60000,Viernes,entre_semana
2025-01-24,Sancocho de Gallina,Sopas,3,mesa,60000,Viernes,entre_semana
2025-01-24,Sancocho de Gallina,Sopas,3,domicilio,60000,Viernes,entre_semana
2025-01-24,Frijoles con Pezuña,Sopas,3,mesa,50000,Viernes,entre_semana
2025-01-24,Frijoles con Pezuña,Sopas,2,domicilio,50000,Viernes,entre_semana
2025-01-24,Pata,Sopas,1,mesa,27000,Viernes,entre_semana
2025-01-24,Pata,Sopas,1,domicilio,27000,Viernes,entre_semana
2025-01-24,Cola de Buey,Sopas,3,mesa,60000,Viernes,entre_semana
2025-01-24,Cola de Buey,Sopas,4,domicilio,60000,Viernes,entre_semana
2025-01-24,Cazuela de Mariscos,Sopas,1,mesa,53000,Viernes,entre_semana
2025-01-24,Cazuela de Mariscos,Sopas,1,domicilio,53000,Viernes,entre_semana
2025-01-24,Carne Asada (Chatas),Carnes,9,mesa,56000,Viernes,entre_semana
2025-01-24,Carne Asada (Chatas),Carnes,9,domicilio,56000,Viernes,entre_semana
2025-01-24,Carne Oreada,Carnes,2,mesa,56000,Viernes,entre_semana
2025-01-24,Carne Oreada,Carnes,2,domicilio,56000,Viernes,entre_semana
2025-01-24,Cabro con Pepitoria,Carnes,11,mesa,56000,Viernes,entre_semana
2025-01-24,Cabro con Pepitoria,Carnes,7,domicilio,56000,Viernes,entre_semana
2025-01-24,Costillas de Cerdo,Carnes,5,mesa,54000,Viernes,entre_semana
2025-01-24,Costillas de Cerdo,Carnes,6,domicilio,54000,Viernes,entre_semana
2025-01-24,Lomo de Cerdo,Carnes,4,mesa,54000,Viernes,entre_semana
2025-01-24,Lomo de Cerdo,Carnes,5,domicilio,54000,Viernes,entre_semana
2025-01-24,Sobrebarriga,Carnes,11,mesa,54000,Viernes,entre_semana
2025-01-24,Sobrebarriga,Carnes,9,domicilio,54000,Viernes,entre_semana
2025-01-24,Pechuga Asada,Carnes,2,mesa,52000,Viernes,entre_semana
2025-01-24,Pechuga Asada,Carnes,3,domicilio,52000,Viernes,entre_semana
2025-01-24,Mojarra 2en1,Pescados,4,mesa,50000,Viernes,entre_semana
2025-01-24,Mojarra 2en1,Pescados,4,domicilio,50000,Viernes,entre_semana
2025-01-24,Trucha 2en1,Pescados,1,mesa,50000,Viernes,entre_semana
2025-01-24,Trucha 2en1,Pescados,1,domicilio,50000,Viernes,entre_semana
2025-01-24,Tierra Aire Mar,Pescados,1,domicilio,90000,Viernes,entre_semana
2025-01-24,Arroz con Pollo,Arroces,8,mesa,45000,Viernes,entre_semana
2025-01-24,Arroz con Pollo,Arroces,8,domicilio,45000,Viernes,entre_semana
2025-01-24,Almuerzo Ejecutivo,Corrientes,39,mesa,25000,Viernes,entre_semana
2025-01-24,Almuerzo Ejecutivo,Corrientes,49,domicilio,25000,Viernes,entre_semana
2025-01-25,Lengua en salsa,Sopas,2,mesa,60000,Sábado,sabado
2025-01-25,Lengua en salsa,Sopas,2,domicilio,60000,Sábado,sabado
2025-01-25,Mute,Sopas,15,mesa,30000,Sábado,sabado
2025-01-25,Mute,Sopas,11,domicilio,30000,Sábado,sabado
2025-01-25,Sancocho de Gallina,Sopas,12,mesa,60000,Sábado,sabado
2025-01-25,Sancocho de Gallina,Sopas,9,domicilio,60000,Sábado,sabado
2025-01-25,Frijoles con Pezuña,Sopas,5,mesa,50000,Sábado,sabado
2025-01-25,Frijoles con Pezuña,Sopas,3,domicilio,50000,Sábado,sabado
2025-01-25,Pata,Sopas,3,mesa,27000,Sábado,sabado
2025-01-25,Pata,Sopas,2,domicilio,27000,Sábado,sabado
2025-01-25,Cola de Buey,Sopas,4,mesa,60000,Sábado,sabado
2025-01-25,Cola de Buey,Sopas,9,domicilio,60000,Sábado,sabado
2025-01-25,Cazuela de Mariscos,Sopas,2,mesa,53000,Sábado,sabado
2025-01-25,Cazuela de Mariscos,Sopas,2,domicilio,53000,Sábado,sabado
2025-01-25,Carne Asada (Chatas),Carnes,14,mesa,56000,Sábado,sabado
2025-01-25,Carne Asada (Chatas),Carnes,17,domicilio,56000,Sábado,sabado
2025-01-25,Carne Oreada,Carnes,6,mesa,56000,Sábado,sabado
2025-01-25,Carne Oreada,Carnes,4,domicilio,56000,Sábado,sabado
2025-01-25,Cabro con Pepitoria,Carnes,13,mesa,56000,Sábado,sabado
2025-01-25,Cabro con Pepitoria,Carnes,15,domicilio,56000,Sábado,sabado
2025-01-25,Costillas de Cerdo,Carnes,8,mesa,54000,Sábado,sabado
2025-01-25,Costillas de Cerdo,Carnes,10,domicilio,54000,Sábado,sabado
2025-01-25,Lomo de Cerdo,Carnes,7,mesa,54000,Sábado,sabado
2025-01-25,Lomo de Cerdo,Carnes,5,domicilio,54000,Sábado,sabado
2025-01-25,Sobrebarriga,Carnes,13,mesa,54000,Sábado,sabado
2025-01-25,Sobrebarriga,Carnes,16,domicilio,54000,Sábado,sabado
2025-01-25,Pechuga Asada,Carnes,5,mesa,52000,Sábado,sabado
2025-01-25,Pechuga Asada,Carnes,5,domicilio,52000,Sábado,sabado
2025-01-25,Mojarra 2en1,Pescados,8,mesa,50000,Sábado,sabado
2025-01-25,Mojarra 2en1,Pescados,7,domicilio,50000,Sábado,sabado
2025-01-25,Trucha 2en1,Pescados,2,mesa,50000,Sábado,sabado
2025-01-25,Trucha 2en1,Pescados,2,domicilio,50000,Sábado,sabado
2025-01-25,Tierra Aire Mar,Pescados,1,mesa,90000,Sábado,sabado
2025-01-25,Tierra Aire Mar,Pescados,1,domicilio,90000,Sábado,sabado
2025-01-25,Arroz con Pollo,Arroces,13,mesa,45000,Sábado,sabado
2025-01-25,Arroz con Pollo,Arroces,14,domicilio,45000,Sábado,sabado
2025-01-25,Almuerzo Ejecutivo,Corrientes,44,domicilio,25000,Sábado,sabado
2025-01-26,Lengua en salsa,Sopas,5,mesa,60000,Domingo,domingo
2025-01-26,Lengua en salsa,Sopas,3,domicilio,60000,Domingo,domingo
2025-01-26,Mute,Sopas,42,mesa,30000,Domingo,domingo
2025-01-26,Mute,Sopas,29,domicilio,30000,Domingo,domingo
2025-01-26,Sancocho de Gallina,Sopas,26,mesa,60000,Domingo,domingo
2025-01-26,Sancocho de Gallina,Sopas,19,domicilio,60000,Domingo,domingo
2025-01-26,Pata,Sopas,6,mesa,27000,Domingo,domingo
2025-01-26,Pata,Sopas,3,domicilio,27000,Domingo,domingo
2025-01-26,Cola de Buey,Sopas,9,mesa,60000,Domingo,domingo
2025-01-26,Cola de Buey,Sopas,12,domicilio,60000,Domingo,domingo
2025-01-26,Cazuela de Mariscos,Sopas,4,mesa,53000,Domingo,domingo
2025-01-26,Cazuela de Mariscos,Sopas,3,domicilio,53000,Domingo,domingo
2025-01-26,Carne Asada (Chatas),Carnes,26,mesa,56000,Domingo,domingo
2025-01-26,Carne Asada (Chatas),Carnes,31,domicilio,56000,Domingo,domingo
2025-01-26,Carne Oreada,Carnes,12,mesa,56000,Domingo,domingo
2025-01-26,Carne Oreada,Carnes,11,domicilio,56000,Domingo,domingo
2025-01-26,Cabro con Pepitoria,Carnes,26,mesa,56000,Domingo,domingo
2025-01-26,Cabro con Pepitoria,Carnes,22,domicilio,56000,Domingo,domingo
2025-01-26,Costillas de Cerdo,Carnes,13,mesa,54000,Domingo,domingo
2025-01-26,Costillas de Cerdo,Carnes,19,domicilio,54000,Domingo,domingo
2025-01-26,Lomo de Cerdo,Carnes,15,mesa,54000,Domingo,domingo
2025-01-26,Lomo de Cerdo,Carnes,11,domicilio,54000,Domingo,domingo
2025-01-26,Sobrebarriga,Carnes,25,mesa,54000,Domingo,domingo
2025-01-26,Sobrebarriga,Carnes,32,domicilio,54000,Domingo,domingo
2025-01-26,Pechuga Asada,Carnes,8,mesa,52000,Domingo,domingo
2025-01-26,Pechuga Asada,Carnes,13,domicilio,52000,Domingo,domingo
2025-01-26,Mojarra 2en1,Pescados,13,mesa,50000,Domingo,domingo
2025-01-26,Mojarra 2en1,Pescados,14,domicilio,50000,Domingo,domingo
2025-01-26,Trucha 2en1,Pescados,3,mesa,50000,Domingo,domingo
2025-01-26,Trucha 2en1,Pescados,4,domicilio,50000,Domingo,domingo
2025-01-26,Tierra Aire Mar,Pescados,2,mesa,90000,Domingo,domingo
2025-01-26,Tierra Aire Mar,Pescados,2,domicilio,90000,Domingo,domingo
2025-01-26,Arroz con Pollo,Arroces,29,mesa,45000,Domingo,domingo
2025-01-26,Arroz con Pollo,Arroces,26,domicilio,45000,Domingo,domingo
2025-01-28,Lengua en salsa,Sopas,1,mesa,60000,Martes,entre_semana
2025-01-28,Lengua en salsa,Sopas,1,domicilio,60000,Martes,entre_semana
2025-01-28,Sancocho de Gallina,Sopas,3,mesa,60000,Martes,entre_semana
2025-01-28,Sancocho de Gallina,Sopas,3,domicilio,60000,Martes,entre_semana
2025-01-28,Frijoles con Pezuña,Sopas,3,mesa,50000,Martes,entre_semana
2025-01-28,Frijoles con Pezuña,Sopas,2,domicilio,50000,Martes,entre_semana
2025-01-28,Pata,Sopas,1,mesa,27000,Martes,entre_semana
2025-01-28,Pata,Sopas,1,domicilio,27000,Martes,entre_semana
2025-01-28,Cola de Buey,Sopas,2,mesa,60000,Martes,entre_semana
2025-01-28,Cola de Buey,Sopas,5,domicilio,60000,Martes,entre_semana
2025-01-28,Cazuela de Mariscos,Sopas,1,mesa,53000,Martes,entre_semana
2025-01-28,Cazuela de Mariscos,Sopas,1,domicilio,53000,Martes,entre_semana
2025-01-28,Carne Asada (Chatas),Carnes,8,mesa,56000,Martes,entre_semana
2025-01-28,Carne Asada (Chatas),Carnes,8,domicilio,56000,Martes,entre_semana
2025-01-28,Carne Oreada,Carnes,3,mesa,56000,Martes,entre_semana
2025-01-28,Carne Oreada,Carnes,3,domicilio,56000,Martes,entre_semana
2025-01-28,Cabro con Pepitoria,Carnes,9,mesa,56000,Martes,entre_semana
2025-01-28,Cabro con Pepitoria,Carnes,11,domicilio,56000,Martes,entre_semana
2025-01-28,Costillas de Cerdo,Carnes,5,mesa,54000,Martes,entre_semana
2025-01-28,Costillas de Cerdo,Carnes,5,domicilio,54000,Martes,entre_semana
2025-01-28,Lomo de Cerdo,Carnes,3,mesa,54000,Martes,entre_semana
2025-01-28,Lomo de Cerdo,Carnes,4,domicilio,54000,Martes,entre_semana
2025-01-28,Sobrebarriga,Carnes,10,mesa,54000,Martes,entre_semana
2025-01-28,Sobrebarriga,Carnes,10,domicilio,54000,Martes,entre_semana
2025-01-28,Pechuga Asada,Carnes,2,mesa,52000,Martes,entre_semana
2025-01-28,Pechuga Asada,Carnes,4,domicilio,52000,Martes,entre_semana
2025-01-28,Mojarra 2en1,Pescados,5,mesa,50000,Martes,entre_semana
2025-01-28,Mojarra 2en1,Pescados,5,domicilio,50000,Martes,entre_semana
2025-01-28,Trucha 2en1,Pescados,1,mesa,50000,Martes,entre_semana
2025-01-28,Trucha 2en1,Pescados,1,domicilio,50000,Martes,entre_semana
2025-01-28,Tierra Aire Mar,Pescados,1,domicilio,90000,Martes,entre_semana
2025-01-28,Arroz con Pollo,Arroces,9,mesa,45000,Martes,entre_semana
2025-01-28,Arroz con Pollo,Arroces,9,domicilio,45000,Martes,entre_semana
2025-01-28,Almuerzo Ejecutivo,Corrientes,37,mesa,25000,Martes,entre_semana
2025-01-28,Almuerzo Ejecutivo,Corrientes,48,domicilio,25000,Martes,entre_semana
2025-01-29,Lengua en salsa,Sopas,1,mesa,60000,Miércoles,entre_semana
2025-01-29,Lengua en salsa,Sopas,1,domicilio,60000,Miércoles,entre_semana
2025-01-29,Sancocho de Gallina,Sopas,3,mesa,60000,Miércoles,entre_semana
2025-01-29,Sancocho de Gallina,Sopas,3,domicilio,60000,Miércoles,entre_semana
2025-01-29,Frijoles con Pezuña,Sopas,3,mesa,50000,Miércoles,entre_semana
2025-01-29,Frijoles con Pezuña,Sopas,2,domicilio,50000,Miércoles,entre_semana
2025-01-29,Pata,Sopas,1,mesa,27000,Miércoles,entre_semana
2025-01-29,Pata,Sopas,1,domicilio,27000,Miércoles,entre_semana
2025-01-29,Cola de Buey,Sopas,3,mesa,60000,Miércoles,entre_semana
2025-01-29,Cola de Buey,Sopas,4,domicilio,60000,Miércoles,entre_semana
2025-01-29,Cazuela de Mariscos,Sopas,1,mesa,53000,Miércoles,entre_semana
2025-01-29,Cazuela de Mariscos,Sopas,1,domicilio,53000,Miércoles,entre_semana
2025-01-29,Carne Asada (Chatas),Carnes,9,mesa,56000,Miércoles,entre_semana
2025-01-29,Carne Asada (Chatas),Carnes,10,domicilio,56000,Miércoles,entre_semana
2025-01-29,Carne Oreada,Carnes,4,mesa,56000,Miércoles,entre_semana
2025-01-29,Carne Oreada,Carnes,3,domicilio,56000,Miércoles,entre_semana
2025-01-29,Cabro con Pepitoria,Carnes,9,mesa,56000,Miércoles,entre_semana
2025-01-29,Cabro con Pepitoria,Carnes,9,domicilio,56000,Miércoles,entre_semana
2025-01-29,Costillas de Cerdo,Carnes,4,mesa,54000,Miércoles,entre_semana
2025-01-29,Costillas de Cerdo,Carnes,5,domicilio,54000,Miércoles,entre_semana
2025-01-29,Lomo de Cerdo,Carnes,3,mesa,54000,Miércoles,entre_semana
2025-01-29,Lomo de Cerdo,Carnes,3,domicilio,54000,Miércoles,entre_semana
2025-01-29,Sobrebarriga,Carnes,9,mesa,54000,Miércoles,entre_semana
2025-01-29,Sobrebarriga,Carnes,11,domicilio,54000,Miércoles,entre_semana
2025-01-29,Pechuga Asada,Carnes,2,mesa,52000,Miércoles,entre_semana
2025-01-29,Pechuga Asada,Carnes,3,domicilio,52000,Miércoles,entre_semana
2025-01-29,Mojarra 2en1,Pescados,4,mesa,50000,Miércoles,entre_semana
2025-01-29,Mojarra 2en1,Pescados,5,domicilio,50000,Miércoles,entre_semana
2025-01-29,Trucha 2en1,Pescados,1,mesa,50000,Miércoles,entre_semana
2025-01-29,Trucha 2en1,Pescados,1,domicilio,50000,Miércoles,entre_semana
2025-01-29,Tierra Aire Mar,Pescados,1,domicilio,90000,Miércoles,entre_semana
2025-01-29,Arroz con Pollo,Arroces,9,mesa,45000,Miércoles,entre_semana
2025-01-29,Arroz con Pollo,Arroces,7,domicilio,45000,Miércoles,entre_semana
2025-01-29,Almuerzo Ejecutivo,Corrientes,50,mesa,25000,Miércoles,entre_semana
2025-01-29,Almuerzo Ejecutivo,Corrientes,38,domicilio,25000,Miércoles,entre_semana
2025-01-30,Lengua en salsa,Sopas,1,mesa,60000,Jueves,entre_semana
2025-01-30,Lengua en salsa,Sopas,1,domicilio,60000,Jueves,entre_semana
2025-01-30,Sancocho de Gallina,Sopas,3,mesa,60000,Jueves,entre_semana
2025-01-30,Sancocho de Gallina,Sopas,3,domicilio,60000,Jueves,entre_semana
2025-01-30,Frijoles con Pezuña,Sopas,3,mesa,50000,Jueves,entre_semana
2025-01-30,Frijoles con Pezuña,Sopas,2,domicilio,50000,Jueves,entre_semana
2025-01-30,Pata,Sopas,1,mesa,27000,Jueves,entre_semana
2025-01-30,Pata,Sopas,1,domicilio,27000,Jueves,entre_semana
2025-01-30,Cola de Buey,Sopas,3,mesa,60000,Jueves,entre_semana
2025-01-30,Cola de Buey,Sopas,3,domicilio,60000,Jueves,entre_semana
2025-01-30,Cazuela de Mariscos,Sopas,1,mesa,53000,Jueves,entre_semana
2025-01-30,Cazuela de Mariscos,Sopas,1,domicilio,53000,Jueves,entre_semana
2025-01-30,Carne Asada (Chatas),Carnes,10,mesa,56000,Jueves,entre_semana
2025-01-30,Carne Asada (Chatas),Carnes,11,domicilio,56000,Jueves,entre_semana
2025-01-30,Carne Oreada,Carnes,3,mesa,56000,Jueves,entre_semana
2025-01-30,Carne Oreada,Carnes,3,domicilio,56000,Jueves,entre_semana
2025-01-30,Cabro con Pepitoria,Carnes,8,mesa,56000,Jueves,entre_semana
2025-01-30,Cabro con Pepitoria,Carnes,9,domicilio,56000,Jueves,entre_semana
2025-01-30,Costillas de Cerdo,Carnes,5,mesa,54000,Jueves,entre_semana
2025-01-30,Costillas de Cerdo,Carnes,6,domicilio,54000,Jueves,entre_semana
2025-01-30,Lomo de Cerdo,Carnes,5,mesa,54000,Jueves,entre_semana
2025-01-30,Lomo de Cerdo,Carnes,4,domicilio,54000,Jueves,entre_semana
2025-01-30,Sobrebarriga,Carnes,11,mesa,54000,Jueves,entre_semana
2025-01-30,Sobrebarriga,Carnes,9,domicilio,54000,Jueves,entre_semana
2025-01-30,Pechuga Asada,Carnes,2,mesa,52000,Jueves,entre_semana
2025-01-30,Pechuga Asada,Carnes,4,domicilio,52000,Jueves,entre_semana
2025-01-30,Mojarra 2en1,Pescados,3,mesa,50000,Jueves,entre_semana
2025-01-30,Mojarra 2en1,Pescados,4,domicilio,50000,Jueves,entre_semana
2025-01-30,Trucha 2en1,Pescados,1,mesa,50000,Jueves,entre_semana
2025-01-30,Trucha 2en1,Pescados,1,domicilio,50000,Jueves,entre_semana
2025-01-30,Tierra Aire Mar,Pescados,1,domicilio,90000,Jueves,entre_semana
2025-01-30,Arroz con Pollo,Arroces,7,mesa,45000,Jueves,entre_semana
2025-01-30,Arroz con Pollo,Arroces,10,domicilio,45000,Jueves,entre_semana
2025-01-30,Almuerzo Ejecutivo,Corrientes,37,mesa,25000,Jueves,entre_semana
2025-01-30,Almuerzo Ejecutivo,Corrientes,36,domicilio,25000,Jueves,entre_semana
2025-01-31,Lengua en salsa,Sopas,1,mesa,60000,Viernes,entre_semana
2025-01-31,Lengua en salsa,Sopas,1,domicilio,60000,Viernes,entre_semana
2025-01-31,Sancocho de Gallina,Sopas,3,mesa,60000,Viernes,entre_semana
2025-01-31,Sancocho de Gallina,Sopas,3,domicilio,60000,Viernes,entre_semana
2025-01-31,Frijoles con Pezuña,Sopas,3,mesa,50000,Viernes,entre_semana
2025-01-31,Frijoles con Pezuña,Sopas,2,domicilio,50000,Viernes,entre_semana
2025-01-31,Pata,Sopas,1,mesa,27000,Viernes,entre_semana
2025-01-31,Pata,Sopas,1,domicilio,27000,Viernes,entre_semana
2025-01-31,Cola de Buey,Sopas,3,mesa,60000,Viernes,entre_semana
2025-01-31,Cola de Buey,Sopas,4,domicilio,60000,Viernes,entre_semana
2025-01-31,Cazuela de Mariscos,Sopas,1,mesa,53000,Viernes,entre_semana
2025-01-31,Cazuela de Mariscos,Sopas,1,domicilio,53000,Viernes,entre_semana
2025-01-31,Carne Asada (Chatas),Carnes,9,mesa,56000,Viernes,entre_semana
2025-01-31,Carne Asada (Chatas),Carnes,10,domicilio,56000,Viernes,entre_semana
2025-01-31,Carne Oreada,Carnes,3,mesa,56000,Viernes,entre_semana
2025-01-31,Carne Oreada,Carnes,3,domicilio,56000,Viernes,entre_semana
2025-01-31,Cabro con Pepitoria,Carnes,11,mesa,56000,Viernes,entre_semana
2025-01-31,Cabro con Pepitoria,Carnes,10,domicilio,56000,Viernes,entre_semana
2025-01-31,Costillas de Cerdo,Carnes,5,mesa,54000,Viernes,entre_semana
2025-01-31,Costillas de Cerdo,Carnes,7,domicilio,54000,Viernes,entre_semana
2025-01-31,Lomo de Cerdo,Carnes,4,mesa,54000,Viernes,entre_semana
2025-01-31,Lomo de Cerdo,Carnes,4,domicilio,54000,Viernes,entre_semana
2025-01-31,Sobrebarriga,Carnes,9,mesa,54000,Viernes,entre_semana
2025-01-31,Sobrebarriga,Carnes,9,domicilio,54000,Viernes,entre_semana
2025-01-31,Pechuga Asada,Carnes,2,mesa,52000,Viernes,entre_semana
2025-01-31,Pechuga Asada,Carnes,4,domicilio,52000,Viernes,entre_semana
2025-01-31,Mojarra 2en1,Pescados,3,mesa,50000,Viernes,entre_semana
2025-01-31,Mojarra 2en1,Pescados,5,domicilio,50000,Viernes,entre_semana
2025-01-31,Trucha 2en1,Pescados,1,mesa,50000,Viernes,entre_semana
2025-01-31,Trucha 2en1,Pescados,1,domicilio,50000,Viernes,entre_semana
2025-01-31,Tierra Aire Mar,Pescados,1,domicilio,90000,Viernes,entre_semana
2025-01-31,Arroz con Pollo,Arroces,6,mesa,45000,Viernes,entre_semana
2025-01-31,Arroz con Pollo,Arroces,9,domicilio,45000,Viernes,entre_semana
2025-01-31,Almuerzo Ejecutivo,Corrientes,44,mesa,25000,Viernes,entre_semana
2025-01-31,Almuerzo Ejecutivo,Corrientes,41,domicilio,25000,Viernes,entre_semana
2025-02-01,Lengua en salsa,Sopas,2,mesa,60000,Sábado,sabado
2025-02-01,Lengua en salsa,Sopas,2,domicilio,60000,Sábado,sabado
2025-02-01,Mute,Sopas,18,mesa,30000,Sábado,sabado
2025-02-01,Mute,Sopas,12,domicilio,30000,Sábado,sabado
2025-02-01,Sancocho de Gallina,Sopas,12,mesa,60000,Sábado,sabado
2025-02-01,Sancocho de Gallina,Sopas,10,domicilio,60000,Sábado,sabado
2025-02-01,Frijoles con Pezuña,Sopas,3,mesa,50000,Sábado,sabado
2025-02-01,Frijoles con Pezuña,Sopas,4,domicilio,50000,Sábado,sabado
2025-02-01,Pata,Sopas,3,mesa,27000,Sábado,sabado
2025-02-01,Pata,Sopas,2,domicilio,27000,Sábado,sabado
2025-02-01,Cola de Buey,Sopas,5,mesa,60000,Sábado,sabado
2025-02-01,Cola de Buey,Sopas,8,domicilio,60000,Sábado,sabado
2025-02-01,Cazuela de Mariscos,Sopas,2,mesa,53000,Sábado,sabado
2025-02-01,Cazuela de Mariscos,Sopas,2,domicilio,53000,Sábado,sabado
2025-02-01,Carne Asada (Chatas),Carnes,15,mesa,56000,Sábado,sabado
2025-02-01,Carne Asada (Chatas),Carnes,14,domicilio,56000,Sábado,sabado
2025-02-01,Carne Oreada,Carnes,6,mesa,56000,Sábado,sabado
2025-02-01,Carne Oreada,Carnes,4,domicilio,56000,Sábado,sabado
2025-02-01,Cabro con Pepitoria,Carnes,15,mesa,56000,Sábado,sabado
2025-02-01,Cabro con Pepitoria,Carnes,15,domicilio,56000,Sábado,sabado
2025-02-01,Costillas de Cerdo,Carnes,9,mesa,54000,Sábado,sabado
2025-02-01,Costillas de Cerdo,Carnes,9,domicilio,54000,Sábado,sabado
2025-02-01,Lomo de Cerdo,Carnes,6,mesa,54000,Sábado,sabado
2025-02-01,Lomo de Cerdo,Carnes,5,domicilio,54000,Sábado,sabado
2025-02-01,Sobrebarriga,Carnes,14,mesa,54000,Sábado,sabado
2025-02-01,Sobrebarriga,Carnes,12,domicilio,54000,Sábado,sabado
2025-02-01,Pechuga Asada,Carnes,3,mesa,52000,Sábado,sabado
2025-02-01,Pechuga Asada,Carnes,5,domicilio,52000,Sábado,sabado
2025-02-01,Mojarra 2en1,Pescados,8,mesa,50000,Sábado,sabado
2025-02-01,Mojarra 2en1,Pescados,8,domicilio,50000,Sábado,sabado
2025-02-01,Trucha 2en1,Pescados,2,mesa,50000,Sábado,sabado
2025-02-01,Trucha 2en1,Pescados,2,domicilio,50000,Sábado,sabado
2025-02-01,Tierra Aire Mar,Pescados,1,mesa,90000,Sábado,sabado
2025-02-01,Tierra Aire Mar,Pescados,1,domicilio,90000,Sábado,sabado
2025-02-01,Arroz con Pollo,Arroces,12,mesa,45000,Sábado,sabado
2025-02-01,Arroz con Pollo,Arroces,11,domicilio,45000,Sábado,sabado
2025-02-01,Almuerzo Ejecutivo,Corrientes,38,domicilio,25000,Sábado,sabado
2025-02-02,Lengua en salsa,Sopas,4,mesa,60000,Domingo,domingo
2025-02-02,Lengua en salsa,Sopas,3,domicilio,60000,Domingo,domingo
2025-02-02,Mute,Sopas,44,mesa,30000,Domingo,domingo
2025-02-02,Mute,Sopas,25,domicilio,30000,Domingo,domingo
2025-02-02,Sancocho de Gallina,Sopas,25,mesa,60000,Domingo,domingo
2025-02-02,Sancocho de Gallina,Sopas,22,domicilio,60000,Domingo,domingo
2025-02-02,Pata,Sopas,6,mesa,27000,Domingo,domingo
2025-02-02,Pata,Sopas,4,domicilio,27000,Domingo,domingo
2025-02-02,Cola de Buey,Sopas,12,mesa,60000,Domingo,domingo
2025-02-02,Cola de Buey,Sopas,13,domicilio,60000,Domingo,domingo
2025-02-02,Cazuela de Mariscos,Sopas,4,mesa,53000,Domingo,domingo
2025-02-02,Cazuela de Mariscos,Sopas,2,domicilio,53000,Domingo,domingo
2025-02-02,Carne Asada (Chatas),Carnes,24,mesa,56000,Domingo,domingo
2025-02-02,Carne Asada (Chatas),Carnes,31,domicilio,56000,Domingo,domingo
2025-02-02,Carne Oreada,Carnes,9,mesa,56000,Domingo,domingo
2025-02-02,Carne Oreada,Carnes,7,domicilio,56000,Domingo,domingo
2025-02-02,Cabro con Pepitoria,Carnes,28,mesa,56000,Domingo,domingo
2025-02-02,Cabro con Pepitoria,Carnes,25,domicilio,56000,Domingo,domingo
2025-02-02,Costillas de Cerdo,Carnes,13,mesa,54000,Domingo,domingo
2025-02-02,Costillas de Cerdo,Carnes,18,domicilio,54000,Domingo,domingo
2025-02-02,Lomo de Cerdo,Carnes,11,mesa,54000,Domingo,domingo
2025-02-02,Lomo de Cerdo,Carnes,13,domicilio,54000,Domingo,domingo
2025-02-02,Sobrebarriga,Carnes,34,mesa,54000,Domingo,domingo
2025-02-02,Sobrebarriga,Carnes,31,domicilio,54000,Domingo,domingo
2025-02-02,Pechuga Asada,Carnes,10,mesa,52000,Domingo,domingo
2025-02-02,Pechuga Asada,Carnes,12,domicilio,52000,Domingo,domingo
2025-02-02,Mojarra 2en1,Pescados,15,mesa,50000,Domingo,domingo
2025-02-02,Mojarra 2en1,Pescados,13,domicilio,50000,Domingo,domingo
2025-02-02,Trucha 2en1,Pescados,3,mesa,50000,Domingo,domingo
2025-02-02,Trucha 2en1,Pescados,5,domicilio,50000,Domingo,domingo
2025-02-02,Tierra Aire Mar,Pescados,2,mesa,90000,Domingo,domingo
2025-02-02,Tierra Aire Mar,Pescados,2,domicilio,90000,Domingo,domingo
2025-02-02,Arroz con Pollo,Arroces,28,mesa,45000,Domingo,domingo
2025-02-02,Arroz con Pollo,Arroces,25,domicilio,45000,Domingo,domingo
2025-02-04,Lengua en salsa,Sopas,1,mesa,60000,Martes,entre_semana
2025-02-04,Lengua en salsa,Sopas,1,domicilio,60000,Martes,entre_semana
2025-02-04,Sancocho de Gallina,Sopas,3,mesa,60000,Martes,entre_semana
2025-02-04,Sancocho de Gallina,Sopas,3,domicilio,60000,Martes,entre_semana
2025-02-04,Frijoles con Pezuña,Sopas,3,mesa,50000,Martes,entre_semana
2025-02-04,Frijoles con Pezuña,Sopas,2,domicilio,50000,Martes,entre_semana
2025-02-04,Pata,Sopas,1,mesa,27000,Martes,entre_semana
2025-02-04,Pata,Sopas,1,domicilio,27000,Martes,entre_semana
2025-02-04,Cola de Buey,Sopas,3,mesa,60000,Martes,entre_semana
2025-02-04,Cola de Buey,Sopas,4,domicilio,60000,Martes,entre_semana
2025-02-04,Cazuela de Mariscos,Sopas,1,mesa,53000,Martes,entre_semana
2025-02-04,Cazuela de Mariscos,Sopas,1,domicilio,53000,Martes,entre_semana
2025-02-04,Carne Asada (Chatas),Carnes,8,mesa,56000,Martes,entre_semana
2025-02-04,Carne Asada (Chatas),Carnes,10,domicilio,56000,Martes,entre_semana
2025-02-04,Carne Oreada,Carnes,3,mesa,56000,Martes,entre_semana
2025-02-04,Carne Oreada,Carnes,3,domicilio,56000,Martes,entre_semana
2025-02-04,Cabro con Pepitoria,Carnes,10,mesa,56000,Martes,entre_semana
2025-02-04,Cabro con Pepitoria,Carnes,10,domicilio,56000,Martes,entre_semana
2025-02-04,Costillas de Cerdo,Carnes,5,mesa,54000,Martes,entre_semana
2025-02-04,Costillas de Cerdo,Carnes,5,domicilio,54000,Martes,entre_semana
2025-02-04,Lomo de Cerdo,Carnes,4,mesa,54000,Martes,entre_semana
2025-02-04,Lomo de Cerdo,Carnes,4,domicilio,54000,Martes,entre_semana
2025-02-04,Sobrebarriga,Carnes,8,mesa,54000,Martes,entre_semana
2025-02-04,Sobrebarriga,Carnes,12,domicilio,54000,Martes,entre_semana
2025-02-04,Pechuga Asada,Carnes,2,mesa,52000,Martes,entre_semana
2025-02-04,Pechuga Asada,Carnes,4,domicilio,52000,Martes,entre_semana
2025-02-04,Mojarra 2en1,Pescados,3,mesa,50000,Martes,entre_semana
2025-02-04,Mojarra 2en1,Pescados,4,domicilio,50000,Martes,entre_semana
2025-02-04,Trucha 2en1,Pescados,1,mesa,50000,Martes,entre_semana
2025-02-04,Trucha 2en1,Pescados,1,domicilio,50000,Martes,entre_semana
2025-02-04,Tierra Aire Mar,Pescados,1,domicilio,90000,Martes,entre_semana
2025-02-04,Arroz con Pollo,Arroces,9,mesa,45000,Martes,entre_semana
2025-02-04,Arroz con Pollo,Arroces,7,domicilio,45000,Martes,entre_semana
2025-02-04,Almuerzo Ejecutivo,Corrientes,53,mesa,25000,Martes,entre_semana
2025-02-04,Almuerzo Ejecutivo,Corrientes,47,domicilio,25000,Martes,entre_semana
2025-02-05,Lengua en salsa,Sopas,1,mesa,60000,Miércoles,entre_semana
2025-02-05,Lengua en salsa,Sopas,1,domicilio,60000,Miércoles,entre_semana
2025-02-05,Sancocho de Gallina,Sopas,3,mesa,60000,Miércoles,entre_semana
2025-02-05,Sancocho de Gallina,Sopas,3,domicilio,60000,Miércoles,entre_semana
2025-02-05,Frijoles con Pezuña,Sopas,3,mesa,50000,Miércoles,entre_semana
2025-02-05,Frijoles con Pezuña,Sopas,2,domicilio,50000,Miércoles,entre_semana
2025-02-05,Pata,Sopas,1,mesa,27000,Miércoles,entre_semana
2025-02-05,Pata,Sopas,1,domicilio,27000,Miércoles,entre_semana
2025-02-05,Cola de Buey,Sopas,3,mesa,60000,Miércoles,entre_semana
2025-02-05,Cola de Buey,Sopas,5,domicilio,60000,Miércoles,entre_semana
2025-02-05,Cazuela de Mariscos,Sopas,1,mesa,53000,Miércoles,entre_semana
2025-02-05,Cazuela de Mariscos,Sopas,1,domicilio,53000,Miércoles,entre_semana
2025-02-05,Carne Asada (Chatas),Carnes,11,mesa,56000,Miércoles,entre_semana
2025-02-05,Carne Asada (Chatas),Carnes,8,domicilio,56000,Miércoles,entre_semana
2025-02-05,Carne Oreada,Carnes,2,mesa,56000,Miércoles,entre_semana
2025-02-05,Carne Oreada,Carnes,3,domicilio,56000,Miércoles,entre_semana
2025-02-05,Cabro con Pepitoria,Carnes,8,mesa,56000,Miércoles,entre_semana
2025-02-05,Cabro con Pepitoria,Carnes,9,domicilio,56000,Miércoles,entre_semana
2025-02-05,Costillas de Cerdo,Carnes,5,mesa,54000,Miércoles,entre_semana
2025-02-05,Costillas de Cerdo,Carnes,6,domicilio,54000,Miércoles,entre_semana
2025-02-05,Lomo de Cerdo,Carnes,5,mesa,54000,Miércoles,entre_semana
2025-02-05,Lomo de Cerdo,Carnes,4,domicilio,54000,Miércoles,entre_semana
2025-02-05,Sobrebarriga,Carnes,9,mesa,54000,Miércoles,entre_semana
2025-02-05,Sobrebarriga,Carnes,12,domicilio,54000,Miércoles,entre_semana
2025-02-05,Pechuga Asada,Carnes,2,mesa,52000,Miércoles,entre_semana
2025-02-05,Pechuga Asada,Carnes,4,domicilio,52000,Miércoles,entre_semana
2025-02-05,Mojarra 2en1,Pescados,4,mesa,50000,Miércoles,entre_semana
2025-02-05,Mojarra 2en1,Pescados,3,domicilio,50000,Miércoles,entre_semana
2025-02-05,Trucha 2en1,Pescados,1,mesa,50000,Miércoles,entre_semana
2025-02-05,Trucha 2en1,Pescados,1,domicilio,50000,Miércoles,entre_semana
2025-02-05,Tierra Aire Mar,Pescados,1,domicilio,90000,Miércoles,entre_semana
2025-02-05,Arroz con Pollo,Arroces,7,mesa,45000,Miércoles,entre_semana
2025-02-05,Arroz con Pollo,Arroces,9,domicilio,45000,Miércoles,entre_semana
2025-02-05,Almuerzo Ejecutivo,Corrientes,36,mesa,25000,Miércoles,entre_semana
2025-02-05,Almuerzo Ejecutivo,Corrientes,37,domicilio,25000,Miércoles,entre_semana
2025-02-06,Lengua en salsa,Sopas,1,mesa,60000,Jueves,entre_semana
2025-02-06,Lengua en salsa,Sopas,1,domicilio,60000,Jueves,entre_semana
2025-02-06,Sancocho de Gallina,Sopas,2,mesa,60000,Jueves,entre_semana
2025-02-06,Sancocho de Gallina,Sopas,3,domicilio,60000,Jueves,entre_semana
2025-02-06,Frijoles con Pezuña,Sopas,3,mesa,50000,Jueves,entre_semana
2025-02-06,Frijoles con Pezuña,Sopas,2,domicilio,50000,Jueves,entre_semana
2025-02-06,Pata,Sopas,1,mesa,27000,Jueves,entre_semana
2025-02-06,Pata,Sopas,1,domicilio,27000,Jueves,entre_semana
2025-02-06,Cola de Buey,Sopas,3,mesa,60000,Jueves,entre_semana
2025-02-06,Cola de Buey,Sopas,4,domicilio,60000,Jueves,entre_semana
2025-02-06,Cazuela de Mariscos,Sopas,1,mesa,53000,Jueves,entre_semana
2025-02-06,Cazuela de Mariscos,Sopas,1,domicilio,53000,Jueves,entre_semana
2025-02-06,Carne Asada (Chatas),Carnes,10,mesa,56000,Jueves,entre_semana
2025-02-06,Carne Asada (Chatas),Carnes,8,domicilio,56000,Jueves,entre_semana
2025-02-06,Carne Oreada,Carnes,3,mesa,56000,Jueves,entre_semana
2025-02-06,Carne Oreada,Carnes,3,domicilio,56000,Jueves,entre_semana
2025-02-06,Cabro con Pepitoria,Carnes,11,mesa,56000,Jueves,entre_semana
2025-02-06,Cabro con Pepitoria,Carnes,8,domicilio,56000,Jueves,entre_semana
2025-02-06,Costillas de Cerdo,Carnes,5,mesa,54000,Jueves,entre_semana
2025-02-06,Costillas de Cerdo,Carnes,5,domicilio,54000,Jueves,entre_semana
2025-02-06,Lomo de Cerdo,Carnes,4,mesa,54000,Jueves,entre_semana
2025-02-06,Lomo de Cerdo,Carnes,4,domicilio,54000,Jueves,entre_semana
2025-02-06,Sobrebarriga,Carnes,9,mesa,54000,Jueves,entre_semana
2025-02-06,Sobrebarriga,Carnes,11,domicilio,54000,Jueves,entre_semana
2025-02-06,Pechuga Asada,Carnes,2,mesa,52000,Jueves,entre_semana
2025-02-06,Pechuga Asada,Carnes,4,domicilio,52000,Jueves,entre_semana
2025-02-06,Mojarra 2en1,Pescados,5,mesa,50000,Jueves,entre_semana
2025-02-06,Mojarra 2en1,Pescados,3,domicilio,50000,Jueves,entre_semana
2025-02-06,Trucha 2en1,Pescados,1,mesa,50000,Jueves,entre_semana
2025-02-06,Trucha 2en1,Pescados,1,domicilio,50000,Jueves,entre_semana
2025-02-06,Tierra Aire Mar,Pescados,1,domicilio,90000,Jueves,entre_semana
2025-02-06,Arroz con Pollo,Arroces,9,mesa,45000,Jueves,entre_semana
2025-02-06,Arroz con Pollo,Arroces,7,domicilio,45000,Jueves,entre_semana
2025-02-06,Almuerzo Ejecutivo,Corrientes,46,mesa,25000,Jueves,entre_semana
2025-02-06,Almuerzo Ejecutivo,Corrientes,48,domicilio,25000,Jueves,entre_semana
2025-02-07,Lengua en salsa,Sopas,1,mesa,60000,Viernes,entre_semana
2025-02-07,Lengua en salsa,Sopas,1,domicilio,60000,Viernes,entre_semana
2025-02-07,Sancocho de Gallina,Sopas,3,mesa,60000,Viernes,entre_semana
2025-02-07,Sancocho de Gallina,Sopas,3,domicilio,60000,Viernes,entre_semana
2025-02-07,Frijoles con Pezuña,Sopas,3,mesa,50000,Viernes,entre_semana
2025-02-07,Frijoles con Pezuña,Sopas,2,domicilio,50000,Viernes,entre_semana
2025-02-07,Pata,Sopas,1,mesa,27000,Viernes,entre_semana
2025-02-07,Pata,Sopas,1,domicilio,27000,Viernes,entre_semana
2025-02-07,Cola de Buey,Sopas,3,mesa,60000,Viernes,entre_semana
2025-02-07,Cola de Buey,Sopas,5,domicilio,60000,Viernes,entre_semana
2025-02-07,Cazuela de Mariscos,Sopas,1,mesa,53000,Viernes,entre_semana
2025-02-07,Cazuela de Mariscos,Sopas,1,domicilio,53000,Viernes,entre_semana
2025-02-07,Carne Asada (Chatas),Carnes,9,mesa,56000,Viernes,entre_semana
2025-02-07,Carne Asada (Chatas),Carnes,8,domicilio,56000,Viernes,entre_semana
2025-02-07,Carne Oreada,Carnes,4,mesa,56000,Viernes,entre_semana
2025-02-07,Carne Oreada,Carnes,3,domicilio,56000,Viernes,entre_semana
2025-02-07,Cabro con Pepitoria,Carnes,9,mesa,56000,Viernes,entre_semana
2025-02-07,Cabro con Pepitoria,Carnes,9,domicilio,56000,Viernes,entre_semana
2025-02-07,Costillas de Cerdo,Carnes,5,mesa,54000,Viernes,entre_semana
2025-02-07,Costillas de Cerdo,Carnes,6,domicilio,54000,Viernes,entre_semana
2025-02-07,Lomo de Cerdo,Carnes,3,mesa,54000,Viernes,entre_semana
2025-02-07,Lomo de Cerdo,Carnes,4,domicilio,54000,Viernes,entre_semana
2025-02-07,Sobrebarriga,Carnes,12,mesa,54000,Viernes,entre_semana
2025-02-07,Sobrebarriga,Carnes,10,domicilio,54000,Viernes,entre_semana
2025-02-07,Pechuga Asada,Carnes,2,mesa,52000,Viernes,entre_semana
2025-02-07,Pechuga Asada,Carnes,4,domicilio,52000,Viernes,entre_semana
2025-02-07,Mojarra 2en1,Pescados,4,mesa,50000,Viernes,entre_semana
2025-02-07,Mojarra 2en1,Pescados,4,domicilio,50000,Viernes,entre_semana
2025-02-07,Trucha 2en1,Pescados,1,mesa,50000,Viernes,entre_semana
2025-02-07,Trucha 2en1,Pescados,1,domicilio,50000,Viernes,entre_semana
2025-02-07,Tierra Aire Mar,Pescados,1,domicilio,90000,Viernes,entre_semana
2025-02-07,Arroz con Pollo,Arroces,7,mesa,45000,Viernes,entre_semana
2025-02-07,Arroz con Pollo,Arroces,9,domicilio,45000,Viernes,entre_semana
2025-02-07,Almuerzo Ejecutivo,Corrientes,43,mesa,25000,Viernes,entre_semana
2025-02-07,Almuerzo Ejecutivo,Corrientes,43,domicilio,25000,Viernes,entre_semana
2025-02-08,Lengua en salsa,Sopas,2,mesa,60000,Sábado,sabado
2025-02-08,Lengua en salsa,Sopas,2,domicilio,60000,Sábado,sabado
2025-02-08,Mute,Sopas,21,mesa,30000,Sábado,sabado
2025-02-08,Mute,Sopas,14,domicilio,30000,Sábado,sabado
2025-02-08,Sancocho de Gallina,Sopas,10,mesa,60000,Sábado,sabado
2025-02-08,Sancocho de Gallina,Sopas,8,domicilio,60000,Sábado,sabado
2025-02-08,Frijoles con Pezuña,Sopas,5,mesa,50000,Sábado,sabado
2025-02-08,Frijoles con Pezuña,Sopas,4,domicilio,50000,Sábado,sabado
2025-02-08,Pata,Sopas,3,mesa,27000,Sábado,sabado
2025-02-08,Pata,Sopas,2,domicilio,27000,Sábado,sabado
2025-02-08,Cola de Buey,Sopas,5,mesa,60000,Sábado,sabado
2025-02-08,Cola de Buey,Sopas,8,domicilio,60000,Sábado,sabado
2025-02-08,Cazuela de Mariscos,Sopas,2,mesa,53000,Sábado,sabado
2025-02-08,Cazuela de Mariscos,Sopas,2,domicilio,53000,Sábado,sabado
2025-02-08,Carne Asada (Chatas),Carnes,15,mesa,56000,Sábado,sabado
2025-02-08,Carne Asada (Chatas),Carnes,15,domicilio,56000,Sábado,sabado
2025-02-08,Carne Oreada,Carnes,7,mesa,56000,Sábado,sabado
2025-02-08,Carne Oreada,Carnes,3,domicilio,56000,Sábado,sabado
2025-02-08,Cabro con Pepitoria,Carnes,12,mesa,56000,Sábado,sabado
2025-02-08,Cabro con Pepitoria,Carnes,12,domicilio,56000,Sábado,sabado
2025-02-08,Costillas de Cerdo,Carnes,9,mesa,54000,Sábado,sabado
2025-02-08,Costillas de Cerdo,Carnes,10,domicilio,54000,Sábado,sabado
2025-02-08,Lomo de Cerdo,Carnes,6,mesa,54000,Sábado,sabado
2025-02-08,Lomo de Cerdo,Carnes,6,domicilio,54000,Sábado,sabado
2025-02-08,Sobrebarriga,Carnes,17,mesa,54000,Sábado,sabado
2025-02-08,Sobrebarriga,Carnes,14,domicilio,54000,Sábado,sabado
2025-02-08,Pechuga Asada,Carnes,4,mesa,52000,Sábado,sabado
2025-02-08,Pechuga Asada,Carnes,7,domicilio,52000,Sábado,sabado
2025-02-08,Mojarra 2en1,Pescados,6,mesa,50000,Sábado,sabado
2025-02-08,Mojarra 2en1,Pescados,7,domicilio,50000,Sábado,sabado
2025-02-08,Trucha 2en1,Pescados,2,mesa,50000,Sábado,sabado
2025-02-08,Trucha 2en1,Pescados,2,domicilio,50000,Sábado,sabado
2025-02-08,Tierra Aire Mar,Pescados,1,mesa,90000,Sábado,sabado
2025-02-08,Tierra Aire Mar,Pescados,1,domicilio,90000,Sábado,sabado
2025-02-08,Arroz con Pollo,Arroces,11,mesa,45000,Sábado,sabado
2025-02-08,Arroz con Pollo,Arroces,10,domicilio,45000,Sábado,sabado
2025-02-08,Almuerzo Ejecutivo,Corrientes,40,domicilio,25000,Sábado,sabado
2025-02-09,Lengua en salsa,Sopas,5,mesa,60000,Domingo,domingo
2025-02-09,Lengua en salsa,Sopas,3,domicilio,60000,Domingo,domingo
2025-02-09,Mute,Sopas,33,mesa,30000,Domingo,domingo
2025-02-09,Mute,Sopas,25,domicilio,30000,Domingo,domingo
2025-02-09,Sancocho de Gallina,Sopas,24,mesa,60000,Domingo,domingo
2025-02-09,Sancocho de Gallina,Sopas,24,domicilio,60000,Domingo,domingo
2025-02-09,Pata,Sopas,7,mesa,27000,Domingo,domingo
2025-02-09,Pata,Sopas,5,domicilio,27000,Domingo,domingo
2025-02-09,Cola de Buey,Sopas,10,mesa,60000,Domingo,domingo
2025-02-09,Cola de Buey,Sopas,17,domicilio,60000,Domingo,domingo
2025-02-09,Cazuela de Mariscos,Sopas,4,mesa,53000,Domingo,domingo
2025-02-09,Cazuela de Mariscos,Sopas,3,domicilio,53000,Domingo,domingo
2025-02-09,Carne Asada (Chatas),Carnes,29,mesa,56000,Domingo,domingo
2025-02-09,Carne Asada (Chatas),Carnes,26,domicilio,56000,Domingo,domingo
2025-02-09,Carne Oreada,Carnes,12,mesa,56000,Domingo,domingo
2025-02-09,Carne Oreada,Carnes,8,domicilio,56000,Domingo,domingo
2025-02-09,Cabro con Pepitoria,Carnes,32,mesa,56000,Domingo,domingo
2025-02-09,Cabro con Pepitoria,Carnes,29,domicilio,56000,Domingo,domingo
2025-02-09,Costillas de Cerdo,Carnes,13,mesa,54000,Domingo,domingo
2025-02-09,Costillas de Cerdo,Carnes,22,domicilio,54000,Domingo,domingo
2025-02-09,Lomo de Cerdo,Carnes,13,mesa,54000,Domingo,domingo
2025-02-09,Lomo de Cerdo,Carnes,12,domicilio,54000,Domingo,domingo
2025-02-09,Sobrebarriga,Carnes,27,mesa,54000,Domingo,domingo
2025-02-09,Sobrebarriga,Carnes,32,domicilio,54000,Domingo,domingo
2025-02-09,Pechuga Asada,Carnes,9,mesa,52000,Domingo,domingo
2025-02-09,Pechuga Asada,Carnes,12,domicilio,52000,Domingo,domingo
2025-02-09,Mojarra 2en1,Pescados,16,mesa,50000,Domingo,domingo
2025-02-09,Mojarra 2en1,Pescados,14,domicilio,50000,Domingo,domingo
2025-02-09,Trucha 2en1,Pescados,4,mesa,50000,Domingo,domingo
2025-02-09,Trucha 2en1,Pescados,3,domicilio,50000,Domingo,domingo
2025-02-09,Tierra Aire Mar,Pescados,2,mesa,90000,Domingo,domingo
2025-02-09,Tierra Aire Mar,Pescados,2,domicilio,90000,Domingo,domingo
2025-02-09,Arroz con Pollo,Arroces,20,mesa,45000,Domingo,domingo
2025-02-09,Arroz con Pollo,Arroces,25,domicilio,45000,Domingo,domingo
2025-02-18,Lengua en salsa,Sopas,1,mesa,60000,Martes,entre_semana
2025-02-18,Lengua en salsa,Sopas,1,domicilio,60000,Martes,entre_semana
2025-02-18,Sancocho de Gallina,Sopas,3,mesa,60000,Martes,entre_semana
2025-02-18,Sancocho de Gallina,Sopas,3,domicilio,60000,Martes,entre_semana
2025-02-18,Frijoles con Pezuña,Sopas,3,mesa,50000,Martes,entre_semana
2025-02-18,Frijoles con Pezuña,Sopas,2,domicilio,50000,Martes,entre_semana
2025-02-18,Pata,Sopas,1,mesa,27000,Martes,entre_semana
2025-02-18,Pata,Sopas,1,domicilio,27000,Martes,entre_semana
2025-02-18,Cola de Buey,Sopas,4,mesa,60000,Martes,entre_semana
2025-02-18,Cola de Buey,Sopas,4,domicilio,60000,Martes,entre_semana
2025-02-18,Cazuela de Mariscos,Sopas,1,mesa,53000,Martes,entre_semana
2025-02-18,Cazuela de Mariscos,Sopas,1,domicilio,53000,Martes,entre_semana
2025-02-18,Carne Asada (Chatas),Carnes,11,mesa,56000,Martes,entre_semana
2025-02-18,Carne Asada (Chatas),Carnes,8,domicilio,56000,Martes,entre_semana
2025-02-18,Carne Oreada,Carnes,3,mesa,56000,Martes,entre_semana
2025-02-18,Carne Oreada,Carnes,3,domicilio,56000,Martes,entre_semana
2025-02-18,Cabro con Pepitoria,Carnes,8,mesa,56000,Martes,entre_semana
2025-02-18,Cabro con Pepitoria,Carnes,10,domicilio,56000,Martes,entre_semana
2025-02-18,Costillas de Cerdo,Carnes,5,mesa,54000,Martes,entre_semana
2025-02-18,Costillas de Cerdo,Carnes,5,domicilio,54000,Martes,entre_semana
2025-02-18,Lomo de Cerdo,Carnes,4,mesa,54000,Martes,entre_semana
2025-02-18,Lomo de Cerdo,Carnes,4,domicilio,54000,Martes,entre_semana
2025-02-18,Sobrebarriga,Carnes,11,mesa,54000,Martes,entre_semana
2025-02-18,Sobrebarriga,Carnes,9,domicilio,54000,Martes,entre_semana
2025-02-18,Pechuga Asada,Carnes,2,mesa,52000,Martes,entre_semana
2025-02-18,Pechuga Asada,Carnes,4,domicilio,52000,Martes,entre_semana
2025-02-18,Mojarra 2en1,Pescados,4,mesa,50000,Martes,entre_semana
2025-02-18,Mojarra 2en1,Pescados,4,domicilio,50000,Martes,entre_semana
2025-02-18,Trucha 2en1,Pescados,1,mesa,50000,Martes,entre_semana
2025-02-18,Trucha 2en1,Pescados,1,domicilio,50000,Martes,entre_semana
2025-02-18,Tierra Aire Mar,Pescados,1,domicilio,90000,Martes,entre_semana
2025-02-18,Arroz con Pollo,Arroces,8,mesa,45000,Martes,entre_semana
2025-02-18,Arroz con Pollo,Arroces,8,domicilio,45000,Martes,entre_semana
2025-02-18,Almuerzo Ejecutivo,Corrientes,48,mesa,25000,Martes,entre_semana
2025-02-18,Almuerzo Ejecutivo,Corrientes,46,domicilio,25000,Martes,entre_semana
2025-02-19,Lengua en salsa,Sopas,1,mesa,60000,Miércoles,entre_semana
2025-02-19,Lengua en salsa,Sopas,1,domicilio,60000,Miércoles,entre_semana
2025-02-19,Sancocho de Gallina,Sopas,3,mesa,60000,Miércoles,entre_semana
2025-02-19,Sancocho de Gallina,Sopas,3,domicilio,60000,Miércoles,entre_semana
2025-02-19,Frijoles con Pezuña,Sopas,3,mesa,50000,Miércoles,entre_semana
2025-02-19,Frijoles con Pezuña,Sopas,2,domicilio,50000,Miércoles,entre_semana
2025-02-19,Pata,Sopas,1,mesa,27000,Miércoles,entre_semana
2025-02-19,Pata,Sopas,1,domicilio,27000,Miércoles,entre_semana
2025-02-19,Cola de Buey,Sopas,3,mesa,60000,Miércoles,entre_semana
2025-02-19,Cola de Buey,Sopas,3,domicilio,60000,Miércoles,entre_semana
2025-02-19,Cazuela de Mariscos,Sopas,1,mesa,53000,Miércoles,entre_semana
2025-02-19,Cazuela de Mariscos,Sopas,1,domicilio,53000,Miércoles,entre_semana
2025-02-19,Carne Asada (Chatas),Carnes,8,mesa,56000,Miércoles,entre_semana
2025-02-19,Carne Asada (Chatas),Carnes,8,domicilio,56000,Miércoles,entre_semana
2025-02-19,Carne Oreada,Carnes,4,mesa,56000,Miércoles,entre_semana
2025-02-19,Carne Oreada,Carnes,3,domicilio,56000,Miércoles,entre_semana
2025-02-19,Cabro con Pepitoria,Carnes,10,mesa,56000,Miércoles,entre_semana
2025-02-19,Cabro con Pepitoria,Carnes,11,domicilio,56000,Miércoles,entre_semana
2025-02-19,Costillas de Cerdo,Carnes,6,mesa,54000,Miércoles,entre_semana
2025-02-19,Costillas de Cerdo,Carnes,7,domicilio,54000,Miércoles,entre_semana
2025-02-19,Lomo de Cerdo,Carnes,4,mesa,54000,Miércoles,entre_semana
2025-02-19,Lomo de Cerdo,Carnes,5,domicilio,54000,Miércoles,entre_semana
2025-02-19,Sobrebarriga,Carnes,9,mesa,54000,Miércoles,entre_semana
2025-02-19,Sobrebarriga,Carnes,12,domicilio,54000,Miércoles,entre_semana
2025-02-19,Pechuga Asada,Carnes,2,mesa,52000,Miércoles,entre_semana
2025-02-19,Pechuga Asada,Carnes,4,domicilio,52000,Miércoles,entre_semana
2025-02-19,Mojarra 2en1,Pescados,3,mesa,50000,Miércoles,entre_semana
2025-02-19,Mojarra 2en1,Pescados,4,domicilio,50000,Miércoles,entre_semana
2025-02-19,Trucha 2en1,Pescados,1,mesa,50000,Miércoles,entre_semana
2025-02-19,Trucha 2en1,Pescados,1,domicilio,50000,Miércoles,entre_semana
2025-02-19,Tierra Aire Mar,Pescados,1,domicilio,90000,Miércoles,entre_semana
2025-02-19,Arroz con Pollo,Arroces,8,mesa,45000,Miércoles,entre_semana
2025-02-19,Arroz con Pollo,Arroces,9,domicilio,45000,Miércoles,entre_semana
2025-02-19,Almuerzo Ejecutivo,Corrientes,53,mesa,25000,Miércoles,entre_semana
2025-02-19,Almuerzo Ejecutivo,Corrientes,42,domicilio,25000,Miércoles,entre_semana
2025-02-20,Lengua en salsa,Sopas,1,mesa,60000,Jueves,entre_semana
2025-02-20,Lengua en salsa,Sopas,1,domicilio,60000,Jueves,entre_semana
2025-02-20,Sancocho de Gallina,Sopas,4,mesa,60000,Jueves,entre_semana
2025-02-20,Sancocho de Gallina,Sopas,3,domicilio,60000,Jueves,entre_semana
2025-02-20,Frijoles con Pezuña,Sopas,3,mesa,50000,Jueves,entre_semana
2025-02-20,Frijoles con Pezuña,Sopas,2,domicilio,50000,Jueves,entre_semana
2025-02-20,Pata,Sopas,1,mesa,27000,Jueves,entre_semana
2025-02-20,Pata,Sopas,1,domicilio,27000,Jueves,entre_semana
2025-02-20,Cola de Buey,Sopas,3,mesa,60000,Jueves,entre_semana
2025-02-20,Cola de Buey,Sopas,3,domicilio,60000,Jueves,entre_semana
2025-02-20,Cazuela de Mariscos,Sopas,1,mesa,53000,Jueves,entre_semana
2025-02-20,Cazuela de Mariscos,Sopas,1,domicilio,53000,Jueves,entre_semana
2025-02-20,Carne Asada (Chatas),Carnes,8,mesa,56000,Jueves,entre_semana
2025-02-20,Carne Asada (Chatas),Carnes,9,domicilio,56000,Jueves,entre_semana
2025-02-20,Carne Oreada,Carnes,3,mesa,56000,Jueves,entre_semana
2025-02-20,Carne Oreada,Carnes,3,domicilio,56000,Jueves,entre_semana
2025-02-20,Cabro con Pepitoria,Carnes,8,mesa,56000,Jueves,entre_semana
2025-02-20,Cabro con Pepitoria,Carnes,10,domicilio,56000,Jueves,entre_semana
2025-02-20,Costillas de Cerdo,Carnes,6,mesa,54000,Jueves,entre_semana
2025-02-20,Costillas de Cerdo,Carnes,6,domicilio,54000,Jueves,entre_semana
2025-02-20,Lomo de Cerdo,Carnes,4,mesa,54000,Jueves,entre_semana
2025-02-20,Lomo de Cerdo,Carnes,4,domicilio,54000,Jueves,entre_semana
2025-02-20,Sobrebarriga,Carnes,8,mesa,54000,Jueves,entre_semana
2025-02-20,Sobrebarriga,Carnes,9,domicilio,54000,Jueves,entre_semana
2025-02-20,Pechuga Asada,Carnes,2,mesa,52000,Jueves,entre_semana
2025-02-20,Pechuga Asada,Carnes,5,domicilio,52000,Jueves,entre_semana
2025-02-20,Mojarra 2en1,Pescados,4,mesa,50000,Jueves,entre_semana
2025-02-20,Mojarra 2en1,Pescados,4,domicilio,50000,Jueves,entre_semana
2025-02-20,Trucha 2en1,Pescados,1,mesa,50000,Jueves,entre_semana
2025-02-20,Trucha 2en1,Pescados,1,domicilio,50000,Jueves,entre_semana
2025-02-20,Tierra Aire Mar,Pescados,1,domicilio,90000,Jueves,entre_semana
2025-02-20,Arroz con Pollo,Arroces,8,mesa,45000,Jueves,entre_semana
2025-02-20,Arroz con Pollo,Arroces,8,domicilio,45000,Jueves,entre_semana
2025-02-20,Almuerzo Ejecutivo,Corrientes,38,mesa,25000,Jueves,entre_semana
2025-02-20,Almuerzo Ejecutivo,Corrientes,37,domicilio,25000,Jueves,entre_semana
2025-02-21,Lengua en salsa,Sopas,1,mesa,60000,Viernes,entre_semana
2025-02-21,Lengua en salsa,Sopas,1,domicilio,60000,Viernes,entre_semana
2025-02-21,Sancocho de Gallina,Sopas,2,mesa,60000,Viernes,entre_semana
2025-02-21,Sancocho de Gallina,Sopas,2,domicilio,60000,Viernes,entre_semana
2025-02-21,Frijoles con Pezuña,Sopas,3,mesa,50000,Viernes,entre_semana
2025-02-21,Frijoles con Pezuña,Sopas,2,domicilio,50000,Viernes,entre_semana
2025-02-21,Pata,Sopas,1,mesa,27000,Viernes,entre_semana
2025-02-21,Pata,Sopas,1,domicilio,27000,Viernes,entre_semana
2025-02-21,Cola de Buey,Sopas,3,mesa,60000,Viernes,entre_semana
2025-02-21,Cola de Buey,Sopas,4,domicilio,60000,Viernes,entre_semana
2025-02-21,Cazuela de Mariscos,Sopas,1,mesa,53000,Viernes,entre_semana
2025-02-21,Cazuela de Mariscos,Sopas,1,domicilio,53000,Viernes,entre_semana
2025-02-21,Carne Asada (Chatas),Carnes,11,mesa,56000,Viernes,entre_semana
2025-02-21,Carne Asada (Chatas),Carnes,8,domicilio,56000,Viernes,entre_semana
2025-02-21,Carne Oreada,Carnes,3,mesa,56000,Viernes,entre_semana
2025-02-21,Carne Oreada,Carnes,2,domicilio,56000,Viernes,entre_semana
2025-02-21,Cabro con Pepitoria,Carnes,10,mesa,56000,Viernes,entre_semana
2025-02-21,Cabro con Pepitoria,Carnes,11,domicilio,56000,Viernes,entre_semana
2025-02-21,Costillas de Cerdo,Carnes,4,mesa,54000,Viernes,entre_semana
2025-02-21,Costillas de Cerdo,Carnes,6,domicilio,54000,Viernes,entre_semana
2025-02-21,Lomo de Cerdo,Carnes,5,mesa,54000,Viernes,entre_semana
2025-02-21,Lomo de Cerdo,Carnes,5,domicilio,54000,Viernes,entre_semana
2025-02-21,Sobrebarriga,Carnes,10,mesa,54000,Viernes,entre_semana
2025-02-21,Sobrebarriga,Carnes,10,domicilio,54000,Viernes,entre_semana
2025-02-21,Pechuga Asada,Carnes,2,mesa,52000,Viernes,entre_semana
2025-02-21,Pechuga Asada,Carnes,4,domicilio,52000,Viernes,entre_semana
2025-02-21,Mojarra 2en1,Pescados,3,mesa,50000,Viernes,entre_semana
2025-02-21,Mojarra 2en1,Pescados,4,domicilio,50000,Viernes,entre_semana
2025-02-21,Trucha 2en1,Pescados,1,mesa,50000,Viernes,entre_semana
2025-02-21,Trucha 2en1,Pescados,1,domicilio,50000,Viernes,entre_semana
2025-02-21,Tierra Aire Mar,Pescados,1,domicilio,90000,Viernes,entre_semana
2025-02-21,Arroz con Pollo,Arroces,7,mesa,45000,Viernes,entre_semana
2025-02-21,Arroz con Pollo,Arroces,7,domicilio,45000,Viernes,entre_semana
2025-02-21,Almuerzo Ejecutivo,Corrientes,50,mesa,25000,Viernes,entre_semana
2025-02-21,Almuerzo Ejecutivo,Corrientes,39,domicilio,25000,Viernes,entre_semana
2025-02-22,Lengua en salsa,Sopas,2,mesa,60000,Sábado,sabado
2025-02-22,Lengua en salsa,Sopas,2,domicilio,60000,Sábado,sabado
2025-02-22,Mute,Sopas,21,mesa,30000,Sábado,sabado
2025-02-22,Mute,Sopas,15,domicilio,30000,Sábado,sabado
2025-02-22,Sancocho de Gallina,Sopas,14,mesa,60000,Sábado,sabado
2025-02-22,Sancocho de Gallina,Sopas,9,domicilio,60000,Sábado,sabado
2025-02-22,Frijoles con Pezuña,Sopas,3,mesa,50000,Sábado,sabado
2025-02-22,Frijoles con Pezuña,Sopas,5,domicilio,50000,Sábado,sabado
2025-02-22,Pata,Sopas,3,mesa,27000,Sábado,sabado
2025-02-22,Pata,Sopas,2,domicilio,27000,Sábado,sabado
2025-02-22,Cola de Buey,Sopas,6,mesa,60000,Sábado,sabado
2025-02-22,Cola de Buey,Sopas,7,domicilio,60000,Sábado,sabado
2025-02-22,Cazuela de Mariscos,Sopas,2,mesa,53000,Sábado,sabado
2025-02-22,Cazuela de Mariscos,Sopas,2,domicilio,53000,Sábado,sabado
2025-02-22,Carne Asada (Chatas),Carnes,15,mesa,56000,Sábado,sabado
2025-02-22,Carne Asada (Chatas),Carnes,15,domicilio,56000,Sábado,sabado
2025-02-22,Carne Oreada,Carnes,5,mesa,56000,Sábado,sabado
2025-02-22,Carne Oreada,Carnes,4,domicilio,56000,Sábado,sabado
2025-02-22,Cabro con Pepitoria,Carnes,17,mesa,56000,Sábado,sabado
2025-02-22,Cabro con Pepitoria,Carnes,13,domicilio,56000,Sábado,sabado
2025-02-22,Costillas de Cerdo,Carnes,7,mesa,54000,Sábado,sabado
2025-02-22,Costillas de Cerdo,Carnes,8,domicilio,54000,Sábado,sabado
2025-02-22,Lomo de Cerdo,Carnes,7,mesa,54000,Sábado,sabado
2025-02-22,Lomo de Cerdo,Carnes,6,domicilio,54000,Sábado,sabado
2025-02-22,Sobrebarriga,Carnes,15,mesa,54000,Sábado,sabado
2025-02-22,Sobrebarriga,Carnes,14,domicilio,54000,Sábado,sabado
2025-02-22,Pechuga Asada,Carnes,5,mesa,52000,Sábado,sabado
2025-02-22,Pechuga Asada,Carnes,7,domicilio,52000,Sábado,sabado
2025-02-22,Mojarra 2en1,Pescados,6,mesa,50000,Sábado,sabado
2025-02-22,Mojarra 2en1,Pescados,6,domicilio,50000,Sábado,sabado
2025-02-22,Trucha 2en1,Pescados,2,mesa,50000,Sábado,sabado
2025-02-22,Trucha 2en1,Pescados,2,domicilio,50000,Sábado,sabado
2025-02-22,Tierra Aire Mar,Pescados,1,mesa,90000,Sábado,sabado
2025-02-22,Tierra Aire Mar,Pescados,1,domicilio,90000,Sábado,sabado
2025-02-22,Arroz con Pollo,Arroces,14,mesa,45000,Sábado,sabado
2025-02-22,Arroz con Pollo,Arroces,13,domicilio,45000,Sábado,sabado
2025-02-22,Almuerzo Ejecutivo,Corrientes,33,domicilio,25000,Sábado,sabado
2025-02-23,Lengua en salsa,Sopas,4,mesa,60000,Domingo,domingo
2025-02-23,Lengua en salsa,Sopas,3,domicilio,60000,Domingo,domingo
2025-02-23,Mute,Sopas,39,mesa,30000,Domingo,domingo
2025-02-23,Mute,Sopas,29,domicilio,30000,Domingo,domingo
2025-02-23,Sancocho de Gallina,Sopas,21,mesa,60000,Domingo,domingo
2025-02-23,Sancocho de Gallina,Sopas,20,domicilio,60000,Domingo,domingo
2025-02-23,Pata,Sopas,7,mesa,27000,Domingo,domingo
2025-02-23,Pata,Sopas,5,domicilio,27000,Domingo,domingo
2025-02-23,Cola de Buey,Sopas,9,mesa,60000,Domingo,domingo
2025-02-23,Cola de Buey,Sopas,13,domicilio,60000,Domingo,domingo
2025-02-23,Cazuela de Mariscos,Sopas,4,mesa,53000,Domingo,domingo
2025-02-23,Cazuela de Mariscos,Sopas,2,domicilio,53000,Domingo,domingo
2025-02-23,Carne Asada (Chatas),Carnes,25,mesa,56000,Domingo,domingo
2025-02-23,Carne Asada (Chatas),Carnes,28,domicilio,56000,Domingo,domingo
2025-02-23,Carne Oreada,Carnes,10,mesa,56000,Domingo,domingo
2025-02-23,Carne Oreada,Carnes,10,domicilio,56000,Domingo,domingo
2025-02-23,Cabro con Pepitoria,Carnes,32,mesa,56000,Domingo,domingo
2025-02-23,Cabro con Pepitoria,Carnes,30,domicilio,56000,Domingo,domingo
2025-02-23,Costillas de Cerdo,Carnes,15,mesa,54000,Domingo,domingo
2025-02-23,Costillas de Cerdo,Carnes,24,domicilio,54000,Domingo,domingo
2025-02-23,Lomo de Cerdo,Carnes,10,mesa,54000,Domingo,domingo
2025-02-23,Lomo de Cerdo,Carnes,13,domicilio,54000,Domingo,domingo
2025-02-23,Sobrebarriga,Carnes,34,mesa,54000,Domingo,domingo
2025-02-23,Sobrebarriga,Carnes,25,domicilio,54000,Domingo,domingo
2025-02-23,Pechuga Asada,Carnes,7,mesa,52000,Domingo,domingo
2025-02-23,Pechuga Asada,Carnes,10,domicilio,52000,Domingo,domingo
2025-02-23,Mojarra 2en1,Pescados,12,mesa,50000,Domingo,domingo
2025-02-23,Mojarra 2en1,Pescados,14,domicilio,50000,Domingo,domingo
2025-02-23,Trucha 2en1,Pescados,4,mesa,50000,Domingo,domingo
2025-02-23,Trucha 2en1,Pescados,4,domicilio,50000,Domingo,domingo
2025-02-23,Tierra Aire Mar,Pescados,2,mesa,90000,Domingo,domingo
2025-02-23,Tierra Aire Mar,Pescados,2,domicilio,90000,Domingo,domingo
2025-02-23,Arroz con Pollo,Arroces,25,mesa,45000,Domingo,domingo
2025-02-23,Arroz con Pollo,Arroces,21,domicilio,45000,Domingo,domingo
2025-02-25,Lengua en salsa,Sopas,1,mesa,60000,Martes,entre_semana
2025-02-25,Lengua en salsa,Sopas,1,domicilio,60000,Martes,entre_semana
2025-02-25,Sancocho de Gallina,Sopas,3,mesa,60000,Martes,entre_semana
2025-02-25,Sancocho de Gallina,Sopas,3,domicilio,60000,Martes,entre_semana
2025-02-25,Frijoles con Pezuña,Sopas,3,mesa,50000,Martes,entre_semana
2025-02-25,Frijoles con Pezuña,Sopas,2,domicilio,50000,Martes,entre_semana
2025-02-25,Pata,Sopas,1,mesa,27000,Martes,entre_semana
2025-02-25,Pata,Sopas,1,domicilio,27000,Martes,entre_semana
2025-02-25,Cola de Buey,Sopas,3,mesa,60000,Martes,entre_semana
2025-02-25,Cola de Buey,Sopas,5,domicilio,60000,Martes,entre_semana
2025-02-25,Cazuela de Mariscos,Sopas,1,mesa,53000,Martes,entre_semana
2025-02-25,Cazuela de Mariscos,Sopas,1,domicilio,53000,Martes,entre_semana
2025-02-25,Carne Asada (Chatas),Carnes,10,mesa,56000,Martes,entre_semana
2025-02-25,Carne Asada (Chatas),Carnes,9,domicilio,56000,Martes,entre_semana
2025-02-25,Carne Oreada,Carnes,3,mesa,56000,Martes,entre_semana
2025-02-25,Carne Oreada,Carnes,3,domicilio,56000,Martes,entre_semana
2025-02-25,Cabro con Pepitoria,Carnes,9,mesa,56000,Martes,entre_semana
2025-02-25,Cabro con Pepitoria,Carnes,7,domicilio,56000,Martes,entre_semana
2025-02-25,Costillas de Cerdo,Carnes,6,mesa,54000,Martes,entre_semana
2025-02-25,Costillas de Cerdo,Carnes,6,domicilio,54000,Martes,entre_semana
2025-02-25,Lomo de Cerdo,Carnes,4,mesa,54000,Martes,entre_semana
2025-02-25,Lomo de Cerdo,Carnes,4,domicilio,54000,Martes,entre_semana
2025-02-25,Sobrebarriga,Carnes,9,mesa,54000,Martes,entre_semana
2025-02-25,Sobrebarriga,Carnes,9,domicilio,54000,Martes,entre_semana
2025-02-25,Pechuga Asada,Carnes,2,mesa,52000,Martes,entre_semana
2025-02-25,Pechuga Asada,Carnes,4,domicilio,52000,Martes,entre_semana
2025-02-25,Mojarra 2en1,Pescados,4,mesa,50000,Martes,entre_semana
2025-02-25,Mojarra 2en1,Pescados,4,domicilio,50000,Martes,entre_semana
2025-02-25,Trucha 2en1,Pescados,1,mesa,50000,Martes,entre_semana
2025-02-25,Trucha 2en1,Pescados,1,domicilio,50000,Martes,entre_semana
2025-02-25,Tierra Aire Mar,Pescados,1,domicilio,90000,Martes,entre_semana
2025-02-25,Arroz con Pollo,Arroces,9,mesa,45000,Martes,entre_semana
2025-02-25,Arroz con Pollo,Arroces,8,domicilio,45000,Martes,entre_semana
2025-02-25,Almuerzo Ejecutivo,Corrientes,44,mesa,25000,Martes,entre_semana
2025-02-25,Almuerzo Ejecutivo,Corrientes,38,domicilio,25000,Martes,entre_semana
2025-02-26,Lengua en salsa,Sopas,1,mesa,60000,Miércoles,entre_semana
2025-02-26,Lengua en salsa,Sopas,1,domicilio,60000,Miércoles,entre_semana
2025-02-26,Sancocho de Gallina,Sopas,3,mesa,60000,Miércoles,entre_semana
2025-02-26,Sancocho de Gallina,Sopas,3,domicilio,60000,Miércoles,entre_semana
2025-02-26,Frijoles con Pezuña,Sopas,3,mesa,50000,Miércoles,entre_semana
2025-02-26,Frijoles con Pezuña,Sopas,2,domicilio,50000,Miércoles,entre_semana
2025-02-26,Pata,Sopas,1,mesa,27000,Miércoles,entre_semana
2025-02-26,Pata,Sopas,1,domicilio,27000,Miércoles,entre_semana
2025-02-26,Cola de Buey,Sopas,3,mesa,60000,Miércoles,entre_semana
2025-02-26,Cola de Buey,Sopas,5,domicilio,60000,Miércoles,entre_semana
2025-02-26,Cazuela de Mariscos,Sopas,1,mesa,53000,Miércoles,entre_semana
2025-02-26,Cazuela de Mariscos,Sopas,1,domicilio,53000,Miércoles,entre_semana
2025-02-26,Carne Asada (Chatas),Carnes,8,mesa,56000,Miércoles,entre_semana
2025-02-26,Carne Asada (Chatas),Carnes,8,domicilio,56000,Miércoles,entre_semana
2025-02-26,Carne Oreada,Carnes,3,mesa,56000,Miércoles,entre_semana
2025-02-26,Carne Oreada,Carnes,2,domicilio,56000,Miércoles,entre_semana
2025-02-26,Cabro con Pepitoria,Carnes,8,mesa,56000,Miércoles,entre_semana
2025-02-26,Cabro con Pepitoria,Carnes,9,domicilio,56000,Miércoles,entre_semana
2025-02-26,Costillas de Cerdo,Carnes,5,mesa,54000,Miércoles,entre_semana
2025-02-26,Costillas de Cerdo,Carnes,5,domicilio,54000,Miércoles,entre_semana
2025-02-26,Lomo de Cerdo,Carnes,4,mesa,54000,Miércoles,entre_semana
2025-02-26,Lomo de Cerdo,Carnes,5,domicilio,54000,Miércoles,entre_semana
2025-02-26,Sobrebarriga,Carnes,12,mesa,54000,Miércoles,entre_semana
2025-02-26,Sobrebarriga,Carnes,12,domicilio,54000,Miércoles,entre_semana
2025-02-26,Pechuga Asada,Carnes,2,mesa,52000,Miércoles,entre_semana
2025-02-26,Pechuga Asada,Carnes,4,domicilio,52000,Miércoles,entre_semana
2025-02-26,Mojarra 2en1,Pescados,4,mesa,50000,Miércoles,entre_semana
2025-02-26,Mojarra 2en1,Pescados,4,domicilio,50000,Miércoles,entre_semana
2025-02-26,Trucha 2en1,Pescados,1,mesa,50000,Miércoles,entre_semana
2025-02-26,Trucha 2en1,Pescados,1,domicilio,50000,Miércoles,entre_semana
2025-02-26,Tierra Aire Mar,Pescados,1,domicilio,90000,Miércoles,entre_semana
2025-02-26,Arroz con Pollo,Arroces,9,mesa,45000,Miércoles,entre_semana
2025-02-26,Arroz con Pollo,Arroces,7,domicilio,45000,Miércoles,entre_semana
2025-02-26,Almuerzo Ejecutivo,Corrientes,38,mesa,25000,Miércoles,entre_semana
2025-02-26,Almuerzo Ejecutivo,Corrientes,43,domicilio,25000,Miércoles,entre_semana
2025-02-27,Lengua en salsa,Sopas,1,mesa,60000,Jueves,entre_semana
2025-02-27,Lengua en salsa,Sopas,1,domicilio,60000,Jueves,entre_semana
2025-02-27,Sancocho de Gallina,Sopas,3,mesa,60000,Jueves,entre_semana
2025-02-27,Sancocho de Gallina,Sopas,4,domicilio,60000,Jueves,entre_semana
2025-02-27,Frijoles con Pezuña,Sopas,3,mesa,50000,Jueves,entre_semana
2025-02-27,Frijoles con Pezuña,Sopas,2,domicilio,50000,Jueves,entre_semana
2025-02-27,Pata,Sopas,1,mesa,27000,Jueves,entre_semana
2025-02-27,Pata,Sopas,1,domicilio,27000,Jueves,entre_semana
2025-02-27,Cola de Buey,Sopas,3,mesa,60000,Jueves,entre_semana
2025-02-27,Cola de Buey,Sopas,4,domicilio,60000,Jueves,entre_semana
2025-02-27,Cazuela de Mariscos,Sopas,1,mesa,53000,Jueves,entre_semana
2025-02-27,Cazuela de Mariscos,Sopas,1,domicilio,53000,Jueves,entre_semana
2025-02-27,Carne Asada (Chatas),Carnes,8,mesa,56000,Jueves,entre_semana
2025-02-27,Carne Asada (Chatas),Carnes,7,domicilio,56000,Jueves,entre_semana
2025-02-27,Carne Oreada,Carnes,3,mesa,56000,Jueves,entre_semana
2025-02-27,Carne Oreada,Carnes,4,domicilio,56000,Jueves,entre_semana
2025-02-27,Cabro con Pepitoria,Carnes,8,mesa,56000,Jueves,entre_semana
2025-02-27,Cabro con Pepitoria,Carnes,8,domicilio,56000,Jueves,entre_semana
2025-02-27,Costillas de Cerdo,Carnes,5,mesa,54000,Jueves,entre_semana
2025-02-27,Costillas de Cerdo,Carnes,6,domicilio,54000,Jueves,entre_semana
2025-02-27,Lomo de Cerdo,Carnes,4,mesa,54000,Jueves,entre_semana
2025-02-27,Lomo de Cerdo,Carnes,4,domicilio,54000,Jueves,entre_semana
2025-02-27,Sobrebarriga,Carnes,9,mesa,54000,Jueves,entre_semana
2025-02-27,Sobrebarriga,Carnes,11,domicilio,54000,Jueves,entre_semana
2025-02-27,Pechuga Asada,Carnes,2,mesa,52000,Jueves,entre_semana
2025-02-27,Pechuga Asada,Carnes,4,domicilio,52000,Jueves,entre_semana
2025-02-27,Mojarra 2en1,Pescados,4,mesa,50000,Jueves,entre_semana
2025-02-27,Mojarra 2en1,Pescados,3,domicilio,50000,Jueves,entre_semana
2025-02-27,Trucha 2en1,Pescados,1,mesa,50000,Jueves,entre_semana
2025-02-27,Trucha 2en1,Pescados,1,domicilio,50000,Jueves,entre_semana
2025-02-27,Tierra Aire Mar,Pescados,1,domicilio,90000,Jueves,entre_semana
2025-02-27,Arroz con Pollo,Arroces,8,mesa,45000,Jueves,entre_semana
2025-02-27,Arroz con Pollo,Arroces,8,domicilio,45000,Jueves,entre_semana
2025-02-27,Almuerzo Ejecutivo,Corrientes,44,mesa,25000,Jueves,entre_semana
2025-02-27,Almuerzo Ejecutivo,Corrientes,53,domicilio,25000,Jueves,entre_semana
2025-02-28,Lengua en salsa,Sopas,1,mesa,60000,Viernes,entre_semana
2025-02-28,Lengua en salsa,Sopas,1,domicilio,60000,Viernes,entre_semana
2025-02-28,Sancocho de Gallina,Sopas,3,mesa,60000,Viernes,entre_semana
2025-02-28,Sancocho de Gallina,Sopas,2,domicilio,60000,Viernes,entre_semana
2025-02-28,Frijoles con Pezuña,Sopas,4,mesa,50000,Viernes,entre_semana
2025-02-28,Frijoles con Pezuña,Sopas,2,domicilio,50000,Viernes,entre_semana
2025-02-28,Pata,Sopas,1,mesa,27000,Viernes,entre_semana
2025-02-28,Pata,Sopas,1,domicilio,27000,Viernes,entre_semana
2025-02-28,Cola de Buey,Sopas,2,mesa,60000,Viernes,entre_semana
2025-02-28,Cola de Buey,Sopas,3,domicilio,60000,Viernes,entre_semana
2025-02-28,Cazuela de Mariscos,Sopas,1,mesa,53000,Viernes,entre_semana
2025-02-28,Cazuela de Mariscos,Sopas,1,domicilio,53000,Viernes,entre_semana
2025-02-28,Carne Asada (Chatas),Carnes,10,mesa,56000,Viernes,entre_semana
2025-02-28,Carne Asada (Chatas),Carnes,8,domicilio,56000,Viernes,entre_semana
2025-02-28,Carne Oreada,Carnes,3,mesa,56000,Viernes,entre_semana
2025-02-28,Carne Oreada,Carnes,3,domicilio,56000,Viernes,entre_semana
2025-02-28,Cabro con Pepitoria,Carnes,9,mesa,56000,Viernes,entre_semana
2025-02-28,Cabro con Pepitoria,Carnes,7,domicilio,56000,Viernes,entre_semana
2025-02-28,Costillas de Cerdo,Carnes,4,mesa,54000,Viernes,entre_semana
2025-02-28,Costillas de Cerdo,Carnes,5,domicilio,54000,Viernes,entre_semana
2025-02-28,Lomo de Cerdo,Carnes,4,mesa,54000,Viernes,entre_semana
2025-02-28,Lomo de Cerdo,Carnes,5,domicilio,54000,Viernes,entre_semana
2025-02-28,Sobrebarriga,Carnes,10,mesa,54000,Viernes,entre_semana
2025-02-28,Sobrebarriga,Carnes,8,domicilio,54000,Viernes,entre_semana
2025-02-28,Pechuga Asada,Carnes,2,mesa,52000,Viernes,entre_semana
2025-02-28,Pechuga Asada,Carnes,3,domicilio,52000,Viernes,entre_semana
2025-02-28,Mojarra 2en1,Pescados,4,mesa,50000,Viernes,entre_semana
2025-02-28,Mojarra 2en1,Pescados,4,domicilio,50000,Viernes,entre_semana
2025-02-28,Trucha 2en1,Pescados,1,mesa,50000,Viernes,entre_semana
2025-02-28,Trucha 2en1,Pescados,1,domicilio,50000,Viernes,entre_semana
2025-02-28,Tierra Aire Mar,Pescados,1,domicilio,90000,Viernes,entre_semana
2025-02-28,Arroz con Pollo,Arroces,9,mesa,45000,Viernes,entre_semana
2025-02-28,Arroz con Pollo,Arroces,8,domicilio,45000,Viernes,entre_semana
2025-02-28,Almuerzo Ejecutivo,Corrientes,42,mesa,25000,Viernes,entre_semana
2025-02-28,Almuerzo Ejecutivo,Corrientes,37,domicilio,25000,Viernes,entre_semana
2025-03-01,Lengua en salsa,Sopas,2,mesa,60000,Sábado,sabado
2025-03-01,Lengua en salsa,Sopas,2,domicilio,60000,Sábado,sabado
2025-03-01,Mute,Sopas,16,mesa,30000,Sábado,sabado
2025-03-01,Mute,Sopas,13,domicilio,30000,Sábado,sabado
2025-03-01,Sancocho de Gallina,Sopas,11,mesa,60000,Sábado,sabado
2025-03-01,Sancocho de Gallina,Sopas,11,domicilio,60000,Sábado,sabado
2025-03-01,Frijoles con Pezuña,Sopas,4,mesa,50000,Sábado,sabado
2025-03-01,Frijoles con Pezuña,Sopas,4,domicilio,50000,Sábado,sabado
2025-03-01,Pata,Sopas,3,mesa,27000,Sábado,sabado
2025-03-01,Pata,Sopas,2,domicilio,27000,Sábado,sabado
2025-03-01,Cola de Buey,Sopas,5,mesa,60000,Sábado,sabado
2025-03-01,Cola de Buey,Sopas,9,domicilio,60000,Sábado,sabado
2025-03-01,Cazuela de Mariscos,Sopas,2,mesa,53000,Sábado,sabado
2025-03-01,Cazuela de Mariscos,Sopas,2,domicilio,53000,Sábado,sabado
2025-03-01,Carne Asada (Chatas),Carnes,15,mesa,56000,Sábado,sabado
2025-03-01,Carne Asada (Chatas),Carnes,14,domicilio,56000,Sábado,sabado
2025-03-01,Carne Oreada,Carnes,7,mesa,56000,Sábado,sabado
2025-03-01,Carne Oreada,Carnes,4,domicilio,56000,Sábado,sabado
2025-03-01,Cabro con Pepitoria,Carnes,12,mesa,56000,Sábado,sabado
2025-03-01,Cabro con Pepitoria,Carnes,11,domicilio,56000,Sábado,sabado
2025-03-01,Costillas de Cerdo,Carnes,9,mesa,54000,Sábado,sabado
2025-03-01,Costillas de Cerdo,Carnes,12,domicilio,54000,Sábado,sabado
2025-03-01,Lomo de Cerdo,Carnes,6,mesa,54000,Sábado,sabado
2025-03-01,Lomo de Cerdo,Carnes,6,domicilio,54000,Sábado,sabado
2025-03-01,Sobrebarriga,Carnes,17,mesa,54000,Sábado,sabado
2025-03-01,Sobrebarriga,Carnes,15,domicilio,54000,Sábado,sabado
2025-03-01,Pechuga Asada,Carnes,4,mesa,52000,Sábado,sabado
2025-03-01,Pechuga Asada,Carnes,6,domicilio,52000,Sábado,sabado
2025-03-01,Mojarra 2en1,Pescados,8,mesa,50000,Sábado,sabado
2025-03-01,Mojarra 2en1,Pescados,7,domicilio,50000,Sábado,sabado
2025-03-01,Trucha 2en1,Pescados,2,mesa,50000,Sábado,sabado
2025-03-01,Trucha 2en1,Pescados,2,domicilio,50000,Sábado,sabado
2025-03-01,Tierra Aire Mar,Pescados,1,mesa,90000,Sábado,sabado
2025-03-01,Tierra Aire Mar,Pescados,1,domicilio,90000,Sábado,sabado
2025-03-01,Arroz con Pollo,Arroces,12,mesa,45000,Sábado,sabado
2025-03-01,Arroz con Pollo,Arroces,14,domicilio,45000,Sábado,sabado
2025-03-01,Almuerzo Ejecutivo,Corrientes,33,domicilio,25000,Sábado,sabado
2025-03-02,Lengua en salsa,Sopas,5,mesa,60000,Domingo,domingo
2025-03-02,Lengua en salsa,Sopas,3,domicilio,60000,Domingo,domingo
2025-03-02,Mute,Sopas,40,mesa,30000,Domingo,domingo
2025-03-02,Mute,Sopas,31,domicilio,30000,Domingo,domingo
2025-03-02,Sancocho de Gallina,Sopas,25,mesa,60000,Domingo,domingo
2025-03-02,Sancocho de Gallina,Sopas,19,domicilio,60000,Domingo,domingo
2025-03-02,Pata,Sopas,7,mesa,27000,Domingo,domingo
2025-03-02,Pata,Sopas,5,domicilio,27000,Domingo,domingo
2025-03-02,Cola de Buey,Sopas,10,mesa,60000,Domingo,domingo
2025-03-02,Cola de Buey,Sopas,12,domicilio,60000,Domingo,domingo
2025-03-02,Cazuela de Mariscos,Sopas,4,mesa,53000,Domingo,domingo
2025-03-02,Cazuela de Mariscos,Sopas,3,domicilio,53000,Domingo,domingo
2025-03-02,Carne Asada (Chatas),Carnes,27,mesa,56000,Domingo,domingo
2025-03-02,Carne Asada (Chatas),Carnes,25,domicilio,56000,Domingo,domingo
2025-03-02,Carne Oreada,Carnes,12,mesa,56000,Domingo,domingo
2025-03-02,Carne Oreada,Carnes,8,domicilio,56000,Domingo,domingo
2025-03-02,Cabro con Pepitoria,Carnes,25,mesa,56000,Domingo,domingo
2025-03-02,Cabro con Pepitoria,Carnes,24,domicilio,56000,Domingo,domingo
2025-03-02,Costillas de Cerdo,Carnes,17,mesa,54000,Domingo,domingo
2025-03-02,Costillas de Cerdo,Carnes,19,domicilio,54000,Domingo,domingo
2025-03-02,Lomo de Cerdo,Carnes,13,mesa,54000,Domingo,domingo
2025-03-02,Lomo de Cerdo,Carnes,13,domicilio,54000,Domingo,domingo
2025-03-02,Sobrebarriga,Carnes,25,mesa,54000,Domingo,domingo
2025-03-02,Sobrebarriga,Carnes,27,domicilio,54000,Domingo,domingo
2025-03-02,Pechuga Asada,Carnes,9,mesa,52000,Domingo,domingo
2025-03-02,Pechuga Asada,Carnes,14,domicilio,52000,Domingo,domingo
2025-03-02,Mojarra 2en1,Pescados,14,mesa,50000,Domingo,domingo
2025-03-02,Mojarra 2en1,Pescados,14,domicilio,50000,Domingo,domingo
2025-03-02,Trucha 2en1,Pescados,4,mesa,50000,Domingo,domingo
2025-03-02,Trucha 2en1,Pescados,5,domicilio,50000,Domingo,domingo
2025-03-02,Tierra Aire Mar,Pescados,2,mesa,90000,Domingo,domingo
2025-03-02,Tierra Aire Mar,Pescados,2,domicilio,90000,Domingo,domingo
2025-03-02,Arroz con Pollo,Arroces,24,mesa,45000,Domingo,domingo
2025-03-02,Arroz con Pollo,Arroces,24,domicilio,45000,Domingo,domingo
2025-03-04,Lengua en salsa,Sopas,1,mesa,60000,Martes,entre_semana
2025-03-04,Lengua en salsa,Sopas,1,domicilio,60000,Martes,entre_semana
2025-03-04,Sancocho de Gallina,Sopas,3,mesa,60000,Martes,entre_semana
2025-03-04,Sancocho de Gallina,Sopas,3,domicilio,60000,Martes,entre_semana
2025-03-04,Frijoles con Pezuña,Sopas,3,mesa,50000,Martes,entre_semana
2025-03-04,Frijoles con Pezuña,Sopas,2,domicilio,50000,Martes,entre_semana
2025-03-04,Pata,Sopas,1,mesa,27000,Martes,entre_semana
2025-03-04,Pata,Sopas,1,domicilio,27000,Martes,entre_semana
2025-03-04,Cola de Buey,Sopas,3,mesa,60000,Martes,entre_semana
2025-03-04,Cola de Buey,Sopas,4,domicilio,60000,Martes,entre_semana
2025-03-04,Cazuela de Mariscos,Sopas,1,mesa,53000,Martes,entre_semana
2025-03-04,Cazuela de Mariscos,Sopas,1,domicilio,53000,Martes,entre_semana
2025-03-04,Carne Asada (Chatas),Carnes,9,mesa,56000,Martes,entre_semana
2025-03-04,Carne Asada (Chatas),Carnes,11,domicilio,56000,Martes,entre_semana
2025-03-04,Carne Oreada,Carnes,3,mesa,56000,Martes,entre_semana
2025-03-04,Carne Oreada,Carnes,3,domicilio,56000,Martes,entre_semana
2025-03-04,Cabro con Pepitoria,Carnes,10,mesa,56000,Martes,entre_semana
2025-03-04,Cabro con Pepitoria,Carnes,10,domicilio,56000,Martes,entre_semana
2025-03-04,Costillas de Cerdo,Carnes,6,mesa,54000,Martes,entre_semana
2025-03-04,Costillas de Cerdo,Carnes,5,domicilio,54000,Martes,entre_semana
2025-03-04,Lomo de Cerdo,Carnes,3,mesa,54000,Martes,entre_semana
2025-03-04,Lomo de Cerdo,Carnes,4,domicilio,54000,Martes,entre_semana
2025-03-04,Sobrebarriga,Carnes,10,mesa,54000,Martes,entre_semana
2025-03-04,Sobrebarriga,Carnes,12,domicilio,54000,Martes,entre_semana
2025-03-04,Pechuga Asada,Carnes,2,mesa,52000,Martes,entre_semana
2025-03-04,Pechuga Asada,Carnes,3,domicilio,52000,Martes,entre_semana
2025-03-04,Mojarra 2en1,Pescados,3,mesa,50000,Martes,entre_semana
2025-03-04,Mojarra 2en1,Pescados,4,domicilio,50000,Martes,entre_semana
2025-03-04,Trucha 2en1,Pescados,1,mesa,50000,Martes,entre_semana
2025-03-04,Trucha 2en1,Pescados,1,domicilio,50000,Martes,entre_semana
2025-03-04,Tierra Aire Mar,Pescados,1,domicilio,90000,Martes,entre_semana
2025-03-04,Arroz con Pollo,Arroces,9,mesa,45000,Martes,entre_semana
2025-03-04,Arroz con Pollo,Arroces,9,domicilio,45000,Martes,entre_semana
2025-03-04,Almuerzo Ejecutivo,Corrientes,42,mesa,25000,Martes,entre_semana
2025-03-04,Almuerzo Ejecutivo,Corrientes,43,domicilio,25000,Martes,entre_semana
2025-03-05,Lengua en salsa,Sopas,1,mesa,60000,Miércoles,entre_semana
2025-03-05,Lengua en salsa,Sopas,1,domicilio,60000,Miércoles,entre_semana
2025-03-05,Sancocho de Gallina,Sopas,3,mesa,60000,Miércoles,entre_semana
2025-03-05,Sancocho de Gallina,Sopas,3,domicilio,60000,Miércoles,entre_semana
2025-03-05,Frijoles con Pezuña,Sopas,3,mesa,50000,Miércoles,entre_semana
2025-03-05,Frijoles con Pezuña,Sopas,2,domicilio,50000,Miércoles,entre_semana
2025-03-05,Pata,Sopas,1,mesa,27000,Miércoles,entre_semana
2025-03-05,Pata,Sopas,1,domicilio,27000,Miércoles,entre_semana
2025-03-05,Cola de Buey,Sopas,2,mesa,60000,Miércoles,entre_semana
2025-03-05,Cola de Buey,Sopas,4,domicilio,60000,Miércoles,entre_semana
2025-03-05,Cazuela de Mariscos,Sopas,1,mesa,53000,Miércoles,entre_semana
2025-03-05,Cazuela de Mariscos,Sopas,1,domicilio,53000,Miércoles,entre_semana
2025-03-05,Carne Asada (Chatas),Carnes,9,mesa,56000,Miércoles,entre_semana
2025-03-05,Carne Asada (Chatas),Carnes,9,domicilio,56000,Miércoles,entre_semana
2025-03-05,Carne Oreada,Carnes,3,mesa,56000,Miércoles,entre_semana
2025-03-05,Carne Oreada,Carnes,3,domicilio,56000,Miércoles,entre_semana
2025-03-05,Cabro con Pepitoria,Carnes,9,mesa,56000,Miércoles,entre_semana
2025-03-05,Cabro con Pepitoria,Carnes,8,domicilio,56000,Miércoles,entre_semana
2025-03-05,Costillas de Cerdo,Carnes,4,mesa,54000,Miércoles,entre_semana
2025-03-05,Costillas de Cerdo,Carnes,7,domicilio,54000,Miércoles,entre_semana
2025-03-05,Lomo de Cerdo,Carnes,5,mesa,54000,Miércoles,entre_semana
2025-03-05,Lomo de Cerdo,Carnes,5,domicilio,54000,Miércoles,entre_semana
2025-03-05,Sobrebarriga,Carnes,8,mesa,54000,Miércoles,entre_semana
2025-03-05,Sobrebarriga,Carnes,12,domicilio,54000,Miércoles,entre_semana
2025-03-05,Pechuga Asada,Carnes,2,mesa,52000,Miércoles,entre_semana
2025-03-05,Pechuga Asada,Carnes,4,domicilio,52000,Miércoles,entre_semana
2025-03-05,Mojarra 2en1,Pescados,4,mesa,50000,Miércoles,entre_semana
2025-03-05,Mojarra 2en1,Pescados,4,domicilio,50000,Miércoles,entre_semana
2025-03-05,Trucha 2en1,Pescados,1,mesa,50000,Miércoles,entre_semana
2025-03-05,Trucha 2en1,Pescados,1,domicilio,50000,Miércoles,entre_semana
2025-03-05,Tierra Aire Mar,Pescados,1,domicilio,90000,Miércoles,entre_semana
2025-03-05,Arroz con Pollo,Arroces,7,mesa,45000,Miércoles,entre_semana
2025-03-05,Arroz con Pollo,Arroces,7,domicilio,45000,Miércoles,entre_semana
2025-03-05,Almuerzo Ejecutivo,Corrientes,42,mesa,25000,Miércoles,entre_semana
2025-03-05,Almuerzo Ejecutivo,Corrientes,46,domicilio,25000,Miércoles,entre_semana
2025-03-06,Lengua en salsa,Sopas,1,mesa,60000,Jueves,entre_semana
2025-03-06,Lengua en salsa,Sopas,1,domicilio,60000,Jueves,entre_semana
2025-03-06,Sancocho de Gallina,Sopas,3,mesa,60000,Jueves,entre_semana
2025-03-06,Sancocho de Gallina,Sopas,3,domicilio,60000,Jueves,entre_semana
2025-03-06,Frijoles con Pezuña,Sopas,3,mesa,50000,Jueves,entre_semana
2025-03-06,Frijoles con Pezuña,Sopas,2,domicilio,50000,Jueves,entre_semana
2025-03-06,Pata,Sopas,1,mesa,27000,Jueves,entre_semana
2025-03-06,Pata,Sopas,1,domicilio,27000,Jueves,entre_semana
2025-03-06,Cola de Buey,Sopas,3,mesa,60000,Jueves,entre_semana
2025-03-06,Cola de Buey,Sopas,4,domicilio,60000,Jueves,entre_semana
2025-03-06,Cazuela de Mariscos,Sopas,1,mesa,53000,Jueves,entre_semana
2025-03-06,Cazuela de Mariscos,Sopas,1,domicilio,53000,Jueves,entre_semana
2025-03-06,Carne Asada (Chatas),Carnes,9,mesa,56000,Jueves,entre_semana
2025-03-06,Carne Asada (Chatas),Carnes,9,domicilio,56000,Jueves,entre_semana
2025-03-06,Carne Oreada,Carnes,3,mesa,56000,Jueves,entre_semana
2025-03-06,Carne Oreada,Carnes,3,domicilio,56000,Jueves,entre_semana
2025-03-06,Cabro con Pepitoria,Carnes,8,mesa,56000,Jueves,entre_semana
2025-03-06,Cabro con Pepitoria,Carnes,8,domicilio,56000,Jueves,entre_semana
2025-03-06,Costillas de Cerdo,Carnes,5,mesa,54000,Jueves,entre_semana
2025-03-06,Costillas de Cerdo,Carnes,6,domicilio,54000,Jueves,entre_semana
2025-03-06,Lomo de Cerdo,Carnes,5,mesa,54000,Jueves,entre_semana
2025-03-06,Lomo de Cerdo,Carnes,4,domicilio,54000,Jueves,entre_semana
2025-03-06,Sobrebarriga,Carnes,12,mesa,54000,Jueves,entre_semana
2025-03-06,Sobrebarriga,Carnes,12,domicilio,54000,Jueves,entre_semana
2025-03-06,Pechuga Asada,Carnes,2,mesa,52000,Jueves,entre_semana
2025-03-06,Pechuga Asada,Carnes,5,domicilio,52000,Jueves,entre_semana
2025-03-06,Mojarra 2en1,Pescados,4,mesa,50000,Jueves,entre_semana
2025-03-06,Mojarra 2en1,Pescados,3,domicilio,50000,Jueves,entre_semana
2025-03-06,Trucha 2en1,Pescados,1,mesa,50000,Jueves,entre_semana
2025-03-06,Trucha 2en1,Pescados,1,domicilio,50000,Jueves,entre_semana
2025-03-06,Tierra Aire Mar,Pescados,1,domicilio,90000,Jueves,entre_semana
2025-03-06,Arroz con Pollo,Arroces,9,mesa,45000,Jueves,entre_semana
2025-03-06,Arroz con Pollo,Arroces,9,domicilio,45000,Jueves,entre_semana
2025-03-06,Almuerzo Ejecutivo,Corrientes,46,mesa,25000,Jueves,entre_semana
2025-03-06,Almuerzo Ejecutivo,Corrientes,50,domicilio,25000,Jueves,entre_semana
2025-03-07,Lengua en salsa,Sopas,1,mesa,60000,Viernes,entre_semana
2025-03-07,Lengua en salsa,Sopas,1,domicilio,60000,Viernes,entre_semana
2025-03-07,Sancocho de Gallina,Sopas,2,mesa,60000,Viernes,entre_semana
2025-03-07,Sancocho de Gallina,Sopas,3,domicilio,60000,Viernes,entre_semana
2025-03-07,Frijoles con Pezuña,Sopas,4,mesa,50000,Viernes,entre_semana
2025-03-07,Frijoles con Pezuña,Sopas,2,domicilio,50000,Viernes,entre_semana
2025-03-07,Pata,Sopas,1,mesa,27000,Viernes,entre_semana
2025-03-07,Pata,Sopas,1,domicilio,27000,Viernes,entre_semana
2025-03-07,Cola de Buey,Sopas,3,mesa,60000,Viernes,entre_semana
2025-03-07,Cola de Buey,Sopas,4,domicilio,60000,Viernes,entre_semana
2025-03-07,Cazuela de Mariscos,Sopas,1,mesa,53000,Viernes,entre_semana
2025-03-07,Cazuela de Mariscos,Sopas,1,domicilio,53000,Viernes,entre_semana
2025-03-07,Carne Asada (Chatas),Carnes,10,mesa,56000,Viernes,entre_semana
2025-03-07,Carne Asada (Chatas),Carnes,9,domicilio,56000,Viernes,entre_semana
2025-03-07,Carne Oreada,Carnes,3,mesa,56000,Viernes,entre_semana
2025-03-07,Carne Oreada,Carnes,3,domicilio,56000,Viernes,entre_semana
2025-03-07,Cabro con Pepitoria,Carnes,10,mesa,56000,Viernes,entre_semana
2025-03-07,Cabro con Pepitoria,Carnes,11,domicilio,56000,Viernes,entre_semana
2025-03-07,Costillas de Cerdo,Carnes,5,mesa,54000,Viernes,entre_semana
2025-03-07,Costillas de Cerdo,Carnes,5,domicilio,54000,Viernes,entre_semana
2025-03-07,Lomo de Cerdo,Carnes,4,mesa,54000,Viernes,entre_semana
2025-03-07,Lomo de Cerdo,Carnes,3,domicilio,54000,Viernes,entre_semana
2025-03-07,Sobrebarriga,Carnes,11,mesa,54000,Viernes,entre_semana
2025-03-07,Sobrebarriga,Carnes,11,domicilio,54000,Viernes,entre_semana
2025-03-07,Pechuga Asada,Carnes,2,mesa,52000,Viernes,entre_semana
2025-03-07,Pechuga Asada,Carnes,4,domicilio,52000,Viernes,entre_semana
2025-03-07,Mojarra 2en1,Pescados,4,mesa,50000,Viernes,entre_semana
2025-03-07,Mojarra 2en1,Pescados,4,domicilio,50000,Viernes,entre_semana
2025-03-07,Trucha 2en1,Pescados,1,mesa,50000,Viernes,entre_semana
2025-03-07,Trucha 2en1,Pescados,1,domicilio,50000,Viernes,entre_semana
2025-03-07,Tierra Aire Mar,Pescados,1,domicilio,90000,Viernes,entre_semana
2025-03-07,Arroz con Pollo,Arroces,9,mesa,45000,Viernes,entre_semana
2025-03-07,Arroz con Pollo,Arroces,8,domicilio,45000,Viernes,entre_semana
2025-03-07,Almuerzo Ejecutivo,Corrientes,53,mesa,25000,Viernes,entre_semana
2025-03-07,Almuerzo Ejecutivo,Corrientes,50,domicilio,25000,Viernes,entre_semana
2025-03-08,Lengua en salsa,Sopas,2,mesa,60000,Sábado,sabado
2025-03-08,Lengua en salsa,Sopas,2,domicilio,60000,Sábado,sabado
2025-03-08,Mute,Sopas,19,mesa,30000,Sábado,sabado
2025-03-08,Mute,Sopas,16,domicilio,30000,Sábado,sabado
2025-03-08,Sancocho de Gallina,Sopas,10,mesa,60000,Sábado,sabado
2025-03-08,Sancocho de Gallina,Sopas,11,domicilio,60000,Sábado,sabado
2025-03-08,Frijoles con Pezuña,Sopas,3,mesa,50000,Sábado,sabado
2025-03-08,Frijoles con Pezuña,Sopas,3,domicilio,50000,Sábado,sabado
2025-03-08,Pata,Sopas,3,mesa,27000,Sábado,sabado
2025-03-08,Pata,Sopas,2,domicilio,27000,Sábado,sabado
2025-03-08,Cola de Buey,Sopas,5,mesa,60000,Sábado,sabado
2025-03-08,Cola de Buey,Sopas,7,domicilio,60000,Sábado,sabado
2025-03-08,Cazuela de Mariscos,Sopas,2,mesa,53000,Sábado,sabado
2025-03-08,Cazuela de Mariscos,Sopas,2,domicilio,53000,Sábado,sabado
2025-03-08,Carne Asada (Chatas),Carnes,15,mesa,56000,Sábado,sabado
2025-03-08,Carne Asada (Chatas),Carnes,13,domicilio,56000,Sábado,sabado
2025-03-08,Carne Oreada,Carnes,5,mesa,56000,Sábado,sabado
2025-03-08,Carne Oreada,Carnes,5,domicilio,56000,Sábado,sabado
2025-03-08,Cabro con Pepitoria,Carnes,17,mesa,56000,Sábado,sabado
2025-03-08,Cabro con Pepitoria,Carnes,16,domicilio,56000,Sábado,sabado
2025-03-08,Costillas de Cerdo,Carnes,9,mesa,54000,Sábado,sabado
2025-03-08,Costillas de Cerdo,Carnes,8,domicilio,54000,Sábado,sabado
2025-03-08,Lomo de Cerdo,Carnes,6,mesa,54000,Sábado,sabado
2025-03-08,Lomo de Cerdo,Carnes,6,domicilio,54000,Sábado,sabado
2025-03-08,Sobrebarriga,Carnes,13,mesa,54000,Sábado,sabado
2025-03-08,Sobrebarriga,Carnes,13,domicilio,54000,Sábado,sabado
2025-03-08,Pechuga Asada,Carnes,4,mesa,52000,Sábado,sabado
2025-03-08,Pechuga Asada,Carnes,5,domicilio,52000,Sábado,sabado
2025-03-08,Mojarra 2en1,Pescados,8,mesa,50000,Sábado,sabado
2025-03-08,Mojarra 2en1,Pescados,7,domicilio,50000,Sábado,sabado
2025-03-08,Trucha 2en1,Pescados,2,mesa,50000,Sábado,sabado
2025-03-08,Trucha 2en1,Pescados,2,domicilio,50000,Sábado,sabado
2025-03-08,Tierra Aire Mar,Pescados,1,mesa,90000,Sábado,sabado
2025-03-08,Tierra Aire Mar,Pescados,1,domicilio,90000,Sábado,sabado
2025-03-08,Arroz con Pollo,Arroces,12,mesa,45000,Sábado,sabado
2025-03-08,Arroz con Pollo,Arroces,11,domicilio,45000,Sábado,sabado
2025-03-08,Almuerzo Ejecutivo,Corrientes,40,domicilio,25000,Sábado,sabado
2025-03-09,Lengua en salsa,Sopas,4,mesa,60000,Domingo,domingo
2025-03-09,Lengua en salsa,Sopas,3,domicilio,60000,Domingo,domingo
2025-03-09,Mute,Sopas,38,mesa,30000,Domingo,domingo
2025-03-09,Mute,Sopas,30,domicilio,30000,Domingo,domingo
2025-03-09,Sancocho de Gallina,Sopas,21,mesa,60000,Domingo,domingo
2025-03-09,Sancocho de Gallina,Sopas,17,domicilio,60000,Domingo,domingo
2025-03-09,Pata,Sopas,7,mesa,27000,Domingo,domingo
2025-03-09,Pata,Sopas,4,domicilio,27000,Domingo,domingo
2025-03-09,Cola de Buey,Sopas,9,mesa,60000,Domingo,domingo
2025-03-09,Cola de Buey,Sopas,18,domicilio,60000,Domingo,domingo
2025-03-09,Cazuela de Mariscos,Sopas,4,mesa,53000,Domingo,domingo
2025-03-09,Cazuela de Mariscos,Sopas,3,domicilio,53000,Domingo,domingo
2025-03-09,Carne Asada (Chatas),Carnes,24,mesa,56000,Domingo,domingo
2025-03-09,Carne Asada (Chatas),Carnes,27,domicilio,56000,Domingo,domingo
2025-03-09,Carne Oreada,Carnes,10,mesa,56000,Domingo,domingo
2025-03-09,Carne Oreada,Carnes,8,domicilio,56000,Domingo,domingo
2025-03-09,Cabro con Pepitoria,Carnes,30,mesa,56000,Domingo,domingo
2025-03-09,Cabro con Pepitoria,Carnes,29,domicilio,56000,Domingo,domingo
2025-03-09,Costillas de Cerdo,Carnes,17,mesa,54000,Domingo,domingo
2025-03-09,Costillas de Cerdo,Carnes,20,domicilio,54000,Domingo,domingo
2025-03-09,Lomo de Cerdo,Carnes,15,mesa,54000,Domingo,domingo
2025-03-09,Lomo de Cerdo,Carnes,12,domicilio,54000,Domingo,domingo
2025-03-09,Sobrebarriga,Carnes,29,mesa,54000,Domingo,domingo
2025-03-09,Sobrebarriga,Carnes,27,domicilio,54000,Domingo,domingo
2025-03-09,Pechuga Asada,Carnes,7,mesa,52000,Domingo,domingo
2025-03-09,Pechuga Asada,Carnes,12,domicilio,52000,Domingo,domingo
2025-03-09,Mojarra 2en1,Pescados,17,mesa,50000,Domingo,domingo
2025-03-09,Mojarra 2en1,Pescados,17,domicilio,50000,Domingo,domingo
2025-03-09,Trucha 2en1,Pescados,3,mesa,50000,Domingo,domingo
2025-03-09,Trucha 2en1,Pescados,4,domicilio,50000,Domingo,domingo
2025-03-09,Tierra Aire Mar,Pescados,2,mesa,90000,Domingo,domingo
2025-03-09,Tierra Aire Mar,Pescados,2,domicilio,90000,Domingo,domingo
2025-03-09,Arroz con Pollo,Arroces,24,mesa,45000,Domingo,domingo
2025-03-09,Arroz con Pollo,Arroces,24,domicilio,45000,Domingo,domingo
2025-03-11,Lengua en salsa,Sopas,1,mesa,60000,Martes,entre_semana
2025-03-11,Lengua en salsa,Sopas,1,domicilio,60000,Martes,entre_semana
2025-03-11,Sancocho de Gallina,Sopas,3,mesa,60000,Martes,entre_semana
2025-03-11,Sancocho de Gallina,Sopas,3,domicilio,60000,Martes,entre_semana
2025-03-11,Frijoles con Pezuña,Sopas,3,mesa,50000,Martes,entre_semana
2025-03-11,Frijoles con Pezuña,Sopas,2,domicilio,50000,Martes,entre_semana
2025-03-11,Pata,Sopas,1,mesa,27000,Martes,entre_semana
2025-03-11,Pata,Sopas,1,domicilio,27000,Martes,entre_semana
2025-03-11,Cola de Buey,Sopas,3,mesa,60000,Martes,entre_semana
2025-03-11,Cola de Buey,Sopas,3,domicilio,60000,Martes,entre_semana
2025-03-11,Cazuela de Mariscos,Sopas,1,mesa,53000,Martes,entre_semana
2025-03-11,Cazuela de Mariscos,Sopas,1,domicilio,53000,Martes,entre_semana
2025-03-11,Carne Asada (Chatas),Carnes,11,mesa,56000,Martes,entre_semana
2025-03-11,Carne Asada (Chatas),Carnes,9,domicilio,56000,Martes,entre_semana
2025-03-11,Carne Oreada,Carnes,3,mesa,56000,Martes,entre_semana
2025-03-11,Carne Oreada,Carnes,3,domicilio,56000,Martes,entre_semana
2025-03-11,Cabro con Pepitoria,Carnes,7,mesa,56000,Martes,entre_semana
2025-03-11,Cabro con Pepitoria,Carnes,10,domicilio,56000,Martes,entre_semana
2025-03-11,Costillas de Cerdo,Carnes,6,mesa,54000,Martes,entre_semana
2025-03-11,Costillas de Cerdo,Carnes,5,domicilio,54000,Martes,entre_semana
2025-03-11,Lomo de Cerdo,Carnes,4,mesa,54000,Martes,entre_semana
2025-03-11,Lomo de Cerdo,Carnes,5,domicilio,54000,Martes,entre_semana
2025-03-11,Sobrebarriga,Carnes,11,mesa,54000,Martes,entre_semana
2025-03-11,Sobrebarriga,Carnes,10,domicilio,54000,Martes,entre_semana
2025-03-11,Pechuga Asada,Carnes,2,mesa,52000,Martes,entre_semana
2025-03-11,Pechuga Asada,Carnes,4,domicilio,52000,Martes,entre_semana
2025-03-11,Mojarra 2en1,Pescados,4,mesa,50000,Martes,entre_semana
2025-03-11,Mojarra 2en1,Pescados,4,domicilio,50000,Martes,entre_semana
2025-03-11,Trucha 2en1,Pescados,1,mesa,50000,Martes,entre_semana
2025-03-11,Trucha 2en1,Pescados,1,domicilio,50000,Martes,entre_semana
2025-03-11,Tierra Aire Mar,Pescados,1,domicilio,90000,Martes,entre_semana
2025-03-11,Arroz con Pollo,Arroces,9,mesa,45000,Martes,entre_semana
2025-03-11,Arroz con Pollo,Arroces,9,domicilio,45000,Martes,entre_semana
2025-03-11,Almuerzo Ejecutivo,Corrientes,42,mesa,25000,Martes,entre_semana
2025-03-11,Almuerzo Ejecutivo,Corrientes,40,domicilio,25000,Martes,entre_semana
2025-03-12,Lengua en salsa,Sopas,1,mesa,60000,Miércoles,entre_semana
2025-03-12,Lengua en salsa,Sopas,1,domicilio,60000,Miércoles,entre_semana
2025-03-12,Sancocho de Gallina,Sopas,2,mesa,60000,Miércoles,entre_semana
2025-03-12,Sancocho de Gallina,Sopas,2,domicilio,60000,Miércoles,entre_semana
2025-03-12,Frijoles con Pezuña,Sopas,4,mesa,50000,Miércoles,entre_semana
2025-03-12,Frijoles con Pezuña,Sopas,2,domicilio,50000,Miércoles,entre_semana
2025-03-12,Pata,Sopas,1,mesa,27000,Miércoles,entre_semana
2025-03-12,Pata,Sopas,1,domicilio,27000,Miércoles,entre_semana
2025-03-12,Cola de Buey,Sopas,3,mesa,60000,Miércoles,entre_semana
2025-03-12,Cola de Buey,Sopas,4,domicilio,60000,Miércoles,entre_semana
2025-03-12,Cazuela de Mariscos,Sopas,1,mesa,53000,Miércoles,entre_semana
2025-03-12,Cazuela de Mariscos,Sopas,1,domicilio,53000,Miércoles,entre_semana
2025-03-12,Carne Asada (Chatas),Carnes,8,mesa,56000,Miércoles,entre_semana
2025-03-12,Carne Asada (Chatas),Carnes,8,domicilio,56000,Miércoles,entre_semana
2025-03-12,Carne Oreada,Carnes,3,mesa,56000,Miércoles,entre_semana
2025-03-12,Carne Oreada,Carnes,3,domicilio,56000,Miércoles,entre_semana
2025-03-12,Cabro con Pepitoria,Carnes,10,mesa,56000,Miércoles,entre_semana
2025-03-12,Cabro con Pepitoria,Carnes,8,domicilio,56000,Miércoles,entre_semana
2025-03-12,Costillas de Cerdo,Carnes,5,mesa,54000,Miércoles,entre_semana
2025-03-12,Costillas de Cerdo,Carnes,5,domicilio,54000,Miércoles,entre_semana
2025-03-12,Lomo de Cerdo,Carnes,3,mesa,54000,Miércoles,entre_semana
2025-03-12,Lomo de Cerdo,Carnes,3,domicilio,54000,Miércoles,entre_semana
2025-03-12,Sobrebarriga,Carnes,11,mesa,54000,Miércoles,entre_semana
2025-03-12,Sobrebarriga,Carnes,11,domicilio,54000,Miércoles,entre_semana
2025-03-12,Pechuga Asada,Carnes,2,mesa,52000,Miércoles,entre_semana
2025-03-12,Pechuga Asada,Carnes,3,domicilio,52000,Miércoles,entre_semana
2025-03-12,Mojarra 2en1,Pescados,5,mesa,50000,Miércoles,entre_semana
2025-03-12,Mojarra 2en1,Pescados,4,domicilio,50000,Miércoles,entre_semana
2025-03-12,Trucha 2en1,Pescados,1,mesa,50000,Miércoles,entre_semana
2025-03-12,Trucha 2en1,Pescados,1,domicilio,50000,Miércoles,entre_semana
2025-03-12,Tierra Aire Mar,Pescados,1,domicilio,90000,Miércoles,entre_semana
2025-03-12,Arroz con Pollo,Arroces,8,mesa,45000,Miércoles,entre_semana
2025-03-12,Arroz con Pollo,Arroces,7,domicilio,45000,Miércoles,entre_semana
2025-03-12,Almuerzo Ejecutivo,Corrientes,42,mesa,25000,Miércoles,entre_semana
2025-03-12,Almuerzo Ejecutivo,Corrientes,45,domicilio,25000,Miércoles,entre_semana
2025-03-13,Lengua en salsa,Sopas,1,mesa,60000,Jueves,entre_semana
2025-03-13,Lengua en salsa,Sopas,1,domicilio,60000,Jueves,entre_semana
2025-03-13,Sancocho de Gallina,Sopas,3,mesa,60000,Jueves,entre_semana
2025-03-13,Sancocho de Gallina,Sopas,3,domicilio,60000,Jueves,entre_semana
2025-03-13,Frijoles con Pezuña,Sopas,3,mesa,50000,Jueves,entre_semana
2025-03-13,Frijoles con Pezuña,Sopas,2,domicilio,50000,Jueves,entre_semana
2025-03-13,Pata,Sopas,1,mesa,27000,Jueves,entre_semana
2025-03-13,Pata,Sopas,1,domicilio,27000,Jueves,entre_semana
2025-03-13,Cola de Buey,Sopas,4,mesa,60000,Jueves,entre_semana
2025-03-13,Cola de Buey,Sopas,4,domicilio,60000,Jueves,entre_semana
2025-03-13,Cazuela de Mariscos,Sopas,1,mesa,53000,Jueves,entre_semana
2025-03-13,Cazuela de Mariscos,Sopas,1,domicilio,53000,Jueves,entre_semana
2025-03-13,Carne Asada (Chatas),Carnes,9,mesa,56000,Jueves,entre_semana
2025-03-13,Carne Asada (Chatas),Carnes,8,domicilio,56000,Jueves,entre_semana
2025-03-13,Carne Oreada,Carnes,2,mesa,56000,Jueves,entre_semana
2025-03-13,Carne Oreada,Carnes,3,domicilio,56000,Jueves,entre_semana
2025-03-13,Cabro con Pepitoria,Carnes,9,mesa,56000,Jueves,entre_semana
2025-03-13,Cabro con Pepitoria,Carnes,9,domicilio,56000,Jueves,entre_semana
2025-03-13,Costillas de Cerdo,Carnes,5,mesa,54000,Jueves,entre_semana
2025-03-13,Costillas de Cerdo,Carnes,5,domicilio,54000,Jueves,entre_semana
2025-03-13,Lomo de Cerdo,Carnes,4,mesa,54000,Jueves,entre_semana
2025-03-13,Lomo de Cerdo,Carnes,5,domicilio,54000,Jueves,entre_semana
2025-03-13,Sobrebarriga,Carnes,10,mesa,54000,Jueves,entre_semana
2025-03-13,Sobrebarriga,Carnes,9,domicilio,54000,Jueves,entre_semana
2025-03-13,Pechuga Asada,Carnes,2,mesa,52000,Jueves,entre_semana
2025-03-13,Pechuga Asada,Carnes,4,domicilio,52000,Jueves,entre_semana
2025-03-13,Mojarra 2en1,Pescados,4,mesa,50000,Jueves,entre_semana
2025-03-13,Mojarra 2en1,Pescados,4,domicilio,50000,Jueves,entre_semana
2025-03-13,Trucha 2en1,Pescados,1,mesa,50000,Jueves,entre_semana
2025-03-13,Trucha 2en1,Pescados,1,domicilio,50000,Jueves,entre_semana
2025-03-13,Tierra Aire Mar,Pescados,1,domicilio,90000,Jueves,entre_semana
2025-03-13,Arroz con Pollo,Arroces,9,mesa,45000,Jueves,entre_semana
2025-03-13,Arroz con Pollo,Arroces,8,domicilio,45000,Jueves,entre_semana
2025-03-13,Almuerzo Ejecutivo,Corrientes,40,mesa,25000,Jueves,entre_semana
2025-03-13,Almuerzo Ejecutivo,Corrientes,39,domicilio,25000,Jueves,entre_semana
2025-03-14,Lengua en salsa,Sopas,1,mesa,60000,Viernes,entre_semana
2025-03-14,Lengua en salsa,Sopas,1,domicilio,60000,Viernes,entre_semana
2025-03-14,Sancocho de Gallina,Sopas,3,mesa,60000,Viernes,entre_semana
2025-03-14,Sancocho de Gallina,Sopas,3,domicilio,60000,Viernes,entre_semana
2025-03-14,Frijoles con Pezuña,Sopas,3,mesa,50000,Viernes,entre_semana
2025-03-14,Frijoles con Pezuña,Sopas,2,domicilio,50000,Viernes,entre_semana
2025-03-14,Pata,Sopas,1,mesa,27000,Viernes,entre_semana
2025-03-14,Pata,Sopas,1,domicilio,27000,Viernes,entre_semana
2025-03-14,Cola de Buey,Sopas,3,mesa,60000,Viernes,entre_semana
2025-03-14,Cola de Buey,Sopas,3,domicilio,60000,Viernes,entre_semana
2025-03-14,Cazuela de Mariscos,Sopas,1,mesa,53000,Viernes,entre_semana
2025-03-14,Cazuela de Mariscos,Sopas,1,domicilio,53000,Viernes,entre_semana
2025-03-14,Carne Asada (Chatas),Carnes,9,mesa,56000,Viernes,entre_semana
2025-03-14,Carne Asada (Chatas),Carnes,7,domicilio,56000,Viernes,entre_semana
2025-03-14,Carne Oreada,Carnes,3,mesa,56000,Viernes,entre_semana
2025-03-14,Carne Oreada,Carnes,3,domicilio,56000,Viernes,entre_semana
2025-03-14,Cabro con Pepitoria,Carnes,10,mesa,56000,Viernes,entre_semana
2025-03-14,Cabro con Pepitoria,Carnes,9,domicilio,56000,Viernes,entre_semana
2025-03-14,Costillas de Cerdo,Carnes,5,mesa,54000,Viernes,entre_semana
2025-03-14,Costillas de Cerdo,Carnes,6,domicilio,54000,Viernes,entre_semana
2025-03-14,Lomo de Cerdo,Carnes,4,mesa,54000,Viernes,entre_semana
2025-03-14,Lomo de Cerdo,Carnes,4,domicilio,54000,Viernes,entre_semana
2025-03-14,Sobrebarriga,Carnes,10,mesa,54000,Viernes,entre_semana
2025-03-14,Sobrebarriga,Carnes,11,domicilio,54000,Viernes,entre_semana
2025-03-14,Pechuga Asada,Carnes,2,mesa,52000,Viernes,entre_semana
2025-03-14,Pechuga Asada,Carnes,3,domicilio,52000,Viernes,entre_semana
2025-03-14,Mojarra 2en1,Pescados,3,mesa,50000,Viernes,entre_semana
2025-03-14,Mojarra 2en1,Pescados,4,domicilio,50000,Viernes,entre_semana
2025-03-14,Trucha 2en1,Pescados,1,mesa,50000,Viernes,entre_semana
2025-03-14,Trucha 2en1,Pescados,1,domicilio,50000,Viernes,entre_semana
2025-03-14,Tierra Aire Mar,Pescados,1,domicilio,90000,Viernes,entre_semana
2025-03-14,Arroz con Pollo,Arroces,7,mesa,45000,Viernes,entre_semana
2025-03-14,Arroz con Pollo,Arroces,8,domicilio,45000,Viernes,entre_semana
2025-03-14,Almuerzo Ejecutivo,Corrientes,53,mesa,25000,Viernes,entre_semana
2025-03-14,Almuerzo Ejecutivo,Corrientes,37,domicilio,25000,Viernes,entre_semana
2025-03-15,Lengua en salsa,Sopas,2,mesa,60000,Sábado,sabado
2025-03-15,Lengua en salsa,Sopas,2,domicilio,60000,Sábado,sabado
2025-03-15,Mute,Sopas,20,mesa,30000,Sábado,sabado
2025-03-15,Mute,Sopas,14,domicilio,30000,Sábado,sabado
2025-03-15,Sancocho de Gallina,Sopas,13,mesa,60000,Sábado,sabado
2025-03-15,Sancocho de Gallina,Sopas,10,domicilio,60000,Sábado,sabado
2025-03-15,Frijoles con Pezuña,Sopas,4,mesa,50000,Sábado,sabado
2025-03-15,Frijoles con Pezuña,Sopas,4,domicilio,50000,Sábado,sabado
2025-03-15,Pata,Sopas,3,mesa,27000,Sábado,sabado
2025-03-15,Pata,Sopas,2,domicilio,27000,Sábado,sabado
2025-03-15,Cola de Buey,Sopas,6,mesa,60000,Sábado,sabado
2025-03-15,Cola de Buey,Sopas,9,domicilio,60000,Sábado,sabado
2025-03-15,Cazuela de Mariscos,Sopas,2,mesa,53000,Sábado,sabado
2025-03-15,Cazuela de Mariscos,Sopas,2,domicilio,53000,Sábado,sabado
2025-03-15,Carne Asada (Chatas),Carnes,13,mesa,56000,Sábado,sabado
2025-03-15,Carne Asada (Chatas),Carnes,15,domicilio,56000,Sábado,sabado
2025-03-15,Carne Oreada,Carnes,5,mesa,56000,Sábado,sabado
2025-03-15,Carne Oreada,Carnes,4,domicilio,56000,Sábado,sabado
2025-03-15,Cabro con Pepitoria,Carnes,12,mesa,56000,Sábado,sabado
2025-03-15,Cabro con Pepitoria,Carnes,15,domicilio,56000,Sábado,sabado
2025-03-15,Costillas de Cerdo,Carnes,9,mesa,54000,Sábado,sabado
2025-03-15,Costillas de Cerdo,Carnes,10,domicilio,54000,Sábado,sabado
2025-03-15,Lomo de Cerdo,Carnes,6,mesa,54000,Sábado,sabado
2025-03-15,Lomo de Cerdo,Carnes,6,domicilio,54000,Sábado,sabado
2025-03-15,Sobrebarriga,Carnes,18,mesa,54000,Sábado,sabado
2025-03-15,Sobrebarriga,Carnes,18,domicilio,54000,Sábado,sabado
2025-03-15,Pechuga Asada,Carnes,4,mesa,52000,Sábado,sabado
2025-03-15,Pechuga Asada,Carnes,7,domicilio,52000,Sábado,sabado
2025-03-15,Mojarra 2en1,Pescados,7,mesa,50000,Sábado,sabado
2025-03-15,Mojarra 2en1,Pescados,7,domicilio,50000,Sábado,sabado
2025-03-15,Trucha 2en1,Pescados,2,mesa,50000,Sábado,sabado
2025-03-15,Trucha 2en1,Pescados,2,domicilio,50000,Sábado,sabado
2025-03-15,Tierra Aire Mar,Pescados,1,mesa,90000,Sábado,sabado
2025-03-15,Tierra Aire Mar,Pescados,1,domicilio,90000,Sábado,sabado
2025-03-15,Arroz con Pollo,Arroces,11,mesa,45000,Sábado,sabado
2025-03-15,Arroz con Pollo,Arroces,14,domicilio,45000,Sábado,sabado
2025-03-15,Almuerzo Ejecutivo,Corrientes,35,domicilio,25000,Sábado,sabado
2025-03-16,Lengua en salsa,Sopas,4,mesa,60000,Domingo,domingo
2025-03-16,Lengua en salsa,Sopas,3,domicilio,60000,Domingo,domingo
2025-03-16,Mute,Sopas,37,mesa,30000,Domingo,domingo
2025-03-16,Mute,Sopas,25,domicilio,30000,Domingo,domingo
2025-03-16,Sancocho de Gallina,Sopas,25,mesa,60000,Domingo,domingo
2025-03-16,Sancocho de Gallina,Sopas,17,domicilio,60000,Domingo,domingo
2025-03-16,Pata,Sopas,6,mesa,27000,Domingo,domingo
2025-03-16,Pata,Sopas,4,domicilio,27000,Domingo,domingo
2025-03-16,Cola de Buey,Sopas,9,mesa,60000,Domingo,domingo
2025-03-16,Cola de Buey,Sopas,16,domicilio,60000,Domingo,domingo
2025-03-16,Cazuela de Mariscos,Sopas,5,mesa,53000,Domingo,domingo
2025-03-16,Cazuela de Mariscos,Sopas,3,domicilio,53000,Domingo,domingo
2025-03-16,Carne Asada (Chatas),Carnes,32,mesa,56000,Domingo,domingo
2025-03-16,Carne Asada (Chatas),Carnes,31,domicilio,56000,Domingo,domingo
2025-03-16,Carne Oreada,Carnes,11,mesa,56000,Domingo,domingo
2025-03-16,Carne Oreada,Carnes,8,domicilio,56000,Domingo,domingo
2025-03-16,Cabro con Pepitoria,Carnes,29,mesa,56000,Domingo,domingo
2025-03-16,Cabro con Pepitoria,Carnes,26,domicilio,56000,Domingo,domingo
2025-03-16,Costillas de Cerdo,Carnes,14,mesa,54000,Domingo,domingo
2025-03-16,Costillas de Cerdo,Carnes,20,domicilio,54000,Domingo,domingo
2025-03-16,Lomo de Cerdo,Carnes,14,mesa,54000,Domingo,domingo
2025-03-16,Lomo de Cerdo,Carnes,10,domicilio,54000,Domingo,domingo
2025-03-16,Sobrebarriga,Carnes,26,mesa,54000,Domingo,domingo
2025-03-16,Sobrebarriga,Carnes,33,domicilio,54000,Domingo,domingo
2025-03-16,Pechuga Asada,Carnes,7,mesa,52000,Domingo,domingo
2025-03-16,Pechuga Asada,Carnes,11,domicilio,52000,Domingo,domingo
2025-03-16,Mojarra 2en1,Pescados,13,mesa,50000,Domingo,domingo
2025-03-16,Mojarra 2en1,Pescados,17,domicilio,50000,Domingo,domingo
2025-03-16,Trucha 2en1,Pescados,4,mesa,50000,Domingo,domingo
2025-03-16,Trucha 2en1,Pescados,4,domicilio,50000,Domingo,domingo
2025-03-16,Tierra Aire Mar,Pescados,2,mesa,90000,Domingo,domingo
2025-03-16,Tierra Aire Mar,Pescados,2,domicilio,90000,Domingo,domingo
2025-03-16,Arroz con Pollo,Arroces,26,mesa,45000,Domingo,domingo
2025-03-16,Arroz con Pollo,Arroces,23,domicilio,45000,Domingo,domingo
2025-03-18,Lengua en salsa,Sopas,1,mesa,60000,Martes,entre_semana
2025-03-18,Lengua en salsa,Sopas,1,domicilio,60000,Martes,entre_semana
2025-03-18,Sancocho de Gallina,Sopas,3,mesa,60000,Martes,entre_semana
2025-03-18,Sancocho de Gallina,Sopas,3,domicilio,60000,Martes,entre_semana
2025-03-18,Frijoles con Pezuña,Sopas,3,mesa,50000,Martes,entre_semana
2025-03-18,Frijoles con Pezuña,Sopas,2,domicilio,50000,Martes,entre_semana
2025-03-18,Pata,Sopas,1,mesa,27000,Martes,entre_semana
2025-03-18,Pata,Sopas,1,domicilio,27000,Martes,entre_semana
2025-03-18,Cola de Buey,Sopas,3,mesa,60000,Martes,entre_semana
2025-03-18,Cola de Buey,Sopas,3,domicilio,60000,Martes,entre_semana
2025-03-18,Cazuela de Mariscos,Sopas,1,mesa,53000,Martes,entre_semana
2025-03-18,Cazuela de Mariscos,Sopas,1,domicilio,53000,Martes,entre_semana
2025-03-18,Carne Asada (Chatas),Carnes,8,mesa,56000,Martes,entre_semana
2025-03-18,Carne Asada (Chatas),Carnes,10,domicilio,56000,Martes,entre_semana
2025-03-18,Carne Oreada,Carnes,2,mesa,56000,Martes,entre_semana
2025-03-18,Carne Oreada,Carnes,3,domicilio,56000,Martes,entre_semana
2025-03-18,Cabro con Pepitoria,Carnes,9,mesa,56000,Martes,entre_semana
2025-03-18,Cabro con Pepitoria,Carnes,10,domicilio,56000,Martes,entre_semana
2025-03-18,Costillas de Cerdo,Carnes,5,mesa,54000,Martes,entre_semana
2025-03-18,Costillas de Cerdo,Carnes,6,domicilio,54000,Martes,entre_semana
2025-03-18,Lomo de Cerdo,Carnes,3,mesa,54000,Martes,entre_semana
2025-03-18,Lomo de Cerdo,Carnes,4,domicilio,54000,Martes,entre_semana
2025-03-18,Sobrebarriga,Carnes,10,mesa,54000,Martes,entre_semana
2025-03-18,Sobrebarriga,Carnes,10,domicilio,54000,Martes,entre_semana
2025-03-18,Pechuga Asada,Carnes,2,mesa,52000,Martes,entre_semana
2025-03-18,Pechuga Asada,Carnes,4,domicilio,52000,Martes,entre_semana
2025-03-18,Mojarra 2en1,Pescados,4,mesa,50000,Martes,entre_semana
2025-03-18,Mojarra 2en1,Pescados,4,domicilio,50000,Martes,entre_semana
2025-03-18,Trucha 2en1,Pescados,1,mesa,50000,Martes,entre_semana
2025-03-18,Trucha 2en1,Pescados,1,domicilio,50000,Martes,entre_semana
2025-03-18,Tierra Aire Mar,Pescados,1,domicilio,90000,Martes,entre_semana
2025-03-18,Arroz con Pollo,Arroces,9,mesa,45000,Martes,entre_semana
2025-03-18,Arroz con Pollo,Arroces,9,domicilio,45000,Martes,entre_semana
2025-03-18,Almuerzo Ejecutivo,Corrientes,51,mesa,25000,Martes,entre_semana
2025-03-18,Almuerzo Ejecutivo,Corrientes,46,domicilio,25000,Martes,entre_semana
2025-03-19,Lengua en salsa,Sopas,1,mesa,60000,Miércoles,entre_semana
2025-03-19,Lengua en salsa,Sopas,1,domicilio,60000,Miércoles,entre_semana
2025-03-19,Sancocho de Gallina,Sopas,3,mesa,60000,Miércoles,entre_semana
2025-03-19,Sancocho de Gallina,Sopas,3,domicilio,60000,Miércoles,entre_semana
2025-03-19,Frijoles con Pezuña,Sopas,3,mesa,50000,Miércoles,entre_semana
2025-03-19,Frijoles con Pezuña,Sopas,2,domicilio,50000,Miércoles,entre_semana
2025-03-19,Pata,Sopas,1,mesa,27000,Miércoles,entre_semana
2025-03-19,Pata,Sopas,1,domicilio,27000,Miércoles,entre_semana
2025-03-19,Cola de Buey,Sopas,3,mesa,60000,Miércoles,entre_semana
2025-03-19,Cola de Buey,Sopas,4,domicilio,60000,Miércoles,entre_semana
2025-03-19,Cazuela de Mariscos,Sopas,1,mesa,53000,Miércoles,entre_semana
2025-03-19,Cazuela de Mariscos,Sopas,1,domicilio,53000,Miércoles,entre_semana
2025-03-19,Carne Asada (Chatas),Carnes,9,mesa,56000,Miércoles,entre_semana
2025-03-19,Carne Asada (Chatas),Carnes,11,domicilio,56000,Miércoles,entre_semana
2025-03-19,Carne Oreada,Carnes,4,mesa,56000,Miércoles,entre_semana
2025-03-19,Carne Oreada,Carnes,3,domicilio,56000,Miércoles,entre_semana
2025-03-19,Cabro con Pepitoria,Carnes,8,mesa,56000,Miércoles,entre_semana
2025-03-19,Cabro con Pepitoria,Carnes,10,domicilio,56000,Miércoles,entre_semana
2025-03-19,Costillas de Cerdo,Carnes,4,mesa,54000,Miércoles,entre_semana
2025-03-19,Costillas de Cerdo,Carnes,6,domicilio,54000,Miércoles,entre_semana
2025-03-19,Lomo de Cerdo,Carnes,4,mesa,54000,Miércoles,entre_semana
2025-03-19,Lomo de Cerdo,Carnes,3,domicilio,54000,Miércoles,entre_semana
2025-03-19,Sobrebarriga,Carnes,9,mesa,54000,Miércoles,entre_semana
2025-03-19,Sobrebarriga,Carnes,8,domicilio,54000,Miércoles,entre_semana
2025-03-19,Pechuga Asada,Carnes,2,mesa,52000,Miércoles,entre_semana
2025-03-19,Pechuga Asada,Carnes,4,domicilio,52000,Miércoles,entre_semana
2025-03-19,Mojarra 2en1,Pescados,5,mesa,50000,Miércoles,entre_semana
2025-03-19,Mojarra 2en1,Pescados,4,domicilio,50000,Miércoles,entre_semana
2025-03-19,Trucha 2en1,Pescados,1,mesa,50000,Miércoles,entre_semana
2025-03-19,Trucha 2en1,Pescados,1,domicilio,50000,Miércoles,entre_semana
2025-03-19,Tierra Aire Mar,Pescados,1,domicilio,90000,Miércoles,entre_semana
2025-03-19,Arroz con Pollo,Arroces,9,mesa,45000,Miércoles,entre_semana
2025-03-19,Arroz con Pollo,Arroces,7,domicilio,45000,Miércoles,entre_semana
2025-03-19,Almuerzo Ejecutivo,Corrientes,47,mesa,25000,Miércoles,entre_semana
2025-03-19,Almuerzo Ejecutivo,Corrientes,53,domicilio,25000,Miércoles,entre_semana
2025-03-20,Lengua en salsa,Sopas,1,mesa,60000,Jueves,entre_semana
2025-03-20,Lengua en salsa,Sopas,1,domicilio,60000,Jueves,entre_semana
2025-03-20,Sancocho de Gallina,Sopas,4,mesa,60000,Jueves,entre_semana
2025-03-20,Sancocho de Gallina,Sopas,4,domicilio,60000,Jueves,entre_semana
2025-03-20,Frijoles con Pezuña,Sopas,3,mesa,50000,Jueves,entre_semana
2025-03-20,Frijoles con Pezuña,Sopas,2,domicilio,50000,Jueves,entre_semana
2025-03-20,Pata,Sopas,1,mesa,27000,Jueves,entre_semana
2025-03-20,Pata,Sopas,1,domicilio,27000,Jueves,entre_semana
2025-03-20,Cola de Buey,Sopas,3,mesa,60000,Jueves,entre_semana
2025-03-20,Cola de Buey,Sopas,4,domicilio,60000,Jueves,entre_semana
2025-03-20,Cazuela de Mariscos,Sopas,1,mesa,53000,Jueves,entre_semana
2025-03-20,Cazuela de Mariscos,Sopas,1,domicilio,53000,Jueves,entre_semana
2025-03-20,Carne Asada (Chatas),Carnes,10,mesa,56000,Jueves,entre_semana
2025-03-20,Carne Asada (Chatas),Carnes,8,domicilio,56000,Jueves,entre_semana
2025-03-20,Carne Oreada,Carnes,3,mesa,56000,Jueves,entre_semana
2025-03-20,Carne Oreada,Carnes,3,domicilio,56000,Jueves,entre_semana
2025-03-20,Cabro con Pepitoria,Carnes,8,mesa,56000,Jueves,entre_semana
2025-03-20,Cabro con Pepitoria,Carnes,9,domicilio,56000,Jueves,entre_semana
2025-03-20,Costillas de Cerdo,Carnes,6,mesa,54000,Jueves,entre_semana
2025-03-20,Costillas de Cerdo,Carnes,5,domicilio,54000,Jueves,entre_semana
2025-03-20,Lomo de Cerdo,Carnes,4,mesa,54000,Jueves,entre_semana
2025-03-20,Lomo de Cerdo,Carnes,3,domicilio,54000,Jueves,entre_semana
2025-03-20,Sobrebarriga,Carnes,8,mesa,54000,Jueves,entre_semana
2025-03-20,Sobrebarriga,Carnes,10,domicilio,54000,Jueves,entre_semana
2025-03-20,Pechuga Asada,Carnes,2,mesa,52000,Jueves,entre_semana
2025-03-20,Pechuga Asada,Carnes,4,domicilio,52000,Jueves,entre_semana
2025-03-20,Mojarra 2en1,Pescados,4,mesa,50000,Jueves,entre_semana
2025-03-20,Mojarra 2en1,Pescados,3,domicilio,50000,Jueves,entre_semana
2025-03-20,Trucha 2en1,Pescados,1,mesa,50000,Jueves,entre_semana
2025-03-20,Trucha 2en1,Pescados,1,domicilio,50000,Jueves,entre_semana
2025-03-20,Tierra Aire Mar,Pescados,1,domicilio,90000,Jueves,entre_semana
2025-03-20,Arroz con Pollo,Arroces,9,mesa,45000,Jueves,entre_semana
2025-03-20,Arroz con Pollo,Arroces,8,domicilio,45000,Jueves,entre_semana
2025-03-20,Almuerzo Ejecutivo,Corrientes,53,mesa,25000,Jueves,entre_semana
2025-03-20,Almuerzo Ejecutivo,Corrientes,45,domicilio,25000,Jueves,entre_semana
2025-03-21,Lengua en salsa,Sopas,1,mesa,60000,Viernes,entre_semana
2025-03-21,Lengua en salsa,Sopas,1,domicilio,60000,Viernes,entre_semana
2025-03-21,Sancocho de Gallina,Sopas,3,mesa,60000,Viernes,entre_semana
2025-03-21,Sancocho de Gallina,Sopas,3,domicilio,60000,Viernes,entre_semana
2025-03-21,Frijoles con Pezuña,Sopas,2,mesa,50000,Viernes,entre_semana
2025-03-21,Frijoles con Pezuña,Sopas,2,domicilio,50000,Viernes,entre_semana
2025-03-21,Pata,Sopas,1,mesa,27000,Viernes,entre_semana
2025-03-21,Pata,Sopas,1,domicilio,27000,Viernes,entre_semana
2025-03-21,Cola de Buey,Sopas,3,mesa,60000,Viernes,entre_semana
2025-03-21,Cola de Buey,Sopas,4,domicilio,60000,Viernes,entre_semana
2025-03-21,Cazuela de Mariscos,Sopas,1,mesa,53000,Viernes,entre_semana
2025-03-21,Cazuela de Mariscos,Sopas,1,domicilio,53000,Viernes,entre_semana
2025-03-21,Carne Asada (Chatas),Carnes,9,mesa,56000,Viernes,entre_semana
2025-03-21,Carne Asada (Chatas),Carnes,8,domicilio,56000,Viernes,entre_semana
2025-03-21,Carne Oreada,Carnes,3,mesa,56000,Viernes,entre_semana
2025-03-21,Carne Oreada,Carnes,3,domicilio,56000,Viernes,entre_semana
2025-03-21,Cabro con Pepitoria,Carnes,7,mesa,56000,Viernes,entre_semana
2025-03-21,Cabro con Pepitoria,Carnes,8,domicilio,56000,Viernes,entre_semana
2025-03-21,Costillas de Cerdo,Carnes,5,mesa,54000,Viernes,entre_semana
2025-03-21,Costillas de Cerdo,Carnes,6,domicilio,54000,Viernes,entre_semana
2025-03-21,Lomo de Cerdo,Carnes,4,mesa,54000,Viernes,entre_semana
2025-03-21,Lomo de Cerdo,Carnes,4,domicilio,54000,Viernes,entre_semana
2025-03-21,Sobrebarriga,Carnes,10,mesa,54000,Viernes,entre_semana
2025-03-21,Sobrebarriga,Carnes,10,domicilio,54000,Viernes,entre_semana
2025-03-21,Pechuga Asada,Carnes,2,mesa,52000,Viernes,entre_semana
2025-03-21,Pechuga Asada,Carnes,3,domicilio,52000,Viernes,entre_semana
2025-03-21,Mojarra 2en1,Pescados,4,mesa,50000,Viernes,entre_semana
2025-03-21,Mojarra 2en1,Pescados,3,domicilio,50000,Viernes,entre_semana
2025-03-21,Trucha 2en1,Pescados,1,mesa,50000,Viernes,entre_semana
2025-03-21,Trucha 2en1,Pescados,1,domicilio,50000,Viernes,entre_semana
2025-03-21,Tierra Aire Mar,Pescados,1,domicilio,90000,Viernes,entre_semana
2025-03-21,Arroz con Pollo,Arroces,7,mesa,45000,Viernes,entre_semana
2025-03-21,Arroz con Pollo,Arroces,8,domicilio,45000,Viernes,entre_semana
2025-03-21,Almuerzo Ejecutivo,Corrientes,37,mesa,25000,Viernes,entre_semana
2025-03-21,Almuerzo Ejecutivo,Corrientes,49,domicilio,25000,Viernes,entre_semana
2025-03-22,Lengua en salsa,Sopas,2,mesa,60000,Sábado,sabado
2025-03-22,Lengua en salsa,Sopas,2,domicilio,60000,Sábado,sabado
2025-03-22,Mute,Sopas,19,mesa,30000,Sábado,sabado
2025-03-22,Mute,Sopas,16,domicilio,30000,Sábado,sabado
2025-03-22,Sancocho de Gallina,Sopas,11,mesa,60000,Sábado,sabado
2025-03-22,Sancocho de Gallina,Sopas,11,domicilio,60000,Sábado,sabado
2025-03-22,Frijoles con Pezuña,Sopas,3,mesa,50000,Sábado,sabado
2025-03-22,Frijoles con Pezuña,Sopas,3,domicilio,50000,Sábado,sabado
2025-03-22,Pata,Sopas,3,mesa,27000,Sábado,sabado
2025-03-22,Pata,Sopas,2,domicilio,27000,Sábado,sabado
2025-03-22,Cola de Buey,Sopas,4,mesa,60000,Sábado,sabado
2025-03-22,Cola de Buey,Sopas,7,domicilio,60000,Sábado,sabado
2025-03-22,Cazuela de Mariscos,Sopas,2,mesa,53000,Sábado,sabado
2025-03-22,Cazuela de Mariscos,Sopas,2,domicilio,53000,Sábado,sabado
2025-03-22,Carne Asada (Chatas),Carnes,16,mesa,56000,Sábado,sabado
2025-03-22,Carne Asada (Chatas),Carnes,12,domicilio,56000,Sábado,sabado
2025-03-22,Carne Oreada,Carnes,6,mesa,56000,Sábado,sabado
2025-03-22,Carne Oreada,Carnes,4,domicilio,56000,Sábado,sabado
2025-03-22,Cabro con Pepitoria,Carnes,13,mesa,56000,Sábado,sabado
2025-03-22,Cabro con Pepitoria,Carnes,14,domicilio,56000,Sábado,sabado
2025-03-22,Costillas de Cerdo,Carnes,8,mesa,54000,Sábado,sabado
2025-03-22,Costillas de Cerdo,Carnes,9,domicilio,54000,Sábado,sabado
2025-03-22,Lomo de Cerdo,Carnes,7,mesa,54000,Sábado,sabado
2025-03-22,Lomo de Cerdo,Carnes,6,domicilio,54000,Sábado,sabado
2025-03-22,Sobrebarriga,Carnes,16,mesa,54000,Sábado,sabado
2025-03-22,Sobrebarriga,Carnes,17,domicilio,54000,Sábado,sabado
2025-03-22,Pechuga Asada,Carnes,3,mesa,52000,Sábado,sabado
2025-03-22,Pechuga Asada,Carnes,7,domicilio,52000,Sábado,sabado
2025-03-22,Mojarra 2en1,Pescados,8,mesa,50000,Sábado,sabado
2025-03-22,Mojarra 2en1,Pescados,7,domicilio,50000,Sábado,sabado
2025-03-22,Trucha 2en1,Pescados,2,mesa,50000,Sábado,sabado
2025-03-22,Trucha 2en1,Pescados,2,domicilio,50000,Sábado,sabado
2025-03-22,Tierra Aire Mar,Pescados,1,mesa,90000,Sábado,sabado
2025-03-22,Tierra Aire Mar,Pescados,1,domicilio,90000,Sábado,sabado
2025-03-22,Arroz con Pollo,Arroces,15,mesa,45000,Sábado,sabado
2025-03-22,Arroz con Pollo,Arroces,11,domicilio,45000,Sábado,sabado
2025-03-22,Almuerzo Ejecutivo,Corrientes,40,domicilio,25000,Sábado,sabado
2025-03-23,Lengua en salsa,Sopas,5,mesa,60000,Domingo,domingo
2025-03-23,Lengua en salsa,Sopas,3,domicilio,60000,Domingo,domingo
2025-03-23,Mute,Sopas,33,mesa,30000,Domingo,domingo
2025-03-23,Mute,Sopas,33,domicilio,30000,Domingo,domingo
2025-03-23,Sancocho de Gallina,Sopas,23,mesa,60000,Domingo,domingo
2025-03-23,Sancocho de Gallina,Sopas,20,domicilio,60000,Domingo,domingo
2025-03-23,Pata,Sopas,5,mesa,27000,Domingo,domingo
2025-03-23,Pata,Sopas,3,domicilio,27000,Domingo,domingo
2025-03-23,Cola de Buey,Sopas,11,mesa,60000,Domingo,domingo
2025-03-23,Cola de Buey,Sopas,13,domicilio,60000,Domingo,domingo
2025-03-23,Cazuela de Mariscos,Sopas,3,mesa,53000,Domingo,domingo
2025-03-23,Cazuela de Mariscos,Sopas,3,domicilio,53000,Domingo,domingo
2025-03-23,Carne Asada (Chatas),Carnes,27,mesa,56000,Domingo,domingo
2025-03-23,Carne Asada (Chatas),Carnes,26,domicilio,56000,Domingo,domingo
2025-03-23,Carne Oreada,Carnes,11,mesa,56000,Domingo,domingo
2025-03-23,Carne Oreada,Carnes,7,domicilio,56000,Domingo,domingo
2025-03-23,Cabro con Pepitoria,Carnes,30,mesa,56000,Domingo,domingo
2025-03-23,Cabro con Pepitoria,Carnes,28,domicilio,56000,Domingo,domingo
2025-03-23,Costillas de Cerdo,Carnes,17,mesa,54000,Domingo,domingo
2025-03-23,Costillas de Cerdo,Carnes,16,domicilio,54000,Domingo,domingo
2025-03-23,Lomo de Cerdo,Carnes,13,mesa,54000,Domingo,domingo
2025-03-23,Lomo de Cerdo,Carnes,11,domicilio,54000,Domingo,domingo
2025-03-23,Sobrebarriga,Carnes,32,mesa,54000,Domingo,domingo
2025-03-23,Sobrebarriga,Carnes,25,domicilio,54000,Domingo,domingo
2025-03-23,Pechuga Asada,Carnes,9,mesa,52000,Domingo,domingo
2025-03-23,Pechuga Asada,Carnes,11,domicilio,52000,Domingo,domingo
2025-03-23,Mojarra 2en1,Pescados,15,mesa,50000,Domingo,domingo
2025-03-23,Mojarra 2en1,Pescados,13,domicilio,50000,Domingo,domingo
2025-03-23,Trucha 2en1,Pescados,3,mesa,50000,Domingo,domingo
2025-03-23,Trucha 2en1,Pescados,4,domicilio,50000,Domingo,domingo
2025-03-23,Tierra Aire Mar,Pescados,2,mesa,90000,Domingo,domingo
2025-03-23,Tierra Aire Mar,Pescados,2,domicilio,90000,Domingo,domingo
2025-03-23,Arroz con Pollo,Arroces,24,mesa,45000,Domingo,domingo
2025-03-23,Arroz con Pollo,Arroces,24,domicilio,45000,Domingo,domingo
2025-03-25,Lengua en salsa,Sopas,1,mesa,60000,Martes,entre_semana
2025-03-25,Lengua en salsa,Sopas,1,domicilio,60000,Martes,entre_semana
2025-03-25,Sancocho de Gallina,Sopas,3,mesa,60000,Martes,entre_semana
2025-03-25,Sancocho de Gallina,Sopas,3,domicilio,60000,Martes,entre_semana
2025-03-25,Frijoles con Pezuña,Sopas,3,mesa,50000,Martes,entre_semana
2025-03-25,Frijoles con Pezuña,Sopas,2,domicilio,50000,Martes,entre_semana
2025-03-25,Pata,Sopas,1,mesa,27000,Martes,entre_semana
2025-03-25,Pata,Sopas,1,domicilio,27000,Martes,entre_semana
2025-03-25,Cola de Buey,Sopas,3,mesa,60000,Martes,entre_semana
2025-03-25,Cola de Buey,Sopas,5,domicilio,60000,Martes,entre_semana
2025-03-25,Cazuela de Mariscos,Sopas,1,mesa,53000,Martes,entre_semana
2025-03-25,Cazuela de Mariscos,Sopas,1,domicilio,53000,Martes,entre_semana
2025-03-25,Carne Asada (Chatas),Carnes,10,mesa,56000,Martes,entre_semana
2025-03-25,Carne Asada (Chatas),Carnes,11,domicilio,56000,Martes,entre_semana
2025-03-25,Carne Oreada,Carnes,3,mesa,56000,Martes,entre_semana
2025-03-25,Carne Oreada,Carnes,2,domicilio,56000,Martes,entre_semana
2025-03-25,Cabro con Pepitoria,Carnes,9,mesa,56000,Martes,entre_semana
2025-03-25,Cabro con Pepitoria,Carnes,11,domicilio,56000,Martes,entre_semana
2025-03-25,Costillas de Cerdo,Carnes,6,mesa,54000,Martes,entre_semana
2025-03-25,Costillas de Cerdo,Carnes,7,domicilio,54000,Martes,entre_semana
2025-03-25,Lomo de Cerdo,Carnes,5,mesa,54000,Martes,entre_semana
2025-03-25,Lomo de Cerdo,Carnes,4,domicilio,54000,Martes,entre_semana
2025-03-25,Sobrebarriga,Carnes,12,mesa,54000,Martes,entre_semana
2025-03-25,Sobrebarriga,Carnes,11,domicilio,54000,Martes,entre_semana
2025-03-25,Pechuga Asada,Carnes,2,mesa,52000,Martes,entre_semana
2025-03-25,Pechuga Asada,Carnes,4,domicilio,52000,Martes,entre_semana
2025-03-25,Mojarra 2en1,Pescados,5,mesa,50000,Martes,entre_semana
2025-03-25,Mojarra 2en1,Pescados,5,domicilio,50000,Martes,entre_semana
2025-03-25,Trucha 2en1,Pescados,1,mesa,50000,Martes,entre_semana
2025-03-25,Trucha 2en1,Pescados,1,domicilio,50000,Martes,entre_semana
2025-03-25,Tierra Aire Mar,Pescados,1,domicilio,90000,Martes,entre_semana
2025-03-25,Arroz con Pollo,Arroces,7,mesa,45000,Martes,entre_semana
2025-03-25,Arroz con Pollo,Arroces,6,domicilio,45000,Martes,entre_semana
2025-03-25,Almuerzo Ejecutivo,Corrientes,39,mesa,25000,Martes,entre_semana
2025-03-25,Almuerzo Ejecutivo,Corrientes,52,domicilio,25000,Martes,entre_semana
2025-03-26,Lengua en salsa,Sopas,1,mesa,60000,Miércoles,entre_semana
2025-03-26,Lengua en salsa,Sopas,1,domicilio,60000,Miércoles,entre_semana
2025-03-26,Sancocho de Gallina,Sopas,3,mesa,60000,Miércoles,entre_semana
2025-03-26,Sancocho de Gallina,Sopas,3,domicilio,60000,Miércoles,entre_semana
2025-03-26,Frijoles con Pezuña,Sopas,3,mesa,50000,Miércoles,entre_semana
2025-03-26,Frijoles con Pezuña,Sopas,2,domicilio,50000,Miércoles,entre_semana
2025-03-26,Pata,Sopas,1,mesa,27000,Miércoles,entre_semana
2025-03-26,Pata,Sopas,1,domicilio,27000,Miércoles,entre_semana
2025-03-26,Cola de Buey,Sopas,3,mesa,60000,Miércoles,entre_semana
2025-03-26,Cola de Buey,Sopas,4,domicilio,60000,Miércoles,entre_semana
2025-03-26,Cazuela de Mariscos,Sopas,1,mesa,53000,Miércoles,entre_semana
2025-03-26,Cazuela de Mariscos,Sopas,1,domicilio,53000,Miércoles,entre_semana
2025-03-26,Carne Asada (Chatas),Carnes,10,mesa,56000,Miércoles,entre_semana
2025-03-26,Carne Asada (Chatas),Carnes,10,domicilio,56000,Miércoles,entre_semana
2025-03-26,Carne Oreada,Carnes,3,mesa,56000,Miércoles,entre_semana
2025-03-26,Carne Oreada,Carnes,3,domicilio,56000,Miércoles,entre_semana
2025-03-26,Cabro con Pepitoria,Carnes,10,mesa,56000,Miércoles,entre_semana
2025-03-26,Cabro con Pepitoria,Carnes,10,domicilio,56000,Miércoles,entre_semana
2025-03-26,Costillas de Cerdo,Carnes,6,mesa,54000,Miércoles,entre_semana
2025-03-26,Costillas de Cerdo,Carnes,5,domicilio,54000,Miércoles,entre_semana
2025-03-26,Lomo de Cerdo,Carnes,3,mesa,54000,Miércoles,entre_semana
2025-03-26,Lomo de Cerdo,Carnes,4,domicilio,54000,Miércoles,entre_semana
2025-03-26,Sobrebarriga,Carnes,9,mesa,54000,Miércoles,entre_semana
2025-03-26,Sobrebarriga,Carnes,11,domicilio,54000,Miércoles,entre_semana
2025-03-26,Pechuga Asada,Carnes,2,mesa,52000,Miércoles,entre_semana
2025-03-26,Pechuga Asada,Carnes,5,domicilio,52000,Miércoles,entre_semana
2025-03-26,Mojarra 2en1,Pescados,4,mesa,50000,Miércoles,entre_semana
2025-03-26,Mojarra 2en1,Pescados,4,domicilio,50000,Miércoles,entre_semana
2025-03-26,Trucha 2en1,Pescados,1,mesa,50000,Miércoles,entre_semana
2025-03-26,Trucha 2en1,Pescados,1,domicilio,50000,Miércoles,entre_semana
2025-03-26,Tierra Aire Mar,Pescados,1,domicilio,90000,Miércoles,entre_semana
2025-03-26,Arroz con Pollo,Arroces,8,mesa,45000,Miércoles,entre_semana
2025-03-26,Arroz con Pollo,Arroces,7,domicilio,45000,Miércoles,entre_semana
2025-03-26,Almuerzo Ejecutivo,Corrientes,47,mesa,25000,Miércoles,entre_semana
2025-03-26,Almuerzo Ejecutivo,Corrientes,50,domicilio,25000,Miércoles,entre_semana
2025-03-27,Lengua en salsa,Sopas,1,mesa,60000,Jueves,entre_semana
2025-03-27,Lengua en salsa,Sopas,1,domicilio,60000,Jueves,entre_semana
2025-03-27,Sancocho de Gallina,Sopas,3,mesa,60000,Jueves,entre_semana
2025-03-27,Sancocho de Gallina,Sopas,3,domicilio,60000,Jueves,entre_semana
2025-03-27,Frijoles con Pezuña,Sopas,3,mesa,50000,Jueves,entre_semana
2025-03-27,Frijoles con Pezuña,Sopas,2,domicilio,50000,Jueves,entre_semana
2025-03-27,Pata,Sopas,1,mesa,27000,Jueves,entre_semana
2025-03-27,Pata,Sopas,1,domicilio,27000,Jueves,entre_semana
2025-03-27,Cola de Buey,Sopas,3,mesa,60000,Jueves,entre_semana
2025-03-27,Cola de Buey,Sopas,4,domicilio,60000,Jueves,entre_semana
2025-03-27,Cazuela de Mariscos,Sopas,1,mesa,53000,Jueves,entre_semana
2025-03-27,Cazuela de Mariscos,Sopas,1,domicilio,53000,Jueves,entre_semana
2025-03-27,Carne Asada (Chatas),Carnes,10,mesa,56000,Jueves,entre_semana
2025-03-27,Carne Asada (Chatas),Carnes,9,domicilio,56000,Jueves,entre_semana
2025-03-27,Carne Oreada,Carnes,3,mesa,56000,Jueves,entre_semana
2025-03-27,Carne Oreada,Carnes,3,domicilio,56000,Jueves,entre_semana
2025-03-27,Cabro con Pepitoria,Carnes,10,mesa,56000,Jueves,entre_semana
2025-03-27,Cabro con Pepitoria,Carnes,7,domicilio,56000,Jueves,entre_semana
2025-03-27,Costillas de Cerdo,Carnes,6,mesa,54000,Jueves,entre_semana
2025-03-27,Costillas de Cerdo,Carnes,6,domicilio,54000,Jueves,entre_semana
2025-03-27,Lomo de Cerdo,Carnes,3,mesa,54000,Jueves,entre_semana
2025-03-27,Lomo de Cerdo,Carnes,4,domicilio,54000,Jueves,entre_semana
2025-03-27,Sobrebarriga,Carnes,11,mesa,54000,Jueves,entre_semana
2025-03-27,Sobrebarriga,Carnes,10,domicilio,54000,Jueves,entre_semana
2025-03-27,Pechuga Asada,Carnes,2,mesa,52000,Jueves,entre_semana
2025-03-27,Pechuga Asada,Carnes,4,domicilio,52000,Jueves,entre_semana
2025-03-27,Mojarra 2en1,Pescados,3,mesa,50000,Jueves,entre_semana
2025-03-27,Mojarra 2en1,Pescados,5,domicilio,50000,Jueves,entre_semana
2025-03-27,Trucha 2en1,Pescados,1,mesa,50000,Jueves,entre_semana
2025-03-27,Trucha 2en1,Pescados,1,domicilio,50000,Jueves,entre_semana
2025-03-27,Tierra Aire Mar,Pescados,1,domicilio,90000,Jueves,entre_semana
2025-03-27,Arroz con Pollo,Arroces,8,mesa,45000,Jueves,entre_semana
2025-03-27,Arroz con Pollo,Arroces,8,domicilio,45000,Jueves,entre_semana
2025-03-27,Almuerzo Ejecutivo,Corrientes,45,mesa,25000,Jueves,entre_semana
2025-03-27,Almuerzo Ejecutivo,Corrientes,53,domicilio,25000,Jueves,entre_semana
2025-03-28,Lengua en salsa,Sopas,1,mesa,60000,Viernes,entre_semana
2025-03-28,Lengua en salsa,Sopas,1,domicilio,60000,Viernes,entre_semana
2025-03-28,Sancocho de Gallina,Sopas,3,mesa,60000,Viernes,entre_semana
2025-03-28,Sancocho de Gallina,Sopas,3,domicilio,60000,Viernes,entre_semana
2025-03-28,Frijoles con Pezuña,Sopas,3,mesa,50000,Viernes,entre_semana
2025-03-28,Frijoles con Pezuña,Sopas,2,domicilio,50000,Viernes,entre_semana
2025-03-28,Pata,Sopas,1,mesa,27000,Viernes,entre_semana
2025-03-28,Pata,Sopas,1,domicilio,27000,Viernes,entre_semana
2025-03-28,Cola de Buey,Sopas,3,mesa,60000,Viernes,entre_semana
2025-03-28,Cola de Buey,Sopas,4,domicilio,60000,Viernes,entre_semana
2025-03-28,Cazuela de Mariscos,Sopas,1,mesa,53000,Viernes,entre_semana
2025-03-28,Cazuela de Mariscos,Sopas,1,domicilio,53000,Viernes,entre_semana
2025-03-28,Carne Asada (Chatas),Carnes,9,mesa,56000,Viernes,entre_semana
2025-03-28,Carne Asada (Chatas),Carnes,10,domicilio,56000,Viernes,entre_semana
2025-03-28,Carne Oreada,Carnes,4,mesa,56000,Viernes,entre_semana
2025-03-28,Carne Oreada,Carnes,3,domicilio,56000,Viernes,entre_semana
2025-03-28,Cabro con Pepitoria,Carnes,9,mesa,56000,Viernes,entre_semana
2025-03-28,Cabro con Pepitoria,Carnes,10,domicilio,56000,Viernes,entre_semana
2025-03-28,Costillas de Cerdo,Carnes,4,mesa,54000,Viernes,entre_semana
2025-03-28,Costillas de Cerdo,Carnes,6,domicilio,54000,Viernes,entre_semana
2025-03-28,Lomo de Cerdo,Carnes,5,mesa,54000,Viernes,entre_semana
2025-03-28,Lomo de Cerdo,Carnes,4,domicilio,54000,Viernes,entre_semana
2025-03-28,Sobrebarriga,Carnes,9,mesa,54000,Viernes,entre_semana
2025-03-28,Sobrebarriga,Carnes,11,domicilio,54000,Viernes,entre_semana
2025-03-28,Pechuga Asada,Carnes,2,mesa,52000,Viernes,entre_semana
2025-03-28,Pechuga Asada,Carnes,4,domicilio,52000,Viernes,entre_semana
2025-03-28,Mojarra 2en1,Pescados,3,mesa,50000,Viernes,entre_semana
2025-03-28,Mojarra 2en1,Pescados,4,domicilio,50000,Viernes,entre_semana
2025-03-28,Trucha 2en1,Pescados,1,mesa,50000,Viernes,entre_semana
2025-03-28,Trucha 2en1,Pescados,1,domicilio,50000,Viernes,entre_semana
2025-03-28,Tierra Aire Mar,Pescados,1,domicilio,90000,Viernes,entre_semana
2025-03-28,Arroz con Pollo,Arroces,9,mesa,45000,Viernes,entre_semana
2025-03-28,Arroz con Pollo,Arroces,7,domicilio,45000,Viernes,entre_semana
2025-03-28,Almuerzo Ejecutivo,Corrientes,42,mesa,25000,Viernes,entre_semana
2025-03-28,Almuerzo Ejecutivo,Corrientes,41,domicilio,25000,Viernes,entre_semana
2025-03-29,Lengua en salsa,Sopas,2,mesa,60000,Sábado,sabado
2025-03-29,Lengua en salsa,Sopas,2,domicilio,60000,Sábado,sabado
2025-03-29,Mute,Sopas,16,mesa,30000,Sábado,sabado
2025-03-29,Mute,Sopas,13,domicilio,30000,Sábado,sabado
2025-03-29,Sancocho de Gallina,Sopas,10,mesa,60000,Sábado,sabado
2025-03-29,Sancocho de Gallina,Sopas,9,domicilio,60000,Sábado,sabado
2025-03-29,Frijoles con Pezuña,Sopas,4,mesa,50000,Sábado,sabado
2025-03-29,Frijoles con Pezuña,Sopas,4,domicilio,50000,Sábado,sabado
2025-03-29,Pata,Sopas,3,mesa,27000,Sábado,sabado
2025-03-29,Pata,Sopas,2,domicilio,27000,Sábado,sabado
2025-03-29,Cola de Buey,Sopas,5,mesa,60000,Sábado,sabado
2025-03-29,Cola de Buey,Sopas,7,domicilio,60000,Sábado,sabado
2025-03-29,Cazuela de Mariscos,Sopas,2,mesa,53000,Sábado,sabado
2025-03-29,Cazuela de Mariscos,Sopas,2,domicilio,53000,Sábado,sabado
2025-03-29,Carne Asada (Chatas),Carnes,15,mesa,56000,Sábado,sabado
2025-03-29,Carne Asada (Chatas),Carnes,15,domicilio,56000,Sábado,sabado
2025-03-29,Carne Oreada,Carnes,6,mesa,56000,Sábado,sabado
2025-03-29,Carne Oreada,Carnes,4,domicilio,56000,Sábado,sabado
2025-03-29,Cabro con Pepitoria,Carnes,17,mesa,56000,Sábado,sabado
2025-03-29,Cabro con Pepitoria,Carnes,15,domicilio,56000,Sábado,sabado
2025-03-29,Costillas de Cerdo,Carnes,7,mesa,54000,Sábado,sabado
2025-03-29,Costillas de Cerdo,Carnes,11,domicilio,54000,Sábado,sabado
2025-03-29,Lomo de Cerdo,Carnes,8,mesa,54000,Sábado,sabado
2025-03-29,Lomo de Cerdo,Carnes,7,domicilio,54000,Sábado,sabado
2025-03-29,Sobrebarriga,Carnes,15,mesa,54000,Sábado,sabado
2025-03-29,Sobrebarriga,Carnes,15,domicilio,54000,Sábado,sabado
2025-03-29,Pechuga Asada,Carnes,3,mesa,52000,Sábado,sabado
2025-03-29,Pechuga Asada,Carnes,6,domicilio,52000,Sábado,sabado
2025-03-29,Mojarra 2en1,Pescados,7,mesa,50000,Sábado,sabado
2025-03-29,Mojarra 2en1,Pescados,8,domicilio,50000,Sábado,sabado
2025-03-29,Trucha 2en1,Pescados,2,mesa,50000,Sábado,sabado
2025-03-29,Trucha 2en1,Pescados,2,domicilio,50000,Sábado,sabado
2025-03-29,Tierra Aire Mar,Pescados,1,mesa,90000,Sábado,sabado
2025-03-29,Tierra Aire Mar,Pescados,1,domicilio,90000,Sábado,sabado
2025-03-29,Arroz con Pollo,Arroces,11,mesa,45000,Sábado,sabado
2025-03-29,Arroz con Pollo,Arroces,14,domicilio,45000,Sábado,sabado
2025-03-29,Almuerzo Ejecutivo,Corrientes,39,domicilio,25000,Sábado,sabado
2025-03-30,Lengua en salsa,Sopas,3,mesa,60000,Domingo,domingo
2025-03-30,Lengua en salsa,Sopas,4,domicilio,60000,Domingo,domingo
2025-03-30,Mute,Sopas,36,mesa,30000,Domingo,domingo
2025-03-30,Mute,Sopas,32,domicilio,30000,Domingo,domingo
2025-03-30,Sancocho de Gallina,Sopas,29,mesa,60000,Domingo,domingo
2025-03-30,Sancocho de Gallina,Sopas,23,domicilio,60000,Domingo,domingo
2025-03-30,Pata,Sopas,6,mesa,27000,Domingo,domingo
2025-03-30,Pata,Sopas,3,domicilio,27000,Domingo,domingo
2025-03-30,Cola de Buey,Sopas,9,mesa,60000,Domingo,domingo
2025-03-30,Cola de Buey,Sopas,14,domicilio,60000,Domingo,domingo
2025-03-30,Cazuela de Mariscos,Sopas,4,mesa,53000,Domingo,domingo
2025-03-30,Cazuela de Mariscos,Sopas,3,domicilio,53000,Domingo,domingo
2025-03-30,Carne Asada (Chatas),Carnes,32,mesa,56000,Domingo,domingo
2025-03-30,Carne Asada (Chatas),Carnes,24,domicilio,56000,Domingo,domingo
2025-03-30,Carne Oreada,Carnes,12,mesa,56000,Domingo,domingo
2025-03-30,Carne Oreada,Carnes,9,domicilio,56000,Domingo,domingo
2025-03-30,Cabro con Pepitoria,Carnes,28,mesa,56000,Domingo,domingo
2025-03-30,Cabro con Pepitoria,Carnes,30,domicilio,56000,Domingo,domingo
2025-03-30,Costillas de Cerdo,Carnes,15,mesa,54000,Domingo,domingo
2025-03-30,Costillas de Cerdo,Carnes,22,domicilio,54000,Domingo,domingo
2025-03-30,Lomo de Cerdo,Carnes,14,mesa,54000,Domingo,domingo
2025-03-30,Lomo de Cerdo,Carnes,11,domicilio,54000,Domingo,domingo
2025-03-30,Sobrebarriga,Carnes,32,mesa,54000,Domingo,domingo
2025-03-30,Sobrebarriga,Carnes,31,domicilio,54000,Domingo,domingo
2025-03-30,Pechuga Asada,Carnes,9,mesa,52000,Domingo,domingo
2025-03-30,Pechuga Asada,Carnes,13,domicilio,52000,Domingo,domingo
2025-03-30,Mojarra 2en1,Pescados,14,mesa,50000,Domingo,domingo
2025-03-30,Mojarra 2en1,Pescados,14,domicilio,50000,Domingo,domingo
2025-03-30,Trucha 2en1,Pescados,3,mesa,50000,Domingo,domingo
2025-03-30,Trucha 2en1,Pescados,4,domicilio,50000,Domingo,domingo
2025-03-30,Tierra Aire Mar,Pescados,2,mesa,90000,Domingo,domingo
2025-03-30,Tierra Aire Mar,Pescados,2,domicilio,90000,Domingo,domingo
2025-03-30,Arroz con Pollo,Arroces,26,mesa,45000,Domingo,domingo
2025-03-30,Arroz con Pollo,Arroces,30,domicilio,45000,Domingo,domingo
